sid,timestamp,hursat_file,ibtracs_time,match_hours,target,target_name,satellite_source,satellite_quality,era5_available,split
2010136N09057,2010-05-19T06:00:00,E:\Cyclone-x-prototype\datas\HURSAT_NI\2010\2010136N09057\2010136N09057.BANDU.2010.05.19.0600.14.MET-7.026.hursat-b1.v06.nc,2010-05-19T09:00:00,3.0,0,Depression / Weak System,HURSAT-B1 IRWIN/rad10,1.0,0,train
2010136N09057,2010-05-19T06:00:00,E:\Cyclone-x-prototype\datas\HURSAT_NI\2010\2010136N09057\2010136N09057.BANDU.2010.05.19.0600.58.FY2-E.026.hursat-b1.v06.nc,2010-05-19T09:00:00,3.0,0,Depression / Weak System,HURSAT-B1 IRWIN/rad10,1.0,0,train
2010136N09057,2010-05-19T06:00:00,E:\Cyclone-x-prototype\datas\HURSAT_NI\2010\2010136N09057\2010136N09057.BANDU.2010.05.19.0600.63.MSG-2.026.hursat-b1.v06.nc,2010-05-19T09:00:00,3.0,0,Depression / Weak System,HURSAT-B1 IRWIN/rad10,1.0,0,train
2010136N09057,2010-05-19T09:00:00,E:\Cyclone-x-prototype\datas\HURSAT_NI\2010\2010136N09057\2010136N09057.BANDU.2010.05.19.0900.14.MET-7.027.hursat-b1.v06.nc,2010-05-19T09:00:00,0.0,0,Depression / Weak System,HURSAT-B1 IRWIN/rad10,1.0,0,train
2010136N09057,2010-05-19T09:00:00,E:\Cyclone-x-prototype\datas\HURSAT_NI\2010\2010136N09057\2010136N09057.BANDU.2010.05.19.0900.59.FY2-E.027.hursat-b1.v06.nc,2010-05-19T09:00:00,0.0,0,Depression / Weak System,HURSAT-B1 IRWIN/rad10,1.0,0,train
2010136N09057,2010-05-19T09:00:00,E:\Cyclone-x-prototype\datas\HURSAT_NI\2010\2010136N09057\2010136N09057.BANDU.2010.05.19.0900.63.MSG-2.027.hursat-b1.v06.nc,2010-05-19T09:00:00,0.0,0,Depression / Weak System,HURSAT-B1 IRWIN/rad10,1.0,0,train
2010136N09057,2010-05-19T12:00:00,E:\Cyclone-x-prototype\datas\HURSAT_NI\2010\2010136N09057\2010136N09057.BANDU.2010.05.19.1200.14.MET-7.028.hursat-b1.v06.nc,2010-05-19T12:00:00,0.0,0,Depression / Weak System,HURSAT-B1 IRWIN/rad10,1.0,0,train
2010136N09057,2010-05-19T12:00:00,E:\Cyclone-x-prototype\datas\HURSAT_NI\2010\2010136N09057\2010136N09057.BANDU.2010.05.19.1200.59.FY2-E.028.hursat-b1.v06.nc,2010-05-19T12:00:00,0.0,0,Depression / Weak System,HURSAT-B1 IRWIN/rad10,1.0,0,train
2010136N09057,2010-05-19T12:00:00,E:\Cyclone-x-prototype\datas\HURSAT_NI\2010\2010136N09057\2010136N09057.BANDU.2010.05.19.1200.62.MSG-2.028.hursat-b1.v06.nc,2010-05-19T12:00:00,0.0,0,Depression / Weak System,HURSAT-B1 IRWIN/rad10,1.0,0,train
2010136N09057,2010-05-19T15:00:00,E:\Cyclone-x-prototype\datas\HURSAT_NI\2010\2010136N09057\2010136N09057.BANDU.2010.05.19.1500.14.MET-7.029.hursat-b1.v06.nc,2010-05-19T15:00:00,0.0,0,Depression / Weak System,HURSAT-B1 IRWIN/rad10,1.0,0,train
2010136N09057,2010-05-19T15:00:00,E:\Cyclone-x-prototype\datas\HURSAT_NI\2010\2010136N09057\2010136N09057.BANDU.2010.05.19.1500.59.FY2-E.029.hursat-b1.v06.nc,2010-05-19T15:00:00,0.0,0,Depression / Weak System,HURSAT-B1 IRWIN/rad10,1.0,0,train
2010136N09057,2010-05-19T15:00:00,E:\Cyclone-x-prototype\datas\HURSAT_NI\2010\2010136N09057\2010136N09057.BANDU.2010.05.19.1500.62.MSG-2.029.hursat-b1.v06.nc,2010-05-19T15:00:00,0.0,0,Depression / Weak System,HURSAT-B1 IRWIN/rad10,1.0,0,train
2010136N09057,2010-05-19T18:00:00,E:\Cyclone-x-prototype\datas\HURSAT_NI\2010\2010136N09057\2010136N09057.BANDU.2010.05.19.1800.14.MET-7.030.hursat-b1.v06.nc,2010-05-19T18:00:00,0.0,0,Depression / Weak System,HURSAT-B1 IRWIN/rad10,1.0,0,train
2010136N09057,2010-05-19T18:00:00,E:\Cyclone-x-prototype\datas\HURSAT_NI\2010\2010136N09057\2010136N09057.BANDU.2010.05.19.1800.59.FY2-E.030.hursat-b1.v06.nc,2010-05-19T18:00:00,0.0,0,Depression / Weak System,HURSAT-B1 IRWIN/rad10,1.0,0,train
2010136N09057,2010-05-19T18:00:00,E:\Cyclone-x-prototype\datas\HURSAT_NI\2010\2010136N09057\2010136N09057.BANDU.2010.05.19.1800.62.MSG-2.030.hursat-b1.v06.nc,2010-05-19T18:00:00,0.0,0,Depression / Weak System,HURSAT-B1 IRWIN/rad10,1.0,0,train
2010136N09057,2010-05-19T21:00:00,E:\Cyclone-x-prototype\datas\HURSAT_NI\2010\2010136N09057\2010136N09057.BANDU.2010.05.19.2100.14.MET-7.032.hursat-b1.v06.nc,2010-05-19T21:00:00,0.0,0,Depression / Weak System,HURSAT-B1 IRWIN/rad10,1.0,0,train
2010136N09057,2010-05-19T21:00:00,E:\Cyclone-x-prototype\datas\HURSAT_NI\2010\2010136N09057\2010136N09057.BANDU.2010.05.19.2100.60.FY2-E.032.hursat-b1.v06.nc,2010-05-19T21:00:00,0.0,0,Depression / Weak System,HURSAT-B1 IRWIN/rad10,1.0,0,train
2010136N09057,2010-05-19T21:00:00,E:\Cyclone-x-prototype\datas\HURSAT_NI\2010\2010136N09057\2010136N09057.BANDU.2010.05.19.2100.62.MSG-2.032.hursat-b1.v06.nc,2010-05-19T21:00:00,0.0,0,Depression / Weak System,HURSAT-B1 IRWIN/rad10,1.0,0,train
2010136N09057,2010-05-20T00:00:00,E:\Cyclone-x-prototype\datas\HURSAT_NI\2010\2010136N09057\2010136N09057.BANDU.2010.05.20.0000.15.MET-7.033.hursat-b1.v06.nc,2010-05-20T00:00:00,0.0,0,Depression / Weak System,HURSAT-B1 IRWIN/rad10,1.0,0,train
2010136N09057,2010-05-20T00:00:00,E:\Cyclone-x-prototype\datas\HURSAT_NI\2010\2010136N09057\2010136N09057.BANDU.2010.05.20.0000.60.FY2-E.033.hursat-b1.v06.nc,2010-05-20T00:00:00,0.0,0,Depression / Weak System,HURSAT-B1 IRWIN/rad10,1.0,0,train
2010136N09057,2010-05-20T00:00:00,E:\Cyclone-x-prototype\datas\HURSAT_NI\2010\2010136N09057\2010136N09057.BANDU.2010.05.20.0000.62.MSG-2.033.hursat-b1.v06.nc,2010-05-20T00:00:00,0.0,0,Depression / Weak System,HURSAT-B1 IRWIN/rad10,1.0,0,train
2010136N09057,2010-05-20T03:00:00,E:\Cyclone-x-prototype\datas\HURSAT_NI\2010\2010136N09057\2010136N09057.BANDU.2010.05.20.0300.15.MET-7.033.hursat-b1.v06.nc,2010-05-20T03:00:00,0.0,0,Depression / Weak System,HURSAT-B1 IRWIN/rad10,1.0,0,train
2010136N09057,2010-05-20T03:00:00,E:\Cyclone-x-prototype\datas\HURSAT_NI\2010\2010136N09057\2010136N09057.BANDU.2010.05.20.0300.60.FY2-E.033.hursat-b1.v06.nc,2010-05-20T03:00:00,0.0,0,Depression / Weak System,HURSAT-B1 IRWIN/rad10,1.0,0,train
2010136N09057,2010-05-20T03:00:00,E:\Cyclone-x-prototype\datas\HURSAT_NI\2010\2010136N09057\2010136N09057.BANDU.2010.05.20.0300.62.MSG-2.033.hursat-b1.v06.nc,2010-05-20T03:00:00,0.0,0,Depression / Weak System,HURSAT-B1 IRWIN/rad10,1.0,0,train
2010136N09057,2010-05-20T06:00:00,E:\Cyclone-x-prototype\datas\HURSAT_NI\2010\2010136N09057\2010136N09057.BANDU.2010.05.20.0600.15.MET-7.033.hursat-b1.v06.nc,2010-05-20T06:00:00,0.0,0,Depression / Weak System,HURSAT-B1 IRWIN/rad10,1.0,0,train
2010136N09057,2010-05-20T06:00:00,E:\Cyclone-x-prototype\datas\HURSAT_NI\2010\2010136N09057\2010136N09057.BANDU.2010.05.20.0600.60.FY2-E.033.hursat-b1.v06.nc,2010-05-20T06:00:00,0.0,0,Depression / Weak System,HURSAT-B1 IRWIN/rad10,1.0,0,train
2010136N09057,2010-05-20T06:00:00,E:\Cyclone-x-prototype\datas\HURSAT_NI\2010\2010136N09057\2010136N09057.BANDU.2010.05.20.0600.62.MSG-2.033.hursat-b1.v06.nc,2010-05-20T06:00:00,0.0,0,Depression / Weak System,HURSAT-B1 IRWIN/rad10,1.0,0,train
2010136N09057,2010-05-20T09:00:00,E:\Cyclone-x-prototype\datas\HURSAT_NI\2010\2010136N09057\2010136N09057.BANDU.2010.05.20.0900.15.MET-7.034.hursat-b1.v06.nc,2010-05-20T09:00:00,0.0,0,Depression / Weak System,HURSAT-B1 IRWIN/rad10,1.0,0,train
2010136N09057,2010-05-20T09:00:00,E:\Cyclone-x-prototype\datas\HURSAT_NI\2010\2010136N09057\2010136N09057.BANDU.2010.05.20.0900.60.FY2-E.034.hursat-b1.v06.nc,2010-05-20T09:00:00,0.0,0,Depression / Weak System,HURSAT-B1 IRWIN/rad10,1.0,0,train
2010136N09057,2010-05-20T09:00:00,E:\Cyclone-x-prototype\datas\HURSAT_NI\2010\2010136N09057\2010136N09057.BANDU.2010.05.20.0900.62.MSG-2.034.hursat-b1.v06.nc,2010-05-20T09:00:00,0.0,0,Depression / Weak System,HURSAT-B1 IRWIN/rad10,1.0,0,train
2010136N09057,2010-05-20T12:00:00,E:\Cyclone-x-prototype\datas\HURSAT_NI\2010\2010136N09057\2010136N09057.BANDU.2010.05.20.1200.15.MET-7.035.hursat-b1.v06.nc,2010-05-20T12:00:00,0.0,0,Depression / Weak System,HURSAT-B1 IRWIN/rad10,1.0,0,train
2010136N09057,2010-05-20T12:00:00,E:\Cyclone-x-prototype\datas\HURSAT_NI\2010\2010136N09057\2010136N09057.BANDU.2010.05.20.1200.60.FY2-E.035.hursat-b1.v06.nc,2010-05-20T12:00:00,0.0,0,Depression / Weak System,HURSAT-B1 IRWIN/rad10,1.0,0,train
2010136N09057,2010-05-20T12:00:00,E:\Cyclone-x-prototype\datas\HURSAT_NI\2010\2010136N09057\2010136N09057.BANDU.2010.05.20.1200.61.MSG-2.035.hursat-b1.v06.nc,2010-05-20T12:00:00,0.0,0,Depression / Weak System,HURSAT-B1 IRWIN/rad10,1.0,0,train
2010136N09057,2010-05-20T15:00:00,E:\Cyclone-x-prototype\datas\HURSAT_NI\2010\2010136N09057\2010136N09057.BANDU.2010.05.20.1500.16.MET-7.035.hursat-b1.v06.nc,2010-05-20T12:00:00,3.0,0,Depression / Weak System,HURSAT-B1 IRWIN/rad10,1.0,0,train
2010136N09057,2010-05-20T15:00:00,E:\Cyclone-x-prototype\datas\HURSAT_NI\2010\2010136N09057\2010136N09057.BANDU.2010.05.20.1500.61.FY2-E.035.hursat-b1.v06.nc,2010-05-20T12:00:00,3.0,0,Depression / Weak System,HURSAT-B1 IRWIN/rad10,1.0,0,train
2010136N09057,2010-05-20T15:00:00,E:\Cyclone-x-prototype\datas\HURSAT_NI\2010\2010136N09057\2010136N09057.BANDU.2010.05.20.1500.61.MSG-2.035.hursat-b1.v06.nc,2010-05-20T12:00:00,3.0,0,Depression / Weak System,HURSAT-B1 IRWIN/rad10,1.0,0,train
2010136N09057,2010-05-20T18:00:00,E:\Cyclone-x-prototype\datas\HURSAT_NI\2010\2010136N09057\2010136N09057.BANDU.2010.05.20.1800.16.MET-7.035.hursat-b1.v06.nc,2010-05-20T18:00:00,0.0,0,Depression / Weak System,HURSAT-B1 IRWIN/rad10,1.0,0,train
2010136N09057,2010-05-20T18:00:00,E:\Cyclone-x-prototype\datas\HURSAT_NI\2010\2010136N09057\2010136N09057.BANDU.2010.05.20.1800.61.FY2-E.035.hursat-b1.v06.nc,2010-05-20T18:00:00,0.0,0,Depression / Weak System,HURSAT-B1 IRWIN/rad10,1.0,0,train
2010136N09057,2010-05-20T18:00:00,E:\Cyclone-x-prototype\datas\HURSAT_NI\2010\2010136N09057\2010136N09057.BANDU.2010.05.20.1800.61.MSG-2.035.hursat-b1.v06.nc,2010-05-20T18:00:00,0.0,0,Depression / Weak System,HURSAT-B1 IRWIN/rad10,1.0,0,train
2010136N09057,2010-05-20T21:00:00,E:\Cyclone-x-prototype\datas\HURSAT_NI\2010\2010136N09057\2010136N09057.BANDU.2010.05.20.2100.16.MET-7.035.hursat-b1.v06.nc,2010-05-20T18:00:00,3.0,0,Depression / Weak System,HURSAT-B1 IRWIN/rad10,1.0,0,train
2010136N09057,2010-05-20T21:00:00,E:\Cyclone-x-prototype\datas\HURSAT_NI\2010\2010136N09057\2010136N09057.BANDU.2010.05.20.2100.61.FY2-E.035.hursat-b1.v06.nc,2010-05-20T18:00:00,3.0,0,Depression / Weak System,HURSAT-B1 IRWIN/rad10,1.0,0,train
2010136N09057,2010-05-20T21:00:00,E:\Cyclone-x-prototype\datas\HURSAT_NI\2010\2010136N09057\2010136N09057.BANDU.2010.05.20.2100.61.MSG-2.035.hursat-b1.v06.nc,2010-05-20T18:00:00,3.0,0,Depression / Weak System,HURSAT-B1 IRWIN/rad10,1.0,0,train
2010136N09057,2010-05-21T00:00:00,E:\Cyclone-x-prototype\datas\HURSAT_NI\2010\2010136N09057\2010136N09057.BANDU.2010.05.21.0000.16.MET-7.035.hursat-b1.v06.nc,2010-05-21T00:00:00,0.0,0,Depression / Weak System,HURSAT-B1 IRWIN/rad10,1.0,0,train
2010136N09057,2010-05-21T00:00:00,E:\Cyclone-x-prototype\datas\HURSAT_NI\2010\2010136N09057\2010136N09057.BANDU.2010.05.21.0000.61.FY2-E.035.hursat-b1.v06.nc,2010-05-21T00:00:00,0.0,0,Depression / Weak System,HURSAT-B1 IRWIN/rad10,1.0,0,train
2010136N09057,2010-05-21T00:00:00,E:\Cyclone-x-prototype\datas\HURSAT_NI\2010\2010136N09057\2010136N09057.BANDU.2010.05.21.0000.61.MSG-2.035.hursat-b1.v06.nc,2010-05-21T00:00:00,0.0,0,Depression / Weak System,HURSAT-B1 IRWIN/rad10,1.0,0,train
2010136N09057,2010-05-21T03:00:00,E:\Cyclone-x-prototype\datas\HURSAT_NI\2010\2010136N09057\2010136N09057.BANDU.2010.05.21.0300.16.MET-7.037.hursat-b1.v06.nc,2010-05-21T03:00:00,0.0,0,Depression / Weak System,HURSAT-B1 IRWIN/rad10,1.0,0,train
2010136N09057,2010-05-21T03:00:00,E:\Cyclone-x-prototype\datas\HURSAT_NI\2010\2010136N09057\2010136N09057.BANDU.2010.05.21.0300.61.FY2-E.037.hursat-b1.v06.nc,2010-05-21T03:00:00,0.0,0,Depression / Weak System,HURSAT-B1 IRWIN/rad10,1.0,0,train
2010136N09057,2010-05-21T03:00:00,E:\Cyclone-x-prototype\datas\HURSAT_NI\2010\2010136N09057\2010136N09057.BANDU.2010.05.21.0300.61.MSG-2.037.hursat-b1.v06.nc,2010-05-21T03:00:00,0.0,0,Depression / Weak System,HURSAT-B1 IRWIN/rad10,1.0,0,train
2010136N09057,2010-05-21T06:00:00,E:\Cyclone-x-prototype\datas\HURSAT_NI\2010\2010136N09057\2010136N09057.BANDU.2010.05.21.0600.16.MET-7.039.hursat-b1.v06.nc,2010-05-21T06:00:00,0.0,0,Depression / Weak System,HURSAT-B1 IRWIN/rad10,1.0,0,train
2010136N09057,2010-05-21T06:00:00,E:\Cyclone-x-prototype\datas\HURSAT_NI\2010\2010136N09057\2010136N09057.BANDU.2010.05.21.0600.61.FY2-E.039.hursat-b1.v06.nc,2010-05-21T06:00:00,0.0,0,Depression / Weak System,HURSAT-B1 IRWIN/rad10,1.0,0,train
2010136N09057,2010-05-21T06:00:00,E:\Cyclone-x-prototype\datas\HURSAT_NI\2010\2010136N09057\2010136N09057.BANDU.2010.05.21.0600.61.MSG-2.039.hursat-b1.v06.nc,2010-05-21T06:00:00,0.0,0,Depression / Weak System,HURSAT-B1 IRWIN/rad10,1.0,0,train
2010136N09057,2010-05-21T09:00:00,E:\Cyclone-x-prototype\datas\HURSAT_NI\2010\2010136N09057\2010136N09057.BANDU.2010.05.21.0900.16.MET-7.042.hursat-b1.v06.nc,2010-05-21T09:00:00,0.0,0,Depression / Weak System,HURSAT-B1 IRWIN/rad10,1.0,0,train
2010136N09057,2010-05-21T09:00:00,E:\Cyclone-x-prototype\datas\HURSAT_NI\2010\2010136N09057\2010136N09057.BANDU.2010.05.21.0900.61.FY2-E.042.hursat-b1.v06.nc,2010-05-21T09:00:00,0.0,0,Depression / Weak System,HURSAT-B1 IRWIN/rad10,1.0,0,train
2010136N09057,2010-05-21T09:00:00,E:\Cyclone-x-prototype\datas\HURSAT_NI\2010\2010136N09057\2010136N09057.BANDU.2010.05.21.0900.61.MSG-2.042.hursat-b1.v06.nc,2010-05-21T09:00:00,0.0,0,Depression / Weak System,HURSAT-B1 IRWIN/rad10,1.0,0,train
2010136N09057,2010-05-21T12:00:00,E:\Cyclone-x-prototype\datas\HURSAT_NI\2010\2010136N09057\2010136N09057.BANDU.2010.05.21.1200.16.MET-7.044.hursat-b1.v06.nc,2010-05-21T12:00:00,0.0,1,Cyclonic Storm,HURSAT-B1 IRWIN/rad10,1.0,0,train
2010136N09057,2010-05-21T12:00:00,E:\Cyclone-x-prototype\datas\HURSAT_NI\2010\2010136N09057\2010136N09057.BANDU.2010.05.21.1200.61.FY2-E.044.hursat-b1.v06.nc,2010-05-21T12:00:00,0.0,1,Cyclonic Storm,HURSAT-B1 IRWIN/rad10,1.0,0,train
2010136N09057,2010-05-21T12:00:00,E:\Cyclone-x-prototype\datas\HURSAT_NI\2010\2010136N09057\2010136N09057.BANDU.2010.05.21.1200.61.MSG-2.044.hursat-b1.v06.nc,2010-05-21T12:00:00,0.0,1,Cyclonic Storm,HURSAT-B1 IRWIN/rad10,1.0,0,train
2010136N09057,2010-05-21T15:00:00,E:\Cyclone-x-prototype\datas\HURSAT_NI\2010\2010136N09057\2010136N09057.BANDU.2010.05.21.1500.16.MET-7.043.hursat-b1.v06.nc,2010-05-21T15:00:00,0.0,1,Cyclonic Storm,HURSAT-B1 IRWIN/rad10,1.0,0,train
2010136N09057,2010-05-21T15:00:00,E:\Cyclone-x-prototype\datas\HURSAT_NI\2010\2010136N09057\2010136N09057.BANDU.2010.05.21.1500.61.FY2-E.043.hursat-b1.v06.nc,2010-05-21T15:00:00,0.0,1,Cyclonic Storm,HURSAT-B1 IRWIN/rad10,1.0,0,train
2010136N09057,2010-05-21T15:00:00,E:\Cyclone-x-prototype\datas\HURSAT_NI\2010\2010136N09057\2010136N09057.BANDU.2010.05.21.1500.61.MSG-2.043.hursat-b1.v06.nc,2010-05-21T15:00:00,0.0,1,Cyclonic Storm,HURSAT-B1 IRWIN/rad10,1.0,0,train
2010136N09057,2010-05-21T18:00:00,E:\Cyclone-x-prototype\datas\HURSAT_NI\2010\2010136N09057\2010136N09057.BANDU.2010.05.21.1800.16.MET-7.042.hursat-b1.v06.nc,2010-05-21T18:00:00,0.0,1,Cyclonic Storm,HURSAT-B1 IRWIN/rad10,1.0,0,train
2010136N09057,2010-05-21T18:00:00,E:\Cyclone-x-prototype\datas\HURSAT_NI\2010\2010136N09057\2010136N09057.BANDU.2010.05.21.1800.61.FY2-E.042.hursat-b1.v06.nc,2010-05-21T18:00:00,0.0,1,Cyclonic Storm,HURSAT-B1 IRWIN/rad10,1.0,0,train
2010136N09057,2010-05-21T18:00:00,E:\Cyclone-x-prototype\datas\HURSAT_NI\2010\2010136N09057\2010136N09057.BANDU.2010.05.21.1800.61.MSG-2.042.hursat-b1.v06.nc,2010-05-21T18:00:00,0.0,1,Cyclonic Storm,HURSAT-B1 IRWIN/rad10,1.0,0,train
2010136N09057,2010-05-21T21:00:00,E:\Cyclone-x-prototype\datas\HURSAT_NI\2010\2010136N09057\2010136N09057.BANDU.2010.05.21.2100.16.MET-7.041.hursat-b1.v06.nc,2010-05-21T21:00:00,0.0,1,Cyclonic Storm,HURSAT-B1 IRWIN/rad10,1.0,0,train
2010136N09057,2010-05-21T21:00:00,E:\Cyclone-x-prototype\datas\HURSAT_NI\2010\2010136N09057\2010136N09057.BANDU.2010.05.21.2100.60.MSG-2.041.hursat-b1.v06.nc,2010-05-21T21:00:00,0.0,1,Cyclonic Storm,HURSAT-B1 IRWIN/rad10,1.0,0,train
2010136N09057,2010-05-21T21:00:00,E:\Cyclone-x-prototype\datas\HURSAT_NI\2010\2010136N09057\2010136N09057.BANDU.2010.05.21.2100.62.FY2-E.041.hursat-b1.v06.nc,2010-05-21T21:00:00,0.0,1,Cyclonic Storm,HURSAT-B1 IRWIN/rad10,1.0,0,train
2010136N09057,2010-05-22T00:00:00,E:\Cyclone-x-prototype\datas\HURSAT_NI\2010\2010136N09057\2010136N09057.BANDU.2010.05.22.0000.16.MET-7.040.hursat-b1.v06.nc,2010-05-22T00:00:00,0.0,1,Cyclonic Storm,HURSAT-B1 IRWIN/rad10,1.0,0,train
2010136N09057,2010-05-22T00:00:00,E:\Cyclone-x-prototype\datas\HURSAT_NI\2010\2010136N09057\2010136N09057.BANDU.2010.05.22.0000.60.MSG-2.040.hursat-b1.v06.nc,2010-05-22T00:00:00,0.0,1,Cyclonic Storm,HURSAT-B1 IRWIN/rad10,1.0,0,train
2010136N09057,2010-05-22T00:00:00,E:\Cyclone-x-prototype\datas\HURSAT_NI\2010\2010136N09057\2010136N09057.BANDU.2010.05.22.0000.62.FY2-E.040.hursat-b1.v06.nc,2010-05-22T00:00:00,0.0,1,Cyclonic Storm,HURSAT-B1 IRWIN/rad10,1.0,0,train
2010136N09057,2010-05-22T03:00:00,E:\Cyclone-x-prototype\datas\HURSAT_NI\2010\2010136N09057\2010136N09057.BANDU.2010.05.22.0300.16.MET-7.039.hursat-b1.v06.nc,2010-05-22T03:00:00,0.0,1,Cyclonic Storm,HURSAT-B1 IRWIN/rad10,1.0,0,train
2010136N09057,2010-05-22T03:00:00,E:\Cyclone-x-prototype\datas\HURSAT_NI\2010\2010136N09057\2010136N09057.BANDU.2010.05.22.0300.60.MSG-2.039.hursat-b1.v06.nc,2010-05-22T03:00:00,0.0,1,Cyclonic Storm,HURSAT-B1 IRWIN/rad10,1.0,0,train
2010136N09057,2010-05-22T03:00:00,E:\Cyclone-x-prototype\datas\HURSAT_NI\2010\2010136N09057\2010136N09057.BANDU.2010.05.22.0300.62.FY2-E.039.hursat-b1.v06.nc,2010-05-22T03:00:00,0.0,1,Cyclonic Storm,HURSAT-B1 IRWIN/rad10,1.0,0,train
2010136N09057,2010-05-22T06:00:00,E:\Cyclone-x-prototype\datas\HURSAT_NI\2010\2010136N09057\2010136N09057.BANDU.2010.05.22.0600.16.MET-7.038.hursat-b1.v06.nc,2010-05-22T06:00:00,0.0,1,Cyclonic Storm,HURSAT-B1 IRWIN/rad10,1.0,0,train
2010136N09057,2010-05-22T06:00:00,E:\Cyclone-x-prototype\datas\HURSAT_NI\2010\2010136N09057\2010136N09057.BANDU.2010.05.22.0600.60.MSG-2.038.hursat-b1.v06.nc,2010-05-22T06:00:00,0.0,1,Cyclonic Storm,HURSAT-B1 IRWIN/rad10,1.0,0,train
2010136N09057,2010-05-22T06:00:00,E:\Cyclone-x-prototype\datas\HURSAT_NI\2010\2010136N09057\2010136N09057.BANDU.2010.05.22.0600.62.FY2-E.038.hursat-b1.v06.nc,2010-05-22T06:00:00,0.0,1,Cyclonic Storm,HURSAT-B1 IRWIN/rad10,1.0,0,train
2010136N09057,2010-05-22T09:00:00,E:\Cyclone-x-prototype\datas\HURSAT_NI\2010\2010136N09057\2010136N09057.BANDU.2010.05.22.0900.17.MET-7.034.hursat-b1.v06.nc,2010-05-22T09:00:00,0.0,1,Cyclonic Storm,HURSAT-B1 IRWIN/rad10,1.0,0,train
2010136N09057,2010-05-22T09:00:00,E:\Cyclone-x-prototype\datas\HURSAT_NI\2010\2010136N09057\2010136N09057.BANDU.2010.05.22.0900.60.MSG-2.034.hursat-b1.v06.nc,2010-05-22T09:00:00,0.0,1,Cyclonic Storm,HURSAT-B1 IRWIN/rad10,1.0,0,train
2010136N09057,2010-05-22T09:00:00,E:\Cyclone-x-prototype\datas\HURSAT_NI\2010\2010136N09057\2010136N09057.BANDU.2010.05.22.0900.62.FY2-E.034.hursat-b1.v06.nc,2010-05-22T09:00:00,0.0,1,Cyclonic Storm,HURSAT-B1 IRWIN/rad10,1.0,0,train
2010136N09057,2010-05-22T12:00:00,E:\Cyclone-x-prototype\datas\HURSAT_NI\2010\2010136N09057\2010136N09057.BANDU.2010.05.22.1200.17.MET-7.030.hursat-b1.v06.nc,2010-05-22T12:00:00,0.0,0,Depression / Weak System,HURSAT-B1 IRWIN/rad10,1.0,0,train
2010136N09057,2010-05-22T12:00:00,E:\Cyclone-x-prototype\datas\HURSAT_NI\2010\2010136N09057\2010136N09057.BANDU.2010.05.22.1200.59.MSG-2.030.hursat-b1.v06.nc,2010-05-22T12:00:00,0.0,0,Depression / Weak System,HURSAT-B1 IRWIN/rad10,1.0,0,train
2010136N09057,2010-05-22T12:00:00,E:\Cyclone-x-prototype\datas\HURSAT_NI\2010\2010136N09057\2010136N09057.BANDU.2010.05.22.1200.62.FY2-E.030.hursat-b1.v06.nc,2010-05-22T12:00:00,0.0,0,Depression / Weak System,HURSAT-B1 IRWIN/rad10,1.0,0,train
2010136N09057,2010-05-22T15:00:00,E:\Cyclone-x-prototype\datas\HURSAT_NI\2010\2010136N09057\2010136N09057.BANDU.2010.05.22.1500.17.MET-7.028.hursat-b1.v06.nc,2010-05-22T12:00:00,3.0,0,Depression / Weak System,HURSAT-B1 IRWIN/rad10,1.0,0,train
2010136N09057,2010-05-22T15:00:00,E:\Cyclone-x-prototype\datas\HURSAT_NI\2010\2010136N09057\2010136N09057.BANDU.2010.05.22.1500.59.MSG-2.028.hursat-b1.v06.nc,2010-05-22T12:00:00,3.0,0,Depression / Weak System,HURSAT-B1 IRWIN/rad10,1.0,0,train
2010136N09057,2010-05-22T15:00:00,E:\Cyclone-x-prototype\datas\HURSAT_NI\2010\2010136N09057\2010136N09057.BANDU.2010.05.22.1500.63.FY2-E.028.hursat-b1.v06.nc,2010-05-22T12:00:00,3.0,0,Depression / Weak System,HURSAT-B1 IRWIN/rad10,1.0,0,train
2010136N09057,2010-05-22T18:00:00,E:\Cyclone-x-prototype\datas\HURSAT_NI\2010\2010136N09057\2010136N09057.BANDU.2010.05.22.1800.17.MET-7.026.hursat-b1.v06.nc,2010-05-22T18:00:00,0.0,0,Depression / Weak System,HURSAT-B1 IRWIN/rad10,1.0,0,train
2010136N09057,2010-05-22T18:00:00,E:\Cyclone-x-prototype\datas\HURSAT_NI\2010\2010136N09057\2010136N09057.BANDU.2010.05.22.1800.59.MSG-2.026.hursat-b1.v06.nc,2010-05-22T18:00:00,0.0,0,Depression / Weak System,HURSAT-B1 IRWIN/rad10,1.0,0,train
2010136N09057,2010-05-22T18:00:00,E:\Cyclone-x-prototype\datas\HURSAT_NI\2010\2010136N09057\2010136N09057.BANDU.2010.05.22.1800.63.FY2-E.026.hursat-b1.v06.nc,2010-05-22T18:00:00,0.0,0,Depression / Weak System,HURSAT-B1 IRWIN/rad10,1.0,0,train
2010137N10090,2010-05-17T03:00:00,E:\Cyclone-x-prototype\datas\HURSAT_NI\2010\2010137N10090\2010137N10090.LAILA.2010.05.17.0300.21.FY2-E.021.hursat-b1.v06.nc,2010-05-17T06:00:00,3.0,0,Depression / Weak System,HURSAT-B1 IRWIN/rad10,1.0,0,train
2010137N10090,2010-05-17T03:00:00,E:\Cyclone-x-prototype\datas\HURSAT_NI\2010\2010137N10090\2010137N10090.LAILA.2010.05.17.0300.39.MET-7.021.hursat-b1.v06.nc,2010-05-17T06:00:00,3.0,0,Depression / Weak System,HURSAT-B1 IRWIN/rad10,1.0,0,train
2010137N10090,2010-05-17T03:00:00,E:\Cyclone-x-prototype\datas\HURSAT_NI\2010\2010137N10090\2010137N10090.LAILA.2010.05.17.0300.59.MTS-1.021.hursat-b1.v06.nc,2010-05-17T06:00:00,3.0,0,Depression / Weak System,HURSAT-B1 IRWIN/rad10,1.0,0,train
2010137N10090,2010-05-17T06:00:00,E:\Cyclone-x-prototype\datas\HURSAT_NI\2010\2010137N10090\2010137N10090.LAILA.2010.05.17.0600.22.FY2-E.024.hursat-b1.v06.nc,2010-05-17T06:00:00,0.0,0,Depression / Weak System,HURSAT-B1 IRWIN/rad10,1.0,0,train
2010137N10090,2010-05-17T06:00:00,E:\Cyclone-x-prototype\datas\HURSAT_NI\2010\2010137N10090\2010137N10090.LAILA.2010.05.17.0600.39.MET-7.024.hursat-b1.v06.nc,2010-05-17T06:00:00,0.0,0,Depression / Weak System,HURSAT-B1 IRWIN/rad10,1.0,0,train
2010137N10090,2010-05-17T06:00:00,E:\Cyclone-x-prototype\datas\HURSAT_NI\2010\2010137N10090\2010137N10090.LAILA.2010.05.17.0600.60.MTS-1.024.hursat-b1.v06.nc,2010-05-17T06:00:00,0.0,0,Depression / Weak System,HURSAT-B1 IRWIN/rad10,1.0,0,train
2010137N10090,2010-05-17T09:00:00,E:\Cyclone-x-prototype\datas\HURSAT_NI\2010\2010137N10090\2010137N10090.LAILA.2010.05.17.0900.22.FY2-E.026.hursat-b1.v06.nc,2010-05-17T06:00:00,3.0,0,Depression / Weak System,HURSAT-B1 IRWIN/rad10,1.0,0,train
2010137N10090,2010-05-17T09:00:00,E:\Cyclone-x-prototype\datas\HURSAT_NI\2010\2010137N10090\2010137N10090.LAILA.2010.05.17.0900.39.MET-7.026.hursat-b1.v06.nc,2010-05-17T06:00:00,3.0,0,Depression / Weak System,HURSAT-B1 IRWIN/rad10,1.0,0,train
2010137N10090,2010-05-17T09:00:00,E:\Cyclone-x-prototype\datas\HURSAT_NI\2010\2010137N10090\2010137N10090.LAILA.2010.05.17.0900.60.MTS-1.026.hursat-b1.v06.nc,2010-05-17T06:00:00,3.0,0,Depression / Weak System,HURSAT-B1 IRWIN/rad10,1.0,0,train
2010137N10090,2010-05-17T12:00:00,E:\Cyclone-x-prototype\datas\HURSAT_NI\2010\2010137N10090\2010137N10090.LAILA.2010.05.17.1200.23.FY2-E.028.hursat-b1.v06.nc,2010-05-17T12:00:00,0.0,0,Depression / Weak System,HURSAT-B1 IRWIN/rad10,1.0,0,train
2010137N10090,2010-05-17T12:00:00,E:\Cyclone-x-prototype\datas\HURSAT_NI\2010\2010137N10090\2010137N10090.LAILA.2010.05.17.1200.38.MET-7.028.hursat-b1.v06.nc,2010-05-17T12:00:00,0.0,0,Depression / Weak System,HURSAT-B1 IRWIN/rad10,1.0,0,train
2010137N10090,2010-05-17T12:00:00,E:\Cyclone-x-prototype\datas\HURSAT_NI\2010\2010137N10090\2010137N10090.LAILA.2010.05.17.1200.61.MTS-1.028.hursat-b1.v06.nc,2010-05-17T12:00:00,0.0,0,Depression / Weak System,HURSAT-B1 IRWIN/rad10,1.0,0,train
2010137N10090,2010-05-17T15:00:00,E:\Cyclone-x-prototype\datas\HURSAT_NI\2010\2010137N10090\2010137N10090.LAILA.2010.05.17.1500.23.FY2-E.029.hursat-b1.v06.nc,2010-05-17T12:00:00,3.0,0,Depression / Weak System,HURSAT-B1 IRWIN/rad10,1.0,0,train
2010137N10090,2010-05-17T15:00:00,E:\Cyclone-x-prototype\datas\HURSAT_NI\2010\2010137N10090\2010137N10090.LAILA.2010.05.17.1500.38.MET-7.029.hursat-b1.v06.nc,2010-05-17T12:00:00,3.0,0,Depression / Weak System,HURSAT-B1 IRWIN/rad10,1.0,0,train
2010137N10090,2010-05-17T15:00:00,E:\Cyclone-x-prototype\datas\HURSAT_NI\2010\2010137N10090\2010137N10090.LAILA.2010.05.17.1500.61.MTS-1.029.hursat-b1.v06.nc,2010-05-17T12:00:00,3.0,0,Depression / Weak System,HURSAT-B1 IRWIN/rad10,1.0,0,train
2010137N10090,2010-05-17T18:00:00,E:\Cyclone-x-prototype\datas\HURSAT_NI\2010\2010137N10090\2010137N10090.LAILA.2010.05.17.1800.24.FY2-E.030.hursat-b1.v06.nc,2010-05-17T18:00:00,0.0,0,Depression / Weak System,HURSAT-B1 IRWIN/rad10,1.0,0,train
2010137N10090,2010-05-17T18:00:00,E:\Cyclone-x-prototype\datas\HURSAT_NI\2010\2010137N10090\2010137N10090.LAILA.2010.05.17.1800.38.MET-7.030.hursat-b1.v06.nc,2010-05-17T18:00:00,0.0,0,Depression / Weak System,HURSAT-B1 IRWIN/rad10,1.0,0,train
2010137N10090,2010-05-17T18:00:00,E:\Cyclone-x-prototype\datas\HURSAT_NI\2010\2010137N10090\2010137N10090.LAILA.2010.05.17.1800.62.MTS-1.030.hursat-b1.v06.nc,2010-05-17T18:00:00,0.0,0,Depression / Weak System,HURSAT-B1 IRWIN/rad10,1.0,0,train
2010137N10090,2010-05-17T21:00:00,E:\Cyclone-x-prototype\datas\HURSAT_NI\2010\2010137N10090\2010137N10090.LAILA.2010.05.17.2100.24.FY2-E.033.hursat-b1.v06.nc,2010-05-17T18:00:00,3.0,0,Depression / Weak System,HURSAT-B1 IRWIN/rad10,1.0,0,train
2010137N10090,2010-05-17T21:00:00,E:\Cyclone-x-prototype\datas\HURSAT_NI\2010\2010137N10090\2010137N10090.LAILA.2010.05.17.2100.37.MET-7.033.hursat-b1.v06.nc,2010-05-17T18:00:00,3.0,0,Depression / Weak System,HURSAT-B1 IRWIN/rad10,1.0,0,train
2010137N10090,2010-05-17T21:00:00,E:\Cyclone-x-prototype\datas\HURSAT_NI\2010\2010137N10090\2010137N10090.LAILA.2010.05.17.2100.62.MTS-1.033.hursat-b1.v06.nc,2010-05-17T18:00:00,3.0,0,Depression / Weak System,HURSAT-B1 IRWIN/rad10,1.0,0,train
2010137N10090,2010-05-18T00:00:00,E:\Cyclone-x-prototype\datas\HURSAT_NI\2010\2010137N10090\2010137N10090.LAILA.2010.05.18.0000.25.FY2-E.035.hursat-b1.v06.nc,2010-05-18T00:00:00,0.0,1,Cyclonic Storm,HURSAT-B1 IRWIN/rad10,1.0,0,train
2010137N10090,2010-05-18T00:00:00,E:\Cyclone-x-prototype\datas\HURSAT_NI\2010\2010137N10090\2010137N10090.LAILA.2010.05.18.0000.37.MET-7.035.hursat-b1.v06.nc,2010-05-18T00:00:00,0.0,1,Cyclonic Storm,HURSAT-B1 IRWIN/rad10,1.0,0,train
2010137N10090,2010-05-18T00:00:00,E:\Cyclone-x-prototype\datas\HURSAT_NI\2010\2010137N10090\2010137N10090.LAILA.2010.05.18.0000.63.MTS-1.035.hursat-b1.v06.nc,2010-05-18T00:00:00,0.0,1,Cyclonic Storm,HURSAT-B1 IRWIN/rad10,1.0,0,train
2010137N10090,2010-05-18T03:00:00,E:\Cyclone-x-prototype\datas\HURSAT_NI\2010\2010137N10090\2010137N10090.LAILA.2010.05.18.0300.26.FY2-E.039.hursat-b1.v06.nc,2010-05-18T03:00:00,0.0,1,Cyclonic Storm,HURSAT-B1 IRWIN/rad10,1.0,0,train
2010137N10090,2010-05-18T03:00:00,E:\Cyclone-x-prototype\datas\HURSAT_NI\2010\2010137N10090\2010137N10090.LAILA.2010.05.18.0300.36.MET-7.039.hursat-b1.v06.nc,2010-05-18T03:00:00,0.0,1,Cyclonic Storm,HURSAT-B1 IRWIN/rad10,1.0,0,train
2010137N10090,2010-05-18T03:00:00,E:\Cyclone-x-prototype\datas\HURSAT_NI\2010\2010137N10090\2010137N10090.LAILA.2010.05.18.0300.64.MTS-1.039.hursat-b1.v06.nc,2010-05-18T03:00:00,0.0,1,Cyclonic Storm,HURSAT-B1 IRWIN/rad10,1.0,0,train
2010137N10090,2010-05-18T06:00:00,E:\Cyclone-x-prototype\datas\HURSAT_NI\2010\2010137N10090\2010137N10090.LAILA.2010.05.18.0600.27.FY2-E.042.hursat-b1.v06.nc,2010-05-18T06:00:00,0.0,1,Cyclonic Storm,HURSAT-B1 IRWIN/rad10,1.0,0,train
2010137N10090,2010-05-18T06:00:00,E:\Cyclone-x-prototype\datas\HURSAT_NI\2010\2010137N10090\2010137N10090.LAILA.2010.05.18.0600.35.MET-7.042.hursat-b1.v06.nc,2010-05-18T06:00:00,0.0,1,Cyclonic Storm,HURSAT-B1 IRWIN/rad10,1.0,0,train
2010137N10090,2010-05-18T06:00:00,E:\Cyclone-x-prototype\datas\HURSAT_NI\2010\2010137N10090\2010137N10090.LAILA.2010.05.18.0600.65.MTS-1.042.hursat-b1.v06.nc,2010-05-18T06:00:00,0.0,1,Cyclonic Storm,HURSAT-B1 IRWIN/rad10,1.0,0,train
2010137N10090,2010-05-18T09:00:00,E:\Cyclone-x-prototype\datas\HURSAT_NI\2010\2010137N10090\2010137N10090.LAILA.2010.05.18.0900.35.MET-7.045.hursat-b1.v06.nc,2010-05-18T09:00:00,0.0,1,Cyclonic Storm,HURSAT-B1 IRWIN/rad10,1.0,0,train
2010137N10090,2010-05-18T09:00:00,E:\Cyclone-x-prototype\datas\HURSAT_NI\2010\2010137N10090\2010137N10090.LAILA.2010.05.18.0900.65.MTS-1.045.hursat-b1.v06.nc,2010-05-18T09:00:00,0.0,1,Cyclonic Storm,HURSAT-B1 IRWIN/rad10,1.0,0,train
2010137N10090,2010-05-18T12:00:00,E:\Cyclone-x-prototype\datas\HURSAT_NI\2010\2010137N10090\2010137N10090.LAILA.2010.05.18.1200.28.FY2-E.047.hursat-b1.v06.nc,2010-05-18T12:00:00,0.0,1,Cyclonic Storm,HURSAT-B1 IRWIN/rad10,1.0,0,train
2010137N10090,2010-05-18T12:00:00,E:\Cyclone-x-prototype\datas\HURSAT_NI\2010\2010137N10090\2010137N10090.LAILA.2010.05.18.1200.34.MET-7.047.hursat-b1.v06.nc,2010-05-18T12:00:00,0.0,1,Cyclonic Storm,HURSAT-B1 IRWIN/rad10,1.0,0,train
2010137N10090,2010-05-18T12:00:00,E:\Cyclone-x-prototype\datas\HURSAT_NI\2010\2010137N10090\2010137N10090.LAILA.2010.05.18.1200.66.MTS-1.047.hursat-b1.v06.nc,2010-05-18T12:00:00,0.0,1,Cyclonic Storm,HURSAT-B1 IRWIN/rad10,1.0,0,train
2010137N10090,2010-05-18T15:00:00,E:\Cyclone-x-prototype\datas\HURSAT_NI\2010\2010137N10090\2010137N10090.LAILA.2010.05.18.1500.29.FY2-E.048.hursat-b1.v06.nc,2010-05-18T15:00:00,0.0,1,Cyclonic Storm,HURSAT-B1 IRWIN/rad10,1.0,0,train
2010137N10090,2010-05-18T15:00:00,E:\Cyclone-x-prototype\datas\HURSAT_NI\2010\2010137N10090\2010137N10090.LAILA.2010.05.18.1500.34.MET-7.048.hursat-b1.v06.nc,2010-05-18T15:00:00,0.0,1,Cyclonic Storm,HURSAT-B1 IRWIN/rad10,1.0,0,train
2010137N10090,2010-05-18T15:00:00,E:\Cyclone-x-prototype\datas\HURSAT_NI\2010\2010137N10090\2010137N10090.LAILA.2010.05.18.1500.66.MTS-1.048.hursat-b1.v06.nc,2010-05-18T15:00:00,0.0,1,Cyclonic Storm,HURSAT-B1 IRWIN/rad10,1.0,0,train
2010137N10090,2010-05-18T18:00:00,E:\Cyclone-x-prototype\datas\HURSAT_NI\2010\2010137N10090\2010137N10090.LAILA.2010.05.18.1800.29.FY2-E.049.hursat-b1.v06.nc,2010-05-18T18:00:00,0.0,1,Cyclonic Storm,HURSAT-B1 IRWIN/rad10,1.0,0,train
2010137N10090,2010-05-18T18:00:00,E:\Cyclone-x-prototype\datas\HURSAT_NI\2010\2010137N10090\2010137N10090.LAILA.2010.05.18.1800.33.MET-7.049.hursat-b1.v06.nc,2010-05-18T18:00:00,0.0,1,Cyclonic Storm,HURSAT-B1 IRWIN/rad10,1.0,0,train
2010137N10090,2010-05-18T18:00:00,E:\Cyclone-x-prototype\datas\HURSAT_NI\2010\2010137N10090\2010137N10090.LAILA.2010.05.18.1800.67.MTS-1.049.hursat-b1.v06.nc,2010-05-18T18:00:00,0.0,1,Cyclonic Storm,HURSAT-B1 IRWIN/rad10,1.0,0,train
2010137N10090,2010-05-18T21:00:00,E:\Cyclone-x-prototype\datas\HURSAT_NI\2010\2010137N10090\2010137N10090.LAILA.2010.05.18.2100.30.FY2-E.050.hursat-b1.v06.nc,2010-05-18T21:00:00,0.0,1,Cyclonic Storm,HURSAT-B1 IRWIN/rad10,1.0,0,train
2010137N10090,2010-05-18T21:00:00,E:\Cyclone-x-prototype\datas\HURSAT_NI\2010\2010137N10090\2010137N10090.LAILA.2010.05.18.2100.33.MET-7.050.hursat-b1.v06.nc,2010-05-18T21:00:00,0.0,1,Cyclonic Storm,HURSAT-B1 IRWIN/rad10,1.0,0,train
2010137N10090,2010-05-18T21:00:00,E:\Cyclone-x-prototype\datas\HURSAT_NI\2010\2010137N10090\2010137N10090.LAILA.2010.05.18.2100.67.MTS-1.050.hursat-b1.v06.nc,2010-05-18T21:00:00,0.0,1,Cyclonic Storm,HURSAT-B1 IRWIN/rad10,1.0,0,train
2010137N10090,2010-05-19T00:00:00,E:\Cyclone-x-prototype\datas\HURSAT_NI\2010\2010137N10090\2010137N10090.LAILA.2010.05.19.0000.30.FY2-E.051.hursat-b1.v06.nc,2010-05-19T00:00:00,0.0,1,Cyclonic Storm,HURSAT-B1 IRWIN/rad10,1.0,0,train
2010137N10090,2010-05-19T00:00:00,E:\Cyclone-x-prototype\datas\HURSAT_NI\2010\2010137N10090\2010137N10090.LAILA.2010.05.19.0000.33.MET-7.051.hursat-b1.v06.nc,2010-05-19T00:00:00,0.0,1,Cyclonic Storm,HURSAT-B1 IRWIN/rad10,1.0,0,train
2010137N10090,2010-05-19T00:00:00,E:\Cyclone-x-prototype\datas\HURSAT_NI\2010\2010137N10090\2010137N10090.LAILA.2010.05.19.0000.67.MTS-1.051.hursat-b1.v06.nc,2010-05-19T00:00:00,0.0,1,Cyclonic Storm,HURSAT-B1 IRWIN/rad10,1.0,0,train
2010137N10090,2010-05-19T03:00:00,E:\Cyclone-x-prototype\datas\HURSAT_NI\2010\2010137N10090\2010137N10090.LAILA.2010.05.19.0300.30.FY2-E.054.hursat-b1.v06.nc,2010-05-19T03:00:00,0.0,1,Cyclonic Storm,HURSAT-B1 IRWIN/rad10,1.0,0,train
2010137N10090,2010-05-19T03:00:00,E:\Cyclone-x-prototype\datas\HURSAT_NI\2010\2010137N10090\2010137N10090.LAILA.2010.05.19.0300.33.MET-7.054.hursat-b1.v06.nc,2010-05-19T03:00:00,0.0,1,Cyclonic Storm,HURSAT-B1 IRWIN/rad10,1.0,0,train
2010137N10090,2010-05-19T03:00:00,E:\Cyclone-x-prototype\datas\HURSAT_NI\2010\2010137N10090\2010137N10090.LAILA.2010.05.19.0300.68.MTS-1.054.hursat-b1.v06.nc,2010-05-19T03:00:00,0.0,1,Cyclonic Storm,HURSAT-B1 IRWIN/rad10,1.0,0,train
2010137N10090,2010-05-19T06:00:00,E:\Cyclone-x-prototype\datas\HURSAT_NI\2010\2010137N10090\2010137N10090.LAILA.2010.05.19.0600.31.FY2-E.056.hursat-b1.v06.nc,2010-05-19T06:00:00,0.0,1,Cyclonic Storm,HURSAT-B1 IRWIN/rad10,1.0,0,train
2010137N10090,2010-05-19T06:00:00,E:\Cyclone-x-prototype\datas\HURSAT_NI\2010\2010137N10090\2010137N10090.LAILA.2010.05.19.0600.33.MET-7.056.hursat-b1.v06.nc,2010-05-19T06:00:00,0.0,1,Cyclonic Storm,HURSAT-B1 IRWIN/rad10,1.0,0,train
2010137N10090,2010-05-19T06:00:00,E:\Cyclone-x-prototype\datas\HURSAT_NI\2010\2010137N10090\2010137N10090.LAILA.2010.05.19.0600.68.MTS-1.056.hursat-b1.v06.nc,2010-05-19T06:00:00,0.0,1,Cyclonic Storm,HURSAT-B1 IRWIN/rad10,1.0,0,train
2010137N10090,2010-05-19T09:00:00,E:\Cyclone-x-prototype\datas\HURSAT_NI\2010\2010137N10090\2010137N10090.LAILA.2010.05.19.0900.31.FY2-E.055.hursat-b1.v06.nc,2010-05-19T09:00:00,0.0,1,Cyclonic Storm,HURSAT-B1 IRWIN/rad10,1.0,0,train
2010137N10090,2010-05-19T09:00:00,E:\Cyclone-x-prototype\datas\HURSAT_NI\2010\2010137N10090\2010137N10090.LAILA.2010.05.19.0900.33.MET-7.055.hursat-b1.v06.nc,2010-05-19T09:00:00,0.0,1,Cyclonic Storm,HURSAT-B1 IRWIN/rad10,1.0,0,train
2010137N10090,2010-05-19T09:00:00,E:\Cyclone-x-prototype\datas\HURSAT_NI\2010\2010137N10090\2010137N10090.LAILA.2010.05.19.0900.68.MTS-1.055.hursat-b1.v06.nc,2010-05-19T09:00:00,0.0,1,Cyclonic Storm,HURSAT-B1 IRWIN/rad10,1.0,0,train
2010137N10090,2010-05-19T12:00:00,E:\Cyclone-x-prototype\datas\HURSAT_NI\2010\2010137N10090\2010137N10090.LAILA.2010.05.19.1200.31.FY2-E.054.hursat-b1.v06.nc,2010-05-19T12:00:00,0.0,1,Cyclonic Storm,HURSAT-B1 IRWIN/rad10,1.0,0,train
2010137N10090,2010-05-19T12:00:00,E:\Cyclone-x-prototype\datas\HURSAT_NI\2010\2010137N10090\2010137N10090.LAILA.2010.05.19.1200.33.MET-7.054.hursat-b1.v06.nc,2010-05-19T12:00:00,0.0,1,Cyclonic Storm,HURSAT-B1 IRWIN/rad10,1.0,0,train
2010137N10090,2010-05-19T12:00:00,E:\Cyclone-x-prototype\datas\HURSAT_NI\2010\2010137N10090\2010137N10090.LAILA.2010.05.19.1200.68.MTS-1.054.hursat-b1.v06.nc,2010-05-19T12:00:00,0.0,1,Cyclonic Storm,HURSAT-B1 IRWIN/rad10,1.0,0,train
2010137N10090,2010-05-19T15:00:00,E:\Cyclone-x-prototype\datas\HURSAT_NI\2010\2010137N10090\2010137N10090.LAILA.2010.05.19.1500.31.FY2-E.053.hursat-b1.v06.nc,2010-05-19T15:00:00,0.0,1,Cyclonic Storm,HURSAT-B1 IRWIN/rad10,1.0,0,train
2010137N10090,2010-05-19T15:00:00,E:\Cyclone-x-prototype\datas\HURSAT_NI\2010\2010137N10090\2010137N10090.LAILA.2010.05.19.1500.33.MET-7.053.hursat-b1.v06.nc,2010-05-19T15:00:00,0.0,1,Cyclonic Storm,HURSAT-B1 IRWIN/rad10,1.0,0,train
2010137N10090,2010-05-19T15:00:00,E:\Cyclone-x-prototype\datas\HURSAT_NI\2010\2010137N10090\2010137N10090.LAILA.2010.05.19.1500.68.MTS-1.053.hursat-b1.v06.nc,2010-05-19T15:00:00,0.0,1,Cyclonic Storm,HURSAT-B1 IRWIN/rad10,1.0,0,train
2010137N10090,2010-05-19T18:00:00,E:\Cyclone-x-prototype\datas\HURSAT_NI\2010\2010137N10090\2010137N10090.LAILA.2010.05.19.1800.31.FY2-E.052.hursat-b1.v06.nc,2010-05-19T18:00:00,0.0,1,Cyclonic Storm,HURSAT-B1 IRWIN/rad10,1.0,0,train
2010137N10090,2010-05-19T18:00:00,E:\Cyclone-x-prototype\datas\HURSAT_NI\2010\2010137N10090\2010137N10090.LAILA.2010.05.19.1800.33.MET-7.052.hursat-b1.v06.nc,2010-05-19T18:00:00,0.0,1,Cyclonic Storm,HURSAT-B1 IRWIN/rad10,1.0,0,train
2010137N10090,2010-05-19T18:00:00,E:\Cyclone-x-prototype\datas\HURSAT_NI\2010\2010137N10090\2010137N10090.LAILA.2010.05.19.1800.69.MTS-1.052.hursat-b1.v06.nc,2010-05-19T18:00:00,0.0,1,Cyclonic Storm,HURSAT-B1 IRWIN/rad10,1.0,0,train
2010137N10090,2010-05-19T21:00:00,E:\Cyclone-x-prototype\datas\HURSAT_NI\2010\2010137N10090\2010137N10090.LAILA.2010.05.19.2100.32.FY2-E.052.hursat-b1.v06.nc,2010-05-19T21:00:00,0.0,1,Cyclonic Storm,HURSAT-B1 IRWIN/rad10,1.0,0,train
2010137N10090,2010-05-19T21:00:00,E:\Cyclone-x-prototype\datas\HURSAT_NI\2010\2010137N10090\2010137N10090.LAILA.2010.05.19.2100.33.MET-7.052.hursat-b1.v06.nc,2010-05-19T21:00:00,0.0,1,Cyclonic Storm,HURSAT-B1 IRWIN/rad10,1.0,0,train
2010137N10090,2010-05-19T21:00:00,E:\Cyclone-x-prototype\datas\HURSAT_NI\2010\2010137N10090\2010137N10090.LAILA.2010.05.19.2100.69.MTS-1.052.hursat-b1.v06.nc,2010-05-19T21:00:00,0.0,1,Cyclonic Storm,HURSAT-B1 IRWIN/rad10,1.0,0,train
2010137N10090,2010-05-20T00:00:00,E:\Cyclone-x-prototype\datas\HURSAT_NI\2010\2010137N10090\2010137N10090.LAILA.2010.05.20.0000.32.FY2-E.052.hursat-b1.v06.nc,2010-05-20T00:00:00,0.0,1,Cyclonic Storm,HURSAT-B1 IRWIN/rad10,1.0,0,train
2010137N10090,2010-05-20T00:00:00,E:\Cyclone-x-prototype\datas\HURSAT_NI\2010\2010137N10090\2010137N10090.LAILA.2010.05.20.0000.33.MET-7.052.hursat-b1.v06.nc,2010-05-20T00:00:00,0.0,1,Cyclonic Storm,HURSAT-B1 IRWIN/rad10,1.0,0,train
2010137N10090,2010-05-20T00:00:00,E:\Cyclone-x-prototype\datas\HURSAT_NI\2010\2010137N10090\2010137N10090.LAILA.2010.05.20.0000.69.MTS-1.052.hursat-b1.v06.nc,2010-05-20T00:00:00,0.0,1,Cyclonic Storm,HURSAT-B1 IRWIN/rad10,1.0,0,train
2010137N10090,2010-05-20T03:00:00,E:\Cyclone-x-prototype\datas\HURSAT_NI\2010\2010137N10090\2010137N10090.LAILA.2010.05.20.0300.32.FY2-E.052.hursat-b1.v06.nc,2010-05-20T03:00:00,0.0,1,Cyclonic Storm,HURSAT-B1 IRWIN/rad10,1.0,0,train
2010137N10090,2010-05-20T03:00:00,E:\Cyclone-x-prototype\datas\HURSAT_NI\2010\2010137N10090\2010137N10090.LAILA.2010.05.20.0300.33.MET-7.052.hursat-b1.v06.nc,2010-05-20T03:00:00,0.0,1,Cyclonic Storm,HURSAT-B1 IRWIN/rad10,1.0,0,train
2010137N10090,2010-05-20T03:00:00,E:\Cyclone-x-prototype\datas\HURSAT_NI\2010\2010137N10090\2010137N10090.LAILA.2010.05.20.0300.69.MTS-1.052.hursat-b1.v06.nc,2010-05-20T03:00:00,0.0,1,Cyclonic Storm,HURSAT-B1 IRWIN/rad10,1.0,0,train
2010137N10090,2010-05-20T06:00:00,E:\Cyclone-x-prototype\datas\HURSAT_NI\2010\2010137N10090\2010137N10090.LAILA.2010.05.20.0600.33.FY2-E.052.hursat-b1.v06.nc,2010-05-20T06:00:00,0.0,1,Cyclonic Storm,HURSAT-B1 IRWIN/rad10,1.0,0,train
2010137N10090,2010-05-20T06:00:00,E:\Cyclone-x-prototype\datas\HURSAT_NI\2010\2010137N10090\2010137N10090.LAILA.2010.05.20.0600.33.MET-7.052.hursat-b1.v06.nc,2010-05-20T06:00:00,0.0,1,Cyclonic Storm,HURSAT-B1 IRWIN/rad10,1.0,0,train
2010137N10090,2010-05-20T06:00:00,E:\Cyclone-x-prototype\datas\HURSAT_NI\2010\2010137N10090\2010137N10090.LAILA.2010.05.20.0600.69.MTS-1.052.hursat-b1.v06.nc,2010-05-20T06:00:00,0.0,1,Cyclonic Storm,HURSAT-B1 IRWIN/rad10,1.0,0,train
2010137N10090,2010-05-20T09:00:00,E:\Cyclone-x-prototype\datas\HURSAT_NI\2010\2010137N10090\2010137N10090.LAILA.2010.05.20.0900.33.FY2-E.049.hursat-b1.v06.nc,2010-05-20T09:00:00,0.0,1,Cyclonic Storm,HURSAT-B1 IRWIN/rad10,1.0,0,train
2010137N10090,2010-05-20T09:00:00,E:\Cyclone-x-prototype\datas\HURSAT_NI\2010\2010137N10090\2010137N10090.LAILA.2010.05.20.0900.33.MET-7.049.hursat-b1.v06.nc,2010-05-20T09:00:00,0.0,1,Cyclonic Storm,HURSAT-B1 IRWIN/rad10,1.0,0,train
2010137N10090,2010-05-20T09:00:00,E:\Cyclone-x-prototype\datas\HURSAT_NI\2010\2010137N10090\2010137N10090.LAILA.2010.05.20.0900.69.MTS-1.049.hursat-b1.v06.nc,2010-05-20T09:00:00,0.0,1,Cyclonic Storm,HURSAT-B1 IRWIN/rad10,1.0,0,train
2010137N10090,2010-05-20T12:00:00,E:\Cyclone-x-prototype\datas\HURSAT_NI\2010\2010137N10090\2010137N10090.LAILA.2010.05.20.1200.33.FY2-E.047.hursat-b1.v06.nc,2010-05-20T12:00:00,0.0,1,Cyclonic Storm,HURSAT-B1 IRWIN/rad10,1.0,0,train
2010137N10090,2010-05-20T12:00:00,E:\Cyclone-x-prototype\datas\HURSAT_NI\2010\2010137N10090\2010137N10090.LAILA.2010.05.20.1200.33.MET-7.047.hursat-b1.v06.nc,2010-05-20T12:00:00,0.0,1,Cyclonic Storm,HURSAT-B1 IRWIN/rad10,1.0,0,train
2010137N10090,2010-05-20T12:00:00,E:\Cyclone-x-prototype\datas\HURSAT_NI\2010\2010137N10090\2010137N10090.LAILA.2010.05.20.1200.69.MTS-1.047.hursat-b1.v06.nc,2010-05-20T12:00:00,0.0,1,Cyclonic Storm,HURSAT-B1 IRWIN/rad10,1.0,0,train
2010137N10090,2010-05-20T15:00:00,E:\Cyclone-x-prototype\datas\HURSAT_NI\2010\2010137N10090\2010137N10090.LAILA.2010.05.20.1500.33.FY2-E.047.hursat-b1.v06.nc,2010-05-20T15:00:00,0.0,1,Cyclonic Storm,HURSAT-B1 IRWIN/rad10,1.0,0,train
2010137N10090,2010-05-20T15:00:00,E:\Cyclone-x-prototype\datas\HURSAT_NI\2010\2010137N10090\2010137N10090.LAILA.2010.05.20.1500.33.MET-7.047.hursat-b1.v06.nc,2010-05-20T15:00:00,0.0,1,Cyclonic Storm,HURSAT-B1 IRWIN/rad10,1.0,0,train
2010137N10090,2010-05-20T15:00:00,E:\Cyclone-x-prototype\datas\HURSAT_NI\2010\2010137N10090\2010137N10090.LAILA.2010.05.20.1500.69.MTS-1.047.hursat-b1.v06.nc,2010-05-20T15:00:00,0.0,1,Cyclonic Storm,HURSAT-B1 IRWIN/rad10,1.0,0,train
2010137N10090,2010-05-20T18:00:00,E:\Cyclone-x-prototype\datas\HURSAT_NI\2010\2010137N10090\2010137N10090.LAILA.2010.05.20.1800.33.FY2-E.047.hursat-b1.v06.nc,2010-05-20T18:00:00,0.0,1,Cyclonic Storm,HURSAT-B1 IRWIN/rad10,1.0,0,train
2010137N10090,2010-05-20T18:00:00,E:\Cyclone-x-prototype\datas\HURSAT_NI\2010\2010137N10090\2010137N10090.LAILA.2010.05.20.1800.33.MET-7.047.hursat-b1.v06.nc,2010-05-20T18:00:00,0.0,1,Cyclonic Storm,HURSAT-B1 IRWIN/rad10,1.0,0,train
2010137N10090,2010-05-20T18:00:00,E:\Cyclone-x-prototype\datas\HURSAT_NI\2010\2010137N10090\2010137N10090.LAILA.2010.05.20.1800.69.MTS-1.047.hursat-b1.v06.nc,2010-05-20T18:00:00,0.0,1,Cyclonic Storm,HURSAT-B1 IRWIN/rad10,1.0,0,train
2010137N10090,2010-05-20T21:00:00,E:\Cyclone-x-prototype\datas\HURSAT_NI\2010\2010137N10090\2010137N10090.LAILA.2010.05.20.2100.33.FY2-E.043.hursat-b1.v06.nc,2010-05-20T21:00:00,0.0,1,Cyclonic Storm,HURSAT-B1 IRWIN/rad10,1.0,0,train
2010137N10090,2010-05-20T21:00:00,E:\Cyclone-x-prototype\datas\HURSAT_NI\2010\2010137N10090\2010137N10090.LAILA.2010.05.20.2100.33.MET-7.043.hursat-b1.v06.nc,2010-05-20T21:00:00,0.0,1,Cyclonic Storm,HURSAT-B1 IRWIN/rad10,1.0,0,train
2010137N10090,2010-05-20T21:00:00,E:\Cyclone-x-prototype\datas\HURSAT_NI\2010\2010137N10090\2010137N10090.LAILA.2010.05.20.2100.69.MTS-1.043.hursat-b1.v06.nc,2010-05-20T21:00:00,0.0,1,Cyclonic Storm,HURSAT-B1 IRWIN/rad10,1.0,0,train
2010137N10090,2010-05-21T00:00:00,E:\Cyclone-x-prototype\datas\HURSAT_NI\2010\2010137N10090\2010137N10090.LAILA.2010.05.21.0000.33.FY2-E.040.hursat-b1.v06.nc,2010-05-21T00:00:00,0.0,1,Cyclonic Storm,HURSAT-B1 IRWIN/rad10,1.0,0,train
2010137N10090,2010-05-21T00:00:00,E:\Cyclone-x-prototype\datas\HURSAT_NI\2010\2010137N10090\2010137N10090.LAILA.2010.05.21.0000.34.MET-7.040.hursat-b1.v06.nc,2010-05-21T00:00:00,0.0,1,Cyclonic Storm,HURSAT-B1 IRWIN/rad10,1.0,0,train
2010137N10090,2010-05-21T00:00:00,E:\Cyclone-x-prototype\datas\HURSAT_NI\2010\2010137N10090\2010137N10090.LAILA.2010.05.21.0000.69.MTS-1.040.hursat-b1.v06.nc,2010-05-21T00:00:00,0.0,1,Cyclonic Storm,HURSAT-B1 IRWIN/rad10,1.0,0,train
2010137N10090,2010-05-21T03:00:00,E:\Cyclone-x-prototype\datas\HURSAT_NI\2010\2010137N10090\2010137N10090.LAILA.2010.05.21.0300.33.FY2-E.034.hursat-b1.v06.nc,2010-05-21T03:00:00,0.0,0,Depression / Weak System,HURSAT-B1 IRWIN/rad10,1.0,0,train
2010137N10090,2010-05-21T03:00:00,E:\Cyclone-x-prototype\datas\HURSAT_NI\2010\2010137N10090\2010137N10090.LAILA.2010.05.21.0300.34.MET-7.034.hursat-b1.v06.nc,2010-05-21T03:00:00,0.0,0,Depression / Weak System,HURSAT-B1 IRWIN/rad10,1.0,0,train
2010137N10090,2010-05-21T03:00:00,E:\Cyclone-x-prototype\datas\HURSAT_NI\2010\2010137N10090\2010137N10090.LAILA.2010.05.21.0300.69.MTS-1.034.hursat-b1.v06.nc,2010-05-21T03:00:00,0.0,0,Depression / Weak System,HURSAT-B1 IRWIN/rad10,1.0,0,train
2010137N10090,2010-05-21T06:00:00,E:\Cyclone-x-prototype\datas\HURSAT_NI\2010\2010137N10090\2010137N10090.LAILA.2010.05.21.0600.33.FY2-E.028.hursat-b1.v06.nc,2010-05-21T06:00:00,0.0,0,Depression / Weak System,HURSAT-B1 IRWIN/rad10,1.0,0,train
2010137N10090,2010-05-21T06:00:00,E:\Cyclone-x-prototype\datas\HURSAT_NI\2010\2010137N10090\2010137N10090.LAILA.2010.05.21.0600.34.MET-7.028.hursat-b1.v06.nc,2010-05-21T06:00:00,0.0,0,Depression / Weak System,HURSAT-B1 IRWIN/rad10,1.0,0,train
2010137N10090,2010-05-21T06:00:00,E:\Cyclone-x-prototype\datas\HURSAT_NI\2010\2010137N10090\2010137N10090.LAILA.2010.05.21.0600.69.MTS-1.028.hursat-b1.v06.nc,2010-05-21T06:00:00,0.0,0,Depression / Weak System,HURSAT-B1 IRWIN/rad10,1.0,0,train
2010137N10090,2010-05-21T09:00:00,E:\Cyclone-x-prototype\datas\HURSAT_NI\2010\2010137N10090\2010137N10090.LAILA.2010.05.21.0900.33.FY2-E.027.hursat-b1.v06.nc,2010-05-21T06:00:00,3.0,0,Depression / Weak System,HURSAT-B1 IRWIN/rad10,1.0,0,train
2010137N10090,2010-05-21T09:00:00,E:\Cyclone-x-prototype\datas\HURSAT_NI\2010\2010137N10090\2010137N10090.LAILA.2010.05.21.0900.34.MET-7.027.hursat-b1.v06.nc,2010-05-21T06:00:00,3.0,0,Depression / Weak System,HURSAT-B1 IRWIN/rad10,1.0,0,train
2010137N10090,2010-05-21T09:00:00,E:\Cyclone-x-prototype\datas\HURSAT_NI\2010\2010137N10090\2010137N10090.LAILA.2010.05.21.0900.69.MTS-1.027.hursat-b1.v06.nc,2010-05-21T06:00:00,3.0,0,Depression / Weak System,HURSAT-B1 IRWIN/rad10,1.0,0,train
2010151N14065,2010-05-31T03:00:00,E:\Cyclone-x-prototype\datas\HURSAT_NI\2010\2010151N14065\2010151N14065.PHET.2010.05.31.0300.19.MET-7.024.hursat-b1.v06.nc,2010-05-31T06:00:00,3.0,0,Depression / Weak System,HURSAT-B1 IRWIN/rad10,1.0,0,train
2010151N14065,2010-05-31T03:00:00,E:\Cyclone-x-prototype\datas\HURSAT_NI\2010\2010151N14065\2010151N14065.PHET.2010.05.31.0300.49.FY2-E.024.hursat-b1.v06.nc,2010-05-31T06:00:00,3.0,0,Depression / Weak System,HURSAT-B1 IRWIN/rad10,1.0,0,train
2010151N14065,2010-05-31T03:00:00,E:\Cyclone-x-prototype\datas\HURSAT_NI\2010\2010151N14065\2010151N14065.PHET.2010.05.31.0300.74.MSG-2.024.hursat-b1.v06.nc,2010-05-31T06:00:00,3.0,0,Depression / Weak System,HURSAT-B1 IRWIN/rad10,1.0,0,train
2010151N14065,2010-05-31T06:00:00,E:\Cyclone-x-prototype\datas\HURSAT_NI\2010\2010151N14065\2010151N14065.PHET.2010.05.31.0600.19.MET-7.026.hursat-b1.v06.nc,2010-05-31T06:00:00,0.0,0,Depression / Weak System,HURSAT-B1 IRWIN/rad10,1.0,0,train
2010151N14065,2010-05-31T06:00:00,E:\Cyclone-x-prototype\datas\HURSAT_NI\2010\2010151N14065\2010151N14065.PHET.2010.05.31.0600.49.FY2-E.026.hursat-b1.v06.nc,2010-05-31T06:00:00,0.0,0,Depression / Weak System,HURSAT-B1 IRWIN/rad10,1.0,0,train
2010151N14065,2010-05-31T06:00:00,E:\Cyclone-x-prototype\datas\HURSAT_NI\2010\2010151N14065\2010151N14065.PHET.2010.05.31.0600.74.MSG-2.026.hursat-b1.v06.nc,2010-05-31T06:00:00,0.0,0,Depression / Weak System,HURSAT-B1 IRWIN/rad10,1.0,0,train
2010151N14065,2010-05-31T09:00:00,E:\Cyclone-x-prototype\datas\HURSAT_NI\2010\2010151N14065\2010151N14065.PHET.2010.05.31.0900.19.MET-7.026.hursat-b1.v06.nc,2010-05-31T06:00:00,3.0,0,Depression / Weak System,HURSAT-B1 IRWIN/rad10,1.0,0,train
2010151N14065,2010-05-31T09:00:00,E:\Cyclone-x-prototype\datas\HURSAT_NI\2010\2010151N14065\2010151N14065.PHET.2010.05.31.0900.49.FY2-E.026.hursat-b1.v06.nc,2010-05-31T06:00:00,3.0,0,Depression / Weak System,HURSAT-B1 IRWIN/rad10,1.0,0,train
2010151N14065,2010-05-31T09:00:00,E:\Cyclone-x-prototype\datas\HURSAT_NI\2010\2010151N14065\2010151N14065.PHET.2010.05.31.0900.74.MSG-2.026.hursat-b1.v06.nc,2010-05-31T06:00:00,3.0,0,Depression / Weak System,HURSAT-B1 IRWIN/rad10,1.0,0,train
2010151N14065,2010-05-31T12:00:00,E:\Cyclone-x-prototype\datas\HURSAT_NI\2010\2010151N14065\2010151N14065.PHET.2010.05.31.1200.20.MET-7.026.hursat-b1.v06.nc,2010-05-31T12:00:00,0.0,0,Depression / Weak System,HURSAT-B1 IRWIN/rad10,1.0,0,train
2010151N14065,2010-05-31T12:00:00,E:\Cyclone-x-prototype\datas\HURSAT_NI\2010\2010151N14065\2010151N14065.PHET.2010.05.31.1200.50.FY2-E.026.hursat-b1.v06.nc,2010-05-31T12:00:00,0.0,0,Depression / Weak System,HURSAT-B1 IRWIN/rad10,1.0,0,train
2010151N14065,2010-05-31T12:00:00,E:\Cyclone-x-prototype\datas\HURSAT_NI\2010\2010151N14065\2010151N14065.PHET.2010.05.31.1200.74.MSG-2.026.hursat-b1.v06.nc,2010-05-31T12:00:00,0.0,0,Depression / Weak System,HURSAT-B1 IRWIN/rad10,1.0,0,train
2010151N14065,2010-05-31T15:00:00,E:\Cyclone-x-prototype\datas\HURSAT_NI\2010\2010151N14065\2010151N14065.PHET.2010.05.31.1500.20.MET-7.027.hursat-b1.v06.nc,2010-05-31T12:00:00,3.0,0,Depression / Weak System,HURSAT-B1 IRWIN/rad10,1.0,0,train
2010151N14065,2010-05-31T15:00:00,E:\Cyclone-x-prototype\datas\HURSAT_NI\2010\2010151N14065\2010151N14065.PHET.2010.05.31.1500.50.FY2-E.027.hursat-b1.v06.nc,2010-05-31T12:00:00,3.0,0,Depression / Weak System,HURSAT-B1 IRWIN/rad10,1.0,0,train
2010151N14065,2010-05-31T15:00:00,E:\Cyclone-x-prototype\datas\HURSAT_NI\2010\2010151N14065\2010151N14065.PHET.2010.05.31.1500.74.MSG-2.027.hursat-b1.v06.nc,2010-05-31T12:00:00,3.0,0,Depression / Weak System,HURSAT-B1 IRWIN/rad10,1.0,0,train
2010151N14065,2010-05-31T18:00:00,E:\Cyclone-x-prototype\datas\HURSAT_NI\2010\2010151N14065\2010151N14065.PHET.2010.05.31.1800.20.MET-7.028.hursat-b1.v06.nc,2010-05-31T18:00:00,0.0,0,Depression / Weak System,HURSAT-B1 IRWIN/rad10,1.0,0,train
2010151N14065,2010-05-31T18:00:00,E:\Cyclone-x-prototype\datas\HURSAT_NI\2010\2010151N14065\2010151N14065.PHET.2010.05.31.1800.50.FY2-E.028.hursat-b1.v06.nc,2010-05-31T18:00:00,0.0,0,Depression / Weak System,HURSAT-B1 IRWIN/rad10,1.0,0,train
2010151N14065,2010-05-31T18:00:00,E:\Cyclone-x-prototype\datas\HURSAT_NI\2010\2010151N14065\2010151N14065.PHET.2010.05.31.1800.74.MSG-2.028.hursat-b1.v06.nc,2010-05-31T18:00:00,0.0,0,Depression / Weak System,HURSAT-B1 IRWIN/rad10,1.0,0,train
2010151N14065,2010-05-31T21:00:00,E:\Cyclone-x-prototype\datas\HURSAT_NI\2010\2010151N14065\2010151N14065.PHET.2010.05.31.2100.20.MET-7.031.hursat-b1.v06.nc,2010-05-31T18:00:00,3.0,0,Depression / Weak System,HURSAT-B1 IRWIN/rad10,1.0,0,train
2010151N14065,2010-05-31T21:00:00,E:\Cyclone-x-prototype\datas\HURSAT_NI\2010\2010151N14065\2010151N14065.PHET.2010.05.31.2100.50.FY2-E.031.hursat-b1.v06.nc,2010-05-31T18:00:00,3.0,0,Depression / Weak System,HURSAT-B1 IRWIN/rad10,1.0,0,train
2010151N14065,2010-05-31T21:00:00,E:\Cyclone-x-prototype\datas\HURSAT_NI\2010\2010151N14065\2010151N14065.PHET.2010.05.31.2100.73.MSG-2.031.hursat-b1.v06.nc,2010-05-31T18:00:00,3.0,0,Depression / Weak System,HURSAT-B1 IRWIN/rad10,1.0,0,train
2010151N14065,2010-06-01T00:00:00,E:\Cyclone-x-prototype\datas\HURSAT_NI\2010\2010151N14065\2010151N14065.PHET.2010.06.01.0000.20.MET-7.035.hursat-b1.v06.nc,2010-06-01T00:00:00,0.0,0,Depression / Weak System,HURSAT-B1 IRWIN/rad10,1.0,0,train
2010151N14065,2010-06-01T00:00:00,E:\Cyclone-x-prototype\datas\HURSAT_NI\2010\2010151N14065\2010151N14065.PHET.2010.06.01.0000.50.FY2-E.035.hursat-b1.v06.nc,2010-06-01T00:00:00,0.0,0,Depression / Weak System,HURSAT-B1 IRWIN/rad10,1.0,0,train
2010151N14065,2010-06-01T00:00:00,E:\Cyclone-x-prototype\datas\HURSAT_NI\2010\2010151N14065\2010151N14065.PHET.2010.06.01.0000.73.MSG-2.035.hursat-b1.v06.nc,2010-06-01T00:00:00,0.0,0,Depression / Weak System,HURSAT-B1 IRWIN/rad10,1.0,0,train
2010151N14065,2010-06-01T03:00:00,E:\Cyclone-x-prototype\datas\HURSAT_NI\2010\2010151N14065\2010151N14065.PHET.2010.06.01.0300.20.MET-7.037.hursat-b1.v06.nc,2010-06-01T03:00:00,0.0,0,Depression / Weak System,HURSAT-B1 IRWIN/rad10,1.0,0,train
2010151N14065,2010-06-01T03:00:00,E:\Cyclone-x-prototype\datas\HURSAT_NI\2010\2010151N14065\2010151N14065.PHET.2010.06.01.0300.51.FY2-E.037.hursat-b1.v06.nc,2010-06-01T03:00:00,0.0,0,Depression / Weak System,HURSAT-B1 IRWIN/rad10,1.0,0,train
2010151N14065,2010-06-01T03:00:00,E:\Cyclone-x-prototype\datas\HURSAT_NI\2010\2010151N14065\2010151N14065.PHET.2010.06.01.0300.73.MSG-2.037.hursat-b1.v06.nc,2010-06-01T03:00:00,0.0,0,Depression / Weak System,HURSAT-B1 IRWIN/rad10,1.0,0,train
2010151N14065,2010-06-01T06:00:00,E:\Cyclone-x-prototype\datas\HURSAT_NI\2010\2010151N14065\2010151N14065.PHET.2010.06.01.0600.20.MET-7.039.hursat-b1.v06.nc,2010-06-01T06:00:00,0.0,0,Depression / Weak System,HURSAT-B1 IRWIN/rad10,1.0,0,train
2010151N14065,2010-06-01T06:00:00,E:\Cyclone-x-prototype\datas\HURSAT_NI\2010\2010151N14065\2010151N14065.PHET.2010.06.01.0600.51.FY2-E.039.hursat-b1.v06.nc,2010-06-01T06:00:00,0.0,0,Depression / Weak System,HURSAT-B1 IRWIN/rad10,1.0,0,train
2010151N14065,2010-06-01T06:00:00,E:\Cyclone-x-prototype\datas\HURSAT_NI\2010\2010151N14065\2010151N14065.PHET.2010.06.01.0600.73.MSG-2.039.hursat-b1.v06.nc,2010-06-01T06:00:00,0.0,0,Depression / Weak System,HURSAT-B1 IRWIN/rad10,1.0,0,train
2010151N14065,2010-06-01T09:00:00,E:\Cyclone-x-prototype\datas\HURSAT_NI\2010\2010151N14065\2010151N14065.PHET.2010.06.01.0900.20.MET-7.042.hursat-b1.v06.nc,2010-06-01T09:00:00,0.0,1,Cyclonic Storm,HURSAT-B1 IRWIN/rad10,1.0,0,train
2010151N14065,2010-06-01T09:00:00,E:\Cyclone-x-prototype\datas\HURSAT_NI\2010\2010151N14065\2010151N14065.PHET.2010.06.01.0900.51.FY2-E.042.hursat-b1.v06.nc,2010-06-01T09:00:00,0.0,1,Cyclonic Storm,HURSAT-B1 IRWIN/rad10,1.0,0,train
2010151N14065,2010-06-01T09:00:00,E:\Cyclone-x-prototype\datas\HURSAT_NI\2010\2010151N14065\2010151N14065.PHET.2010.06.01.0900.73.MSG-2.042.hursat-b1.v06.nc,2010-06-01T09:00:00,0.0,1,Cyclonic Storm,HURSAT-B1 IRWIN/rad10,1.0,0,train
2010151N14065,2010-06-01T12:00:00,E:\Cyclone-x-prototype\datas\HURSAT_NI\2010\2010151N14065\2010151N14065.PHET.2010.06.01.1200.21.MET-7.044.hursat-b1.v06.nc,2010-06-01T12:00:00,0.0,1,Cyclonic Storm,HURSAT-B1 IRWIN/rad10,1.0,0,train
2010151N14065,2010-06-01T12:00:00,E:\Cyclone-x-prototype\datas\HURSAT_NI\2010\2010151N14065\2010151N14065.PHET.2010.06.01.1200.52.FY2-E.044.hursat-b1.v06.nc,2010-06-01T12:00:00,0.0,1,Cyclonic Storm,HURSAT-B1 IRWIN/rad10,1.0,0,train
2010151N14065,2010-06-01T12:00:00,E:\Cyclone-x-prototype\datas\HURSAT_NI\2010\2010151N14065\2010151N14065.PHET.2010.06.01.1200.72.MSG-2.044.hursat-b1.v06.nc,2010-06-01T12:00:00,0.0,1,Cyclonic Storm,HURSAT-B1 IRWIN/rad10,1.0,0,train
2010151N14065,2010-06-01T15:00:00,E:\Cyclone-x-prototype\datas\HURSAT_NI\2010\2010151N14065\2010151N14065.PHET.2010.06.01.1500.21.MET-7.050.hursat-b1.v06.nc,2010-06-01T15:00:00,0.0,1,Cyclonic Storm,HURSAT-B1 IRWIN/rad10,1.0,0,train
2010151N14065,2010-06-01T15:00:00,E:\Cyclone-x-prototype\datas\HURSAT_NI\2010\2010151N14065\2010151N14065.PHET.2010.06.01.1500.52.FY2-E.050.hursat-b1.v06.nc,2010-06-01T15:00:00,0.0,1,Cyclonic Storm,HURSAT-B1 IRWIN/rad10,1.0,0,train
2010151N14065,2010-06-01T15:00:00,E:\Cyclone-x-prototype\datas\HURSAT_NI\2010\2010151N14065\2010151N14065.PHET.2010.06.01.1500.72.MSG-2.050.hursat-b1.v06.nc,2010-06-01T15:00:00,0.0,1,Cyclonic Storm,HURSAT-B1 IRWIN/rad10,1.0,0,train
2010151N14065,2010-06-01T18:00:00,E:\Cyclone-x-prototype\datas\HURSAT_NI\2010\2010151N14065\2010151N14065.PHET.2010.06.01.1800.21.MET-7.056.hursat-b1.v06.nc,2010-06-01T18:00:00,0.0,1,Cyclonic Storm,HURSAT-B1 IRWIN/rad10,1.0,0,train
2010151N14065,2010-06-01T18:00:00,E:\Cyclone-x-prototype\datas\HURSAT_NI\2010\2010151N14065\2010151N14065.PHET.2010.06.01.1800.52.FY2-E.056.hursat-b1.v06.nc,2010-06-01T18:00:00,0.0,1,Cyclonic Storm,HURSAT-B1 IRWIN/rad10,1.0,0,train
2010151N14065,2010-06-01T18:00:00,E:\Cyclone-x-prototype\datas\HURSAT_NI\2010\2010151N14065\2010151N14065.PHET.2010.06.01.1800.72.MSG-2.056.hursat-b1.v06.nc,2010-06-01T18:00:00,0.0,1,Cyclonic Storm,HURSAT-B1 IRWIN/rad10,1.0,0,train
2010151N14065,2010-06-01T21:00:00,E:\Cyclone-x-prototype\datas\HURSAT_NI\2010\2010151N14065\2010151N14065.PHET.2010.06.01.2100.21.MET-7.061.hursat-b1.v06.nc,2010-06-01T21:00:00,0.0,1,Cyclonic Storm,HURSAT-B1 IRWIN/rad10,1.0,0,train
2010151N14065,2010-06-01T21:00:00,E:\Cyclone-x-prototype\datas\HURSAT_NI\2010\2010151N14065\2010151N14065.PHET.2010.06.01.2100.53.FY2-E.061.hursat-b1.v06.nc,2010-06-01T21:00:00,0.0,1,Cyclonic Storm,HURSAT-B1 IRWIN/rad10,1.0,0,train
2010151N14065,2010-06-01T21:00:00,E:\Cyclone-x-prototype\datas\HURSAT_NI\2010\2010151N14065\2010151N14065.PHET.2010.06.01.2100.72.MSG-2.061.hursat-b1.v06.nc,2010-06-01T21:00:00,0.0,1,Cyclonic Storm,HURSAT-B1 IRWIN/rad10,1.0,0,train
2010151N14065,2010-06-02T00:00:00,E:\Cyclone-x-prototype\datas\HURSAT_NI\2010\2010151N14065\2010151N14065.PHET.2010.06.02.0000.21.MET-7.067.hursat-b1.v06.nc,2010-06-02T00:00:00,0.0,1,Cyclonic Storm,HURSAT-B1 IRWIN/rad10,1.0,0,train
2010151N14065,2010-06-02T00:00:00,E:\Cyclone-x-prototype\datas\HURSAT_NI\2010\2010151N14065\2010151N14065.PHET.2010.06.02.0000.53.FY2-E.067.hursat-b1.v06.nc,2010-06-02T00:00:00,0.0,1,Cyclonic Storm,HURSAT-B1 IRWIN/rad10,1.0,0,train
2010151N14065,2010-06-02T00:00:00,E:\Cyclone-x-prototype\datas\HURSAT_NI\2010\2010151N14065\2010151N14065.PHET.2010.06.02.0000.71.MSG-2.067.hursat-b1.v06.nc,2010-06-02T00:00:00,0.0,1,Cyclonic Storm,HURSAT-B1 IRWIN/rad10,1.0,0,train
2010151N14065,2010-06-02T03:00:00,E:\Cyclone-x-prototype\datas\HURSAT_NI\2010\2010151N14065\2010151N14065.PHET.2010.06.02.0300.21.MET-7.076.hursat-b1.v06.nc,2010-06-02T03:00:00,0.0,1,Cyclonic Storm,HURSAT-B1 IRWIN/rad10,1.0,0,train
2010151N14065,2010-06-02T03:00:00,E:\Cyclone-x-prototype\datas\HURSAT_NI\2010\2010151N14065\2010151N14065.PHET.2010.06.02.0300.53.FY2-E.076.hursat-b1.v06.nc,2010-06-02T03:00:00,0.0,1,Cyclonic Storm,HURSAT-B1 IRWIN/rad10,1.0,0,train
2010151N14065,2010-06-02T03:00:00,E:\Cyclone-x-prototype\datas\HURSAT_NI\2010\2010151N14065\2010151N14065.PHET.2010.06.02.0300.71.MSG-2.076.hursat-b1.v06.nc,2010-06-02T03:00:00,0.0,1,Cyclonic Storm,HURSAT-B1 IRWIN/rad10,1.0,0,train
2010151N14065,2010-06-02T06:00:00,E:\Cyclone-x-prototype\datas\HURSAT_NI\2010\2010151N14065\2010151N14065.PHET.2010.06.02.0600.21.MET-7.086.hursat-b1.v06.nc,2010-06-02T06:00:00,0.0,2,Severe Cyclone,HURSAT-B1 IRWIN/rad10,1.0,0,train
2010151N14065,2010-06-02T06:00:00,E:\Cyclone-x-prototype\datas\HURSAT_NI\2010\2010151N14065\2010151N14065.PHET.2010.06.02.0600.54.FY2-E.086.hursat-b1.v06.nc,2010-06-02T06:00:00,0.0,2,Severe Cyclone,HURSAT-B1 IRWIN/rad10,1.0,0,train
2010151N14065,2010-06-02T06:00:00,E:\Cyclone-x-prototype\datas\HURSAT_NI\2010\2010151N14065\2010151N14065.PHET.2010.06.02.0600.71.MSG-2.086.hursat-b1.v06.nc,2010-06-02T06:00:00,0.0,2,Severe Cyclone,HURSAT-B1 IRWIN/rad10,1.0,0,train
2010151N14065,2010-06-02T09:00:00,E:\Cyclone-x-prototype\datas\HURSAT_NI\2010\2010151N14065\2010151N14065.PHET.2010.06.02.0900.21.MET-7.092.hursat-b1.v06.nc,2010-06-02T09:00:00,0.0,2,Severe Cyclone,HURSAT-B1 IRWIN/rad10,1.0,0,train
2010151N14065,2010-06-02T09:00:00,E:\Cyclone-x-prototype\datas\HURSAT_NI\2010\2010151N14065\2010151N14065.PHET.2010.06.02.0900.54.FY2-E.092.hursat-b1.v06.nc,2010-06-02T09:00:00,0.0,2,Severe Cyclone,HURSAT-B1 IRWIN/rad10,1.0,0,train
2010151N14065,2010-06-02T09:00:00,E:\Cyclone-x-prototype\datas\HURSAT_NI\2010\2010151N14065\2010151N14065.PHET.2010.06.02.0900.71.MSG-2.092.hursat-b1.v06.nc,2010-06-02T09:00:00,0.0,2,Severe Cyclone,HURSAT-B1 IRWIN/rad10,1.0,0,train
2010151N14065,2010-06-02T12:00:00,E:\Cyclone-x-prototype\datas\HURSAT_NI\2010\2010151N14065\2010151N14065.PHET.2010.06.02.1200.22.MET-7.098.hursat-b1.v06.nc,2010-06-02T12:00:00,0.0,2,Severe Cyclone,HURSAT-B1 IRWIN/rad10,1.0,0,train
2010151N14065,2010-06-02T12:00:00,E:\Cyclone-x-prototype\datas\HURSAT_NI\2010\2010151N14065\2010151N14065.PHET.2010.06.02.1200.54.FY2-E.098.hursat-b1.v06.nc,2010-06-02T12:00:00,0.0,2,Severe Cyclone,HURSAT-B1 IRWIN/rad10,1.0,0,train
2010151N14065,2010-06-02T12:00:00,E:\Cyclone-x-prototype\datas\HURSAT_NI\2010\2010151N14065\2010151N14065.PHET.2010.06.02.1200.71.MSG-2.098.hursat-b1.v06.nc,2010-06-02T12:00:00,0.0,2,Severe Cyclone,HURSAT-B1 IRWIN/rad10,1.0,0,train
2010151N14065,2010-06-02T15:00:00,E:\Cyclone-x-prototype\datas\HURSAT_NI\2010\2010151N14065\2010151N14065.PHET.2010.06.02.1500.22.MET-7.096.hursat-b1.v06.nc,2010-06-02T15:00:00,0.0,2,Severe Cyclone,HURSAT-B1 IRWIN/rad10,1.0,0,train
2010151N14065,2010-06-02T15:00:00,E:\Cyclone-x-prototype\datas\HURSAT_NI\2010\2010151N14065\2010151N14065.PHET.2010.06.02.1500.55.FY2-E.096.hursat-b1.v06.nc,2010-06-02T15:00:00,0.0,2,Severe Cyclone,HURSAT-B1 IRWIN/rad10,1.0,0,train
2010151N14065,2010-06-02T15:00:00,E:\Cyclone-x-prototype\datas\HURSAT_NI\2010\2010151N14065\2010151N14065.PHET.2010.06.02.1500.70.MSG-2.096.hursat-b1.v06.nc,2010-06-02T15:00:00,0.0,2,Severe Cyclone,HURSAT-B1 IRWIN/rad10,1.0,0,train
2010151N14065,2010-06-02T18:00:00,E:\Cyclone-x-prototype\datas\HURSAT_NI\2010\2010151N14065\2010151N14065.PHET.2010.06.02.1800.22.MET-7.095.hursat-b1.v06.nc,2010-06-02T18:00:00,0.0,2,Severe Cyclone,HURSAT-B1 IRWIN/rad10,1.0,0,train
2010151N14065,2010-06-02T18:00:00,E:\Cyclone-x-prototype\datas\HURSAT_NI\2010\2010151N14065\2010151N14065.PHET.2010.06.02.1800.55.FY2-E.095.hursat-b1.v06.nc,2010-06-02T18:00:00,0.0,2,Severe Cyclone,HURSAT-B1 IRWIN/rad10,1.0,0,train
2010151N14065,2010-06-02T18:00:00,E:\Cyclone-x-prototype\datas\HURSAT_NI\2010\2010151N14065\2010151N14065.PHET.2010.06.02.1800.70.MSG-2.095.hursat-b1.v06.nc,2010-06-02T18:00:00,0.0,2,Severe Cyclone,HURSAT-B1 IRWIN/rad10,1.0,0,train
2010151N14065,2010-06-02T21:00:00,E:\Cyclone-x-prototype\datas\HURSAT_NI\2010\2010151N14065\2010151N14065.PHET.2010.06.02.2100.22.MET-7.093.hursat-b1.v06.nc,2010-06-02T21:00:00,0.0,2,Severe Cyclone,HURSAT-B1 IRWIN/rad10,1.0,0,train
2010151N14065,2010-06-02T21:00:00,E:\Cyclone-x-prototype\datas\HURSAT_NI\2010\2010151N14065\2010151N14065.PHET.2010.06.02.2100.55.FY2-E.093.hursat-b1.v06.nc,2010-06-02T21:00:00,0.0,2,Severe Cyclone,HURSAT-B1 IRWIN/rad10,1.0,0,train
2010151N14065,2010-06-02T21:00:00,E:\Cyclone-x-prototype\datas\HURSAT_NI\2010\2010151N14065\2010151N14065.PHET.2010.06.02.2100.70.MSG-2.093.hursat-b1.v06.nc,2010-06-02T21:00:00,0.0,2,Severe Cyclone,HURSAT-B1 IRWIN/rad10,1.0,0,train
2010151N14065,2010-06-03T00:00:00,E:\Cyclone-x-prototype\datas\HURSAT_NI\2010\2010151N14065\2010151N14065.PHET.2010.06.03.0000.22.MET-7.090.hursat-b1.v06.nc,2010-06-03T00:00:00,0.0,2,Severe Cyclone,HURSAT-B1 IRWIN/rad10,1.0,0,train
2010151N14065,2010-06-03T00:00:00,E:\Cyclone-x-prototype\datas\HURSAT_NI\2010\2010151N14065\2010151N14065.PHET.2010.06.03.0000.55.FY2-E.090.hursat-b1.v06.nc,2010-06-03T00:00:00,0.0,2,Severe Cyclone,HURSAT-B1 IRWIN/rad10,1.0,0,train
2010151N14065,2010-06-03T00:00:00,E:\Cyclone-x-prototype\datas\HURSAT_NI\2010\2010151N14065\2010151N14065.PHET.2010.06.03.0000.70.MSG-2.090.hursat-b1.v06.nc,2010-06-03T00:00:00,0.0,2,Severe Cyclone,HURSAT-B1 IRWIN/rad10,1.0,0,train
2010151N14065,2010-06-03T03:00:00,E:\Cyclone-x-prototype\datas\HURSAT_NI\2010\2010151N14065\2010151N14065.PHET.2010.06.03.0300.22.MET-7.088.hursat-b1.v06.nc,2010-06-03T03:00:00,0.0,2,Severe Cyclone,HURSAT-B1 IRWIN/rad10,1.0,0,train
2010151N14065,2010-06-03T03:00:00,E:\Cyclone-x-prototype\datas\HURSAT_NI\2010\2010151N14065\2010151N14065.PHET.2010.06.03.0300.55.FY2-E.088.hursat-b1.v06.nc,2010-06-03T03:00:00,0.0,2,Severe Cyclone,HURSAT-B1 IRWIN/rad10,1.0,0,train
2010151N14065,2010-06-03T03:00:00,E:\Cyclone-x-prototype\datas\HURSAT_NI\2010\2010151N14065\2010151N14065.PHET.2010.06.03.0300.70.MSG-2.088.hursat-b1.v06.nc,2010-06-03T03:00:00,0.0,2,Severe Cyclone,HURSAT-B1 IRWIN/rad10,1.0,0,train
2010151N14065,2010-06-03T06:00:00,E:\Cyclone-x-prototype\datas\HURSAT_NI\2010\2010151N14065\2010151N14065.PHET.2010.06.03.0600.23.MET-7.086.hursat-b1.v06.nc,2010-06-03T06:00:00,0.0,2,Severe Cyclone,HURSAT-B1 IRWIN/rad10,1.0,0,train
2010151N14065,2010-06-03T06:00:00,E:\Cyclone-x-prototype\datas\HURSAT_NI\2010\2010151N14065\2010151N14065.PHET.2010.06.03.0600.55.FY2-E.086.hursat-b1.v06.nc,2010-06-03T06:00:00,0.0,2,Severe Cyclone,HURSAT-B1 IRWIN/rad10,1.0,0,train
2010151N14065,2010-06-03T06:00:00,E:\Cyclone-x-prototype\datas\HURSAT_NI\2010\2010151N14065\2010151N14065.PHET.2010.06.03.0600.70.MSG-2.086.hursat-b1.v06.nc,2010-06-03T06:00:00,0.0,2,Severe Cyclone,HURSAT-B1 IRWIN/rad10,1.0,0,train
2010151N14065,2010-06-03T09:00:00,E:\Cyclone-x-prototype\datas\HURSAT_NI\2010\2010151N14065\2010151N14065.PHET.2010.06.03.0900.23.MET-7.085.hursat-b1.v06.nc,2010-06-03T09:00:00,0.0,2,Severe Cyclone,HURSAT-B1 IRWIN/rad10,1.0,0,train
2010151N14065,2010-06-03T09:00:00,E:\Cyclone-x-prototype\datas\HURSAT_NI\2010\2010151N14065\2010151N14065.PHET.2010.06.03.0900.55.FY2-E.085.hursat-b1.v06.nc,2010-06-03T09:00:00,0.0,2,Severe Cyclone,HURSAT-B1 IRWIN/rad10,1.0,0,train
2010151N14065,2010-06-03T09:00:00,E:\Cyclone-x-prototype\datas\HURSAT_NI\2010\2010151N14065\2010151N14065.PHET.2010.06.03.0900.70.MSG-2.085.hursat-b1.v06.nc,2010-06-03T09:00:00,0.0,2,Severe Cyclone,HURSAT-B1 IRWIN/rad10,1.0,0,train
2010151N14065,2010-06-03T12:00:00,E:\Cyclone-x-prototype\datas\HURSAT_NI\2010\2010151N14065\2010151N14065.PHET.2010.06.03.1200.24.MET-7.083.hursat-b1.v06.nc,2010-06-03T12:00:00,0.0,2,Severe Cyclone,HURSAT-B1 IRWIN/rad10,1.0,0,train
2010151N14065,2010-06-03T12:00:00,E:\Cyclone-x-prototype\datas\HURSAT_NI\2010\2010151N14065\2010151N14065.PHET.2010.06.03.1200.56.FY2-E.083.hursat-b1.v06.nc,2010-06-03T12:00:00,0.0,2,Severe Cyclone,HURSAT-B1 IRWIN/rad10,1.0,0,train
2010151N14065,2010-06-03T12:00:00,E:\Cyclone-x-prototype\datas\HURSAT_NI\2010\2010151N14065\2010151N14065.PHET.2010.06.03.1200.70.MSG-2.083.hursat-b1.v06.nc,2010-06-03T12:00:00,0.0,2,Severe Cyclone,HURSAT-B1 IRWIN/rad10,1.0,0,train
2010151N14065,2010-06-03T15:00:00,E:\Cyclone-x-prototype\datas\HURSAT_NI\2010\2010151N14065\2010151N14065.PHET.2010.06.03.1500.24.MET-7.081.hursat-b1.v06.nc,2010-06-03T15:00:00,0.0,2,Severe Cyclone,HURSAT-B1 IRWIN/rad10,1.0,0,train
2010151N14065,2010-06-03T15:00:00,E:\Cyclone-x-prototype\datas\HURSAT_NI\2010\2010151N14065\2010151N14065.PHET.2010.06.03.1500.56.FY2-E.081.hursat-b1.v06.nc,2010-06-03T15:00:00,0.0,2,Severe Cyclone,HURSAT-B1 IRWIN/rad10,1.0,0,train
2010151N14065,2010-06-03T15:00:00,E:\Cyclone-x-prototype\datas\HURSAT_NI\2010\2010151N14065\2010151N14065.PHET.2010.06.03.1500.70.MSG-2.081.hursat-b1.v06.nc,2010-06-03T15:00:00,0.0,2,Severe Cyclone,HURSAT-B1 IRWIN/rad10,1.0,0,train
2010151N14065,2010-06-03T18:00:00,E:\Cyclone-x-prototype\datas\HURSAT_NI\2010\2010151N14065\2010151N14065.PHET.2010.06.03.1800.24.MET-7.079.hursat-b1.v06.nc,2010-06-03T18:00:00,0.0,2,Severe Cyclone,HURSAT-B1 IRWIN/rad10,1.0,0,train
2010151N14065,2010-06-03T18:00:00,E:\Cyclone-x-prototype\datas\HURSAT_NI\2010\2010151N14065\2010151N14065.PHET.2010.06.03.1800.56.FY2-E.079.hursat-b1.v06.nc,2010-06-03T18:00:00,0.0,2,Severe Cyclone,HURSAT-B1 IRWIN/rad10,1.0,0,train
2010151N14065,2010-06-03T18:00:00,E:\Cyclone-x-prototype\datas\HURSAT_NI\2010\2010151N14065\2010151N14065.PHET.2010.06.03.1800.70.MSG-2.079.hursat-b1.v06.nc,2010-06-03T18:00:00,0.0,2,Severe Cyclone,HURSAT-B1 IRWIN/rad10,1.0,0,train
2010151N14065,2010-06-03T21:00:00,E:\Cyclone-x-prototype\datas\HURSAT_NI\2010\2010151N14065\2010151N14065.PHET.2010.06.03.2100.25.MET-7.075.hursat-b1.v06.nc,2010-06-03T21:00:00,0.0,2,Severe Cyclone,HURSAT-B1 IRWIN/rad10,1.0,0,train
2010151N14065,2010-06-03T21:00:00,E:\Cyclone-x-prototype\datas\HURSAT_NI\2010\2010151N14065\2010151N14065.PHET.2010.06.03.2100.56.FY2-E.075.hursat-b1.v06.nc,2010-06-03T21:00:00,0.0,2,Severe Cyclone,HURSAT-B1 IRWIN/rad10,1.0,0,train
2010151N14065,2010-06-03T21:00:00,E:\Cyclone-x-prototype\datas\HURSAT_NI\2010\2010151N14065\2010151N14065.PHET.2010.06.03.2100.70.MSG-2.075.hursat-b1.v06.nc,2010-06-03T21:00:00,0.0,2,Severe Cyclone,HURSAT-B1 IRWIN/rad10,1.0,0,train
2010151N14065,2010-06-04T00:00:00,E:\Cyclone-x-prototype\datas\HURSAT_NI\2010\2010151N14065\2010151N14065.PHET.2010.06.04.0000.25.MET-7.072.hursat-b1.v06.nc,2010-06-04T00:00:00,0.0,2,Severe Cyclone,HURSAT-B1 IRWIN/rad10,1.0,0,train
2010151N14065,2010-06-04T00:00:00,E:\Cyclone-x-prototype\datas\HURSAT_NI\2010\2010151N14065\2010151N14065.PHET.2010.06.04.0000.56.FY2-E.072.hursat-b1.v06.nc,2010-06-04T00:00:00,0.0,2,Severe Cyclone,HURSAT-B1 IRWIN/rad10,1.0,0,train
2010151N14065,2010-06-04T00:00:00,E:\Cyclone-x-prototype\datas\HURSAT_NI\2010\2010151N14065\2010151N14065.PHET.2010.06.04.0000.70.MSG-2.072.hursat-b1.v06.nc,2010-06-04T00:00:00,0.0,2,Severe Cyclone,HURSAT-B1 IRWIN/rad10,1.0,0,train
2010151N14065,2010-06-04T03:00:00,E:\Cyclone-x-prototype\datas\HURSAT_NI\2010\2010151N14065\2010151N14065.PHET.2010.06.04.0300.26.MET-7.068.hursat-b1.v06.nc,2010-06-04T03:00:00,0.0,1,Cyclonic Storm,HURSAT-B1 IRWIN/rad10,1.0,0,train
2010151N14065,2010-06-04T03:00:00,E:\Cyclone-x-prototype\datas\HURSAT_NI\2010\2010151N14065\2010151N14065.PHET.2010.06.04.0300.57.FY2-E.068.hursat-b1.v06.nc,2010-06-04T03:00:00,0.0,1,Cyclonic Storm,HURSAT-B1 IRWIN/rad10,1.0,0,train
2010151N14065,2010-06-04T03:00:00,E:\Cyclone-x-prototype\datas\HURSAT_NI\2010\2010151N14065\2010151N14065.PHET.2010.06.04.0300.70.MSG-2.068.hursat-b1.v06.nc,2010-06-04T03:00:00,0.0,1,Cyclonic Storm,HURSAT-B1 IRWIN/rad10,1.0,0,train
2010151N14065,2010-06-04T06:00:00,E:\Cyclone-x-prototype\datas\HURSAT_NI\2010\2010151N14065\2010151N14065.PHET.2010.06.04.0600.26.MET-7.063.hursat-b1.v06.nc,2010-06-04T06:00:00,0.0,1,Cyclonic Storm,HURSAT-B1 IRWIN/rad10,1.0,0,train
2010151N14065,2010-06-04T06:00:00,E:\Cyclone-x-prototype\datas\HURSAT_NI\2010\2010151N14065\2010151N14065.PHET.2010.06.04.0600.57.FY2-E.063.hursat-b1.v06.nc,2010-06-04T06:00:00,0.0,1,Cyclonic Storm,HURSAT-B1 IRWIN/rad10,1.0,0,train
2010151N14065,2010-06-04T06:00:00,E:\Cyclone-x-prototype\datas\HURSAT_NI\2010\2010151N14065\2010151N14065.PHET.2010.06.04.0600.70.MSG-2.063.hursat-b1.v06.nc,2010-06-04T06:00:00,0.0,1,Cyclonic Storm,HURSAT-B1 IRWIN/rad10,1.0,0,train
2010151N14065,2010-06-04T09:00:00,E:\Cyclone-x-prototype\datas\HURSAT_NI\2010\2010151N14065\2010151N14065.PHET.2010.06.04.0900.27.MET-7.061.hursat-b1.v06.nc,2010-06-04T09:00:00,0.0,1,Cyclonic Storm,HURSAT-B1 IRWIN/rad10,1.0,0,train
2010151N14065,2010-06-04T09:00:00,E:\Cyclone-x-prototype\datas\HURSAT_NI\2010\2010151N14065\2010151N14065.PHET.2010.06.04.0900.57.FY2-E.061.hursat-b1.v06.nc,2010-06-04T09:00:00,0.0,1,Cyclonic Storm,HURSAT-B1 IRWIN/rad10,1.0,0,train
2010151N14065,2010-06-04T09:00:00,E:\Cyclone-x-prototype\datas\HURSAT_NI\2010\2010151N14065\2010151N14065.PHET.2010.06.04.0900.71.MSG-2.061.hursat-b1.v06.nc,2010-06-04T09:00:00,0.0,1,Cyclonic Storm,HURSAT-B1 IRWIN/rad10,1.0,0,train
2010151N14065,2010-06-04T12:00:00,E:\Cyclone-x-prototype\datas\HURSAT_NI\2010\2010151N14065\2010151N14065.PHET.2010.06.04.1200.27.MET-7.059.hursat-b1.v06.nc,2010-06-04T12:00:00,0.0,1,Cyclonic Storm,HURSAT-B1 IRWIN/rad10,1.0,0,train
2010151N14065,2010-06-04T12:00:00,E:\Cyclone-x-prototype\datas\HURSAT_NI\2010\2010151N14065\2010151N14065.PHET.2010.06.04.1200.57.FY2-E.059.hursat-b1.v06.nc,2010-06-04T12:00:00,0.0,1,Cyclonic Storm,HURSAT-B1 IRWIN/rad10,1.0,0,train
2010151N14065,2010-06-04T12:00:00,E:\Cyclone-x-prototype\datas\HURSAT_NI\2010\2010151N14065\2010151N14065.PHET.2010.06.04.1200.71.MSG-2.059.hursat-b1.v06.nc,2010-06-04T12:00:00,0.0,1,Cyclonic Storm,HURSAT-B1 IRWIN/rad10,1.0,0,train
2010151N14065,2010-06-04T15:00:00,E:\Cyclone-x-prototype\datas\HURSAT_NI\2010\2010151N14065\2010151N14065.PHET.2010.06.04.1500.27.MET-7.055.hursat-b1.v06.nc,2010-06-04T15:00:00,0.0,1,Cyclonic Storm,HURSAT-B1 IRWIN/rad10,1.0,0,train
2010151N14065,2010-06-04T15:00:00,E:\Cyclone-x-prototype\datas\HURSAT_NI\2010\2010151N14065\2010151N14065.PHET.2010.06.04.1500.57.FY2-E.055.hursat-b1.v06.nc,2010-06-04T15:00:00,0.0,1,Cyclonic Storm,HURSAT-B1 IRWIN/rad10,1.0,0,train
2010151N14065,2010-06-04T15:00:00,E:\Cyclone-x-prototype\datas\HURSAT_NI\2010\2010151N14065\2010151N14065.PHET.2010.06.04.1500.71.MSG-2.055.hursat-b1.v06.nc,2010-06-04T15:00:00,0.0,1,Cyclonic Storm,HURSAT-B1 IRWIN/rad10,1.0,0,train
2010151N14065,2010-06-04T18:00:00,E:\Cyclone-x-prototype\datas\HURSAT_NI\2010\2010151N14065\2010151N14065.PHET.2010.06.04.1800.28.MET-7.052.hursat-b1.v06.nc,2010-06-04T18:00:00,0.0,1,Cyclonic Storm,HURSAT-B1 IRWIN/rad10,1.0,0,train
2010151N14065,2010-06-04T18:00:00,E:\Cyclone-x-prototype\datas\HURSAT_NI\2010\2010151N14065\2010151N14065.PHET.2010.06.04.1800.57.FY2-E.052.hursat-b1.v06.nc,2010-06-04T18:00:00,0.0,1,Cyclonic Storm,HURSAT-B1 IRWIN/rad10,1.0,0,train
2010151N14065,2010-06-04T18:00:00,E:\Cyclone-x-prototype\datas\HURSAT_NI\2010\2010151N14065\2010151N14065.PHET.2010.06.04.1800.71.MSG-2.052.hursat-b1.v06.nc,2010-06-04T18:00:00,0.0,1,Cyclonic Storm,HURSAT-B1 IRWIN/rad10,1.0,0,train
2010151N14065,2010-06-04T21:00:00,E:\Cyclone-x-prototype\datas\HURSAT_NI\2010\2010151N14065\2010151N14065.PHET.2010.06.04.2100.28.MET-7.047.hursat-b1.v06.nc,2010-06-04T21:00:00,0.0,1,Cyclonic Storm,HURSAT-B1 IRWIN/rad10,1.0,0,train
2010151N14065,2010-06-04T21:00:00,E:\Cyclone-x-prototype\datas\HURSAT_NI\2010\2010151N14065\2010151N14065.PHET.2010.06.04.2100.57.FY2-E.047.hursat-b1.v06.nc,2010-06-04T21:00:00,0.0,1,Cyclonic Storm,HURSAT-B1 IRWIN/rad10,1.0,0,train
2010151N14065,2010-06-04T21:00:00,E:\Cyclone-x-prototype\datas\HURSAT_NI\2010\2010151N14065\2010151N14065.PHET.2010.06.04.2100.71.MSG-2.047.hursat-b1.v06.nc,2010-06-04T21:00:00,0.0,1,Cyclonic Storm,HURSAT-B1 IRWIN/rad10,1.0,0,train
2010151N14065,2010-06-05T00:00:00,E:\Cyclone-x-prototype\datas\HURSAT_NI\2010\2010151N14065\2010151N14065.PHET.2010.06.05.0000.28.MET-7.042.hursat-b1.v06.nc,2010-06-05T00:00:00,0.0,1,Cyclonic Storm,HURSAT-B1 IRWIN/rad10,1.0,0,train
2010151N14065,2010-06-05T00:00:00,E:\Cyclone-x-prototype\datas\HURSAT_NI\2010\2010151N14065\2010151N14065.PHET.2010.06.05.0000.56.FY2-E.042.hursat-b1.v06.nc,2010-06-05T00:00:00,0.0,1,Cyclonic Storm,HURSAT-B1 IRWIN/rad10,1.0,0,train
2010151N14065,2010-06-05T00:00:00,E:\Cyclone-x-prototype\datas\HURSAT_NI\2010\2010151N14065\2010151N14065.PHET.2010.06.05.0000.72.MSG-2.042.hursat-b1.v06.nc,2010-06-05T00:00:00,0.0,1,Cyclonic Storm,HURSAT-B1 IRWIN/rad10,1.0,0,train
2010286N18090,2010-10-13T06:00:00,E:\Cyclone-x-prototype\datas\HURSAT_NI\2010\2010286N18090\2010286N18090.MISSING.2010.10.13.0600.26.FY2-E.025.hursat-b1.v06.nc,2010-10-13T06:00:00,0.0,0,Depression / Weak System,HURSAT-B1 IRWIN/rad10,1.0,0,train
2010286N18090,2010-10-13T06:00:00,E:\Cyclone-x-prototype\datas\HURSAT_NI\2010\2010286N18090\2010286N18090.MISSING.2010.10.13.0600.43.MET-7.025.hursat-b1.v06.nc,2010-10-13T06:00:00,0.0,0,Depression / Weak System,HURSAT-B1 IRWIN/rad10,1.0,0,train
2010286N18090,2010-10-13T06:00:00,E:\Cyclone-x-prototype\datas\HURSAT_NI\2010\2010286N18090\2010286N18090.MISSING.2010.10.13.0600.60.MTS-1.025.hursat-b1.v06.nc,2010-10-13T06:00:00,0.0,0,Depression / Weak System,HURSAT-B1 IRWIN/rad10,1.0,0,train
2010286N18090,2010-10-13T09:00:00,E:\Cyclone-x-prototype\datas\HURSAT_NI\2010\2010286N18090\2010286N18090.MISSING.2010.10.13.0900.27.FY2-E.025.hursat-b1.v06.nc,2010-10-13T06:00:00,3.0,0,Depression / Weak System,HURSAT-B1 IRWIN/rad10,1.0,0,train
2010286N18090,2010-10-13T09:00:00,E:\Cyclone-x-prototype\datas\HURSAT_NI\2010\2010286N18090\2010286N18090.MISSING.2010.10.13.0900.42.MET-7.025.hursat-b1.v06.nc,2010-10-13T06:00:00,3.0,0,Depression / Weak System,HURSAT-B1 IRWIN/rad10,1.0,0,train
2010286N18090,2010-10-13T09:00:00,E:\Cyclone-x-prototype\datas\HURSAT_NI\2010\2010286N18090\2010286N18090.MISSING.2010.10.13.0900.61.MTS-1.025.hursat-b1.v06.nc,2010-10-13T06:00:00,3.0,0,Depression / Weak System,HURSAT-B1 IRWIN/rad10,1.0,0,train
2010286N18090,2010-10-13T12:00:00,E:\Cyclone-x-prototype\datas\HURSAT_NI\2010\2010286N18090\2010286N18090.MISSING.2010.10.13.1200.27.FY2-E.025.hursat-b1.v06.nc,2010-10-13T12:00:00,0.0,0,Depression / Weak System,HURSAT-B1 IRWIN/rad10,1.0,0,train
2010286N18090,2010-10-13T12:00:00,E:\Cyclone-x-prototype\datas\HURSAT_NI\2010\2010286N18090\2010286N18090.MISSING.2010.10.13.1200.42.MET-7.025.hursat-b1.v06.nc,2010-10-13T12:00:00,0.0,0,Depression / Weak System,HURSAT-B1 IRWIN/rad10,1.0,0,train
2010286N18090,2010-10-13T12:00:00,E:\Cyclone-x-prototype\datas\HURSAT_NI\2010\2010286N18090\2010286N18090.MISSING.2010.10.13.1200.61.MTS-1.025.hursat-b1.v06.nc,2010-10-13T12:00:00,0.0,0,Depression / Weak System,HURSAT-B1 IRWIN/rad10,1.0,0,train
2010286N18090,2010-10-13T15:00:00,E:\Cyclone-x-prototype\datas\HURSAT_NI\2010\2010286N18090\2010286N18090.MISSING.2010.10.13.1500.27.FY2-E.025.hursat-b1.v06.nc,2010-10-13T12:00:00,3.0,0,Depression / Weak System,HURSAT-B1 IRWIN/rad10,1.0,0,train
2010286N18090,2010-10-13T15:00:00,E:\Cyclone-x-prototype\datas\HURSAT_NI\2010\2010286N18090\2010286N18090.MISSING.2010.10.13.1500.42.MET-7.025.hursat-b1.v06.nc,2010-10-13T12:00:00,3.0,0,Depression / Weak System,HURSAT-B1 IRWIN/rad10,1.0,0,train
2010286N18090,2010-10-13T15:00:00,E:\Cyclone-x-prototype\datas\HURSAT_NI\2010\2010286N18090\2010286N18090.MISSING.2010.10.13.1500.61.MTS-1.025.hursat-b1.v06.nc,2010-10-13T12:00:00,3.0,0,Depression / Weak System,HURSAT-B1 IRWIN/rad10,1.0,0,train
2010286N18090,2010-10-13T18:00:00,E:\Cyclone-x-prototype\datas\HURSAT_NI\2010\2010286N18090\2010286N18090.MISSING.2010.10.13.1800.28.FY2-E.025.hursat-b1.v06.nc,2010-10-13T18:00:00,0.0,0,Depression / Weak System,HURSAT-B1 IRWIN/rad10,1.0,0,train
2010286N18090,2010-10-13T18:00:00,E:\Cyclone-x-prototype\datas\HURSAT_NI\2010\2010286N18090\2010286N18090.MISSING.2010.10.13.1800.42.MET-7.025.hursat-b1.v06.nc,2010-10-13T18:00:00,0.0,0,Depression / Weak System,HURSAT-B1 IRWIN/rad10,1.0,0,train
2010286N18090,2010-10-13T18:00:00,E:\Cyclone-x-prototype\datas\HURSAT_NI\2010\2010286N18090\2010286N18090.MISSING.2010.10.13.1800.62.MTS-1.025.hursat-b1.v06.nc,2010-10-13T18:00:00,0.0,0,Depression / Weak System,HURSAT-B1 IRWIN/rad10,1.0,0,train
2010286N18090,2010-10-13T21:00:00,E:\Cyclone-x-prototype\datas\HURSAT_NI\2010\2010286N18090\2010286N18090.MISSING.2010.10.13.2100.28.FY2-E.025.hursat-b1.v06.nc,2010-10-13T18:00:00,3.0,0,Depression / Weak System,HURSAT-B1 IRWIN/rad10,1.0,0,train
2010286N18090,2010-10-13T21:00:00,E:\Cyclone-x-prototype\datas\HURSAT_NI\2010\2010286N18090\2010286N18090.MISSING.2010.10.13.2100.42.MET-7.025.hursat-b1.v06.nc,2010-10-13T18:00:00,3.0,0,Depression / Weak System,HURSAT-B1 IRWIN/rad10,1.0,0,train
2010286N18090,2010-10-13T21:00:00,E:\Cyclone-x-prototype\datas\HURSAT_NI\2010\2010286N18090\2010286N18090.MISSING.2010.10.13.2100.62.MTS-1.025.hursat-b1.v06.nc,2010-10-13T18:00:00,3.0,0,Depression / Weak System,HURSAT-B1 IRWIN/rad10,1.0,0,train
2010286N18090,2010-10-14T00:00:00,E:\Cyclone-x-prototype\datas\HURSAT_NI\2010\2010286N18090\2010286N18090.MISSING.2010.10.14.0000.28.FY2-E.025.hursat-b1.v06.nc,2010-10-14T00:00:00,0.0,0,Depression / Weak System,HURSAT-B1 IRWIN/rad10,1.0,0,train
2010286N18090,2010-10-14T00:00:00,E:\Cyclone-x-prototype\datas\HURSAT_NI\2010\2010286N18090\2010286N18090.MISSING.2010.10.14.0000.42.MET-7.025.hursat-b1.v06.nc,2010-10-14T00:00:00,0.0,0,Depression / Weak System,HURSAT-B1 IRWIN/rad10,1.0,0,train
2010286N18090,2010-10-14T00:00:00,E:\Cyclone-x-prototype\datas\HURSAT_NI\2010\2010286N18090\2010286N18090.MISSING.2010.10.14.0000.62.MTS-1.025.hursat-b1.v06.nc,2010-10-14T00:00:00,0.0,0,Depression / Weak System,HURSAT-B1 IRWIN/rad10,1.0,0,train
2010286N18090,2010-10-14T03:00:00,E:\Cyclone-x-prototype\datas\HURSAT_NI\2010\2010286N18090\2010286N18090.MISSING.2010.10.14.0300.28.FY2-E.025.hursat-b1.v06.nc,2010-10-14T03:00:00,0.0,0,Depression / Weak System,HURSAT-B1 IRWIN/rad10,1.0,0,train
2010286N18090,2010-10-14T03:00:00,E:\Cyclone-x-prototype\datas\HURSAT_NI\2010\2010286N18090\2010286N18090.MISSING.2010.10.14.0300.42.MET-7.025.hursat-b1.v06.nc,2010-10-14T03:00:00,0.0,0,Depression / Weak System,HURSAT-B1 IRWIN/rad10,1.0,0,train
2010286N18090,2010-10-14T03:00:00,E:\Cyclone-x-prototype\datas\HURSAT_NI\2010\2010286N18090\2010286N18090.MISSING.2010.10.14.0300.62.MTS-1.025.hursat-b1.v06.nc,2010-10-14T03:00:00,0.0,0,Depression / Weak System,HURSAT-B1 IRWIN/rad10,1.0,0,train
2010286N18090,2010-10-14T06:00:00,E:\Cyclone-x-prototype\datas\HURSAT_NI\2010\2010286N18090\2010286N18090.MISSING.2010.10.14.0600.28.FY2-E.025.hursat-b1.v06.nc,2010-10-14T06:00:00,0.0,0,Depression / Weak System,HURSAT-B1 IRWIN/rad10,1.0,0,train
2010286N18090,2010-10-14T06:00:00,E:\Cyclone-x-prototype\datas\HURSAT_NI\2010\2010286N18090\2010286N18090.MISSING.2010.10.14.0600.42.MET-7.025.hursat-b1.v06.nc,2010-10-14T06:00:00,0.0,0,Depression / Weak System,HURSAT-B1 IRWIN/rad10,1.0,0,train
2010286N18090,2010-10-14T09:00:00,E:\Cyclone-x-prototype\datas\HURSAT_NI\2010\2010286N18090\2010286N18090.MISSING.2010.10.14.0900.28.FY2-E.025.hursat-b1.v06.nc,2010-10-14T06:00:00,3.0,0,Depression / Weak System,HURSAT-B1 IRWIN/rad10,1.0,0,train
2010286N18090,2010-10-14T09:00:00,E:\Cyclone-x-prototype\datas\HURSAT_NI\2010\2010286N18090\2010286N18090.MISSING.2010.10.14.0900.42.MET-7.025.hursat-b1.v06.nc,2010-10-14T06:00:00,3.0,0,Depression / Weak System,HURSAT-B1 IRWIN/rad10,1.0,0,train
2010286N18090,2010-10-14T09:00:00,E:\Cyclone-x-prototype\datas\HURSAT_NI\2010\2010286N18090\2010286N18090.MISSING.2010.10.14.0900.62.MTS-1.025.hursat-b1.v06.nc,2010-10-14T06:00:00,3.0,0,Depression / Weak System,HURSAT-B1 IRWIN/rad10,1.0,0,train
2010286N18090,2010-10-14T12:00:00,E:\Cyclone-x-prototype\datas\HURSAT_NI\2010\2010286N18090\2010286N18090.MISSING.2010.10.14.1200.28.FY2-E.025.hursat-b1.v06.nc,2010-10-14T12:00:00,0.0,0,Depression / Weak System,HURSAT-B1 IRWIN/rad10,1.0,0,train
2010286N18090,2010-10-14T12:00:00,E:\Cyclone-x-prototype\datas\HURSAT_NI\2010\2010286N18090\2010286N18090.MISSING.2010.10.14.1200.41.MET-7.025.hursat-b1.v06.nc,2010-10-14T12:00:00,0.0,0,Depression / Weak System,HURSAT-B1 IRWIN/rad10,1.0,0,train
2010286N18090,2010-10-14T12:00:00,E:\Cyclone-x-prototype\datas\HURSAT_NI\2010\2010286N18090\2010286N18090.MISSING.2010.10.14.1200.62.MTS-1.025.hursat-b1.v06.nc,2010-10-14T12:00:00,0.0,0,Depression / Weak System,HURSAT-B1 IRWIN/rad10,1.0,0,train
2010286N18090,2010-10-14T15:00:00,E:\Cyclone-x-prototype\datas\HURSAT_NI\2010\2010286N18090\2010286N18090.MISSING.2010.10.14.1500.28.FY2-E.025.hursat-b1.v06.nc,2010-10-14T12:00:00,3.0,0,Depression / Weak System,HURSAT-B1 IRWIN/rad10,1.0,0,train
2010286N18090,2010-10-14T15:00:00,E:\Cyclone-x-prototype\datas\HURSAT_NI\2010\2010286N18090\2010286N18090.MISSING.2010.10.14.1500.41.MET-7.025.hursat-b1.v06.nc,2010-10-14T12:00:00,3.0,0,Depression / Weak System,HURSAT-B1 IRWIN/rad10,1.0,0,train
2010286N18090,2010-10-14T15:00:00,E:\Cyclone-x-prototype\datas\HURSAT_NI\2010\2010286N18090\2010286N18090.MISSING.2010.10.14.1500.62.MTS-1.025.hursat-b1.v06.nc,2010-10-14T12:00:00,3.0,0,Depression / Weak System,HURSAT-B1 IRWIN/rad10,1.0,0,train
2010286N18090,2010-10-14T18:00:00,E:\Cyclone-x-prototype\datas\HURSAT_NI\2010\2010286N18090\2010286N18090.MISSING.2010.10.14.1800.28.FY2-E.025.hursat-b1.v06.nc,2010-10-14T18:00:00,0.0,0,Depression / Weak System,HURSAT-B1 IRWIN/rad10,1.0,0,train
2010286N18090,2010-10-14T18:00:00,E:\Cyclone-x-prototype\datas\HURSAT_NI\2010\2010286N18090\2010286N18090.MISSING.2010.10.14.1800.41.MET-7.025.hursat-b1.v06.nc,2010-10-14T18:00:00,0.0,0,Depression / Weak System,HURSAT-B1 IRWIN/rad10,1.0,0,train
2010286N18090,2010-10-14T18:00:00,E:\Cyclone-x-prototype\datas\HURSAT_NI\2010\2010286N18090\2010286N18090.MISSING.2010.10.14.1800.62.MTS-1.025.hursat-b1.v06.nc,2010-10-14T18:00:00,0.0,0,Depression / Weak System,HURSAT-B1 IRWIN/rad10,1.0,0,train
2010286N18090,2010-10-14T21:00:00,E:\Cyclone-x-prototype\datas\HURSAT_NI\2010\2010286N18090\2010286N18090.MISSING.2010.10.14.2100.28.FY2-E.025.hursat-b1.v06.nc,2010-10-14T18:00:00,3.0,0,Depression / Weak System,HURSAT-B1 IRWIN/rad10,1.0,0,train
2010286N18090,2010-10-14T21:00:00,E:\Cyclone-x-prototype\datas\HURSAT_NI\2010\2010286N18090\2010286N18090.MISSING.2010.10.14.2100.41.MET-7.025.hursat-b1.v06.nc,2010-10-14T18:00:00,3.0,0,Depression / Weak System,HURSAT-B1 IRWIN/rad10,1.0,0,train
2010286N18090,2010-10-14T21:00:00,E:\Cyclone-x-prototype\datas\HURSAT_NI\2010\2010286N18090\2010286N18090.MISSING.2010.10.14.2100.62.MTS-1.025.hursat-b1.v06.nc,2010-10-14T18:00:00,3.0,0,Depression / Weak System,HURSAT-B1 IRWIN/rad10,1.0,0,train
2010286N18090,2010-10-15T00:00:00,E:\Cyclone-x-prototype\datas\HURSAT_NI\2010\2010286N18090\2010286N18090.MISSING.2010.10.15.0000.29.FY2-E.025.hursat-b1.v06.nc,2010-10-15T00:00:00,0.0,0,Depression / Weak System,HURSAT-B1 IRWIN/rad10,1.0,0,train
2010286N18090,2010-10-15T00:00:00,E:\Cyclone-x-prototype\datas\HURSAT_NI\2010\2010286N18090\2010286N18090.MISSING.2010.10.15.0000.41.MET-7.025.hursat-b1.v06.nc,2010-10-15T00:00:00,0.0,0,Depression / Weak System,HURSAT-B1 IRWIN/rad10,1.0,0,train
2010286N18090,2010-10-15T00:00:00,E:\Cyclone-x-prototype\datas\HURSAT_NI\2010\2010286N18090\2010286N18090.MISSING.2010.10.15.0000.63.MTS-1.025.hursat-b1.v06.nc,2010-10-15T00:00:00,0.0,0,Depression / Weak System,HURSAT-B1 IRWIN/rad10,1.0,0,train
2010286N18090,2010-10-15T03:00:00,E:\Cyclone-x-prototype\datas\HURSAT_NI\2010\2010286N18090\2010286N18090.MISSING.2010.10.15.0300.30.FY2-E.028.hursat-b1.v06.nc,2010-10-15T03:00:00,0.0,0,Depression / Weak System,HURSAT-B1 IRWIN/rad10,1.0,0,train
2010286N18090,2010-10-15T03:00:00,E:\Cyclone-x-prototype\datas\HURSAT_NI\2010\2010286N18090\2010286N18090.MISSING.2010.10.15.0300.41.MET-7.028.hursat-b1.v06.nc,2010-10-15T03:00:00,0.0,0,Depression / Weak System,HURSAT-B1 IRWIN/rad10,1.0,0,train
2010286N18090,2010-10-15T06:00:00,E:\Cyclone-x-prototype\datas\HURSAT_NI\2010\2010286N18090\2010286N18090.MISSING.2010.10.15.0600.31.FY2-E.030.hursat-b1.v06.nc,2010-10-15T06:00:00,0.0,0,Depression / Weak System,HURSAT-B1 IRWIN/rad10,1.0,0,train
2010286N18090,2010-10-15T06:00:00,E:\Cyclone-x-prototype\datas\HURSAT_NI\2010\2010286N18090\2010286N18090.MISSING.2010.10.15.0600.40.MET-7.030.hursat-b1.v06.nc,2010-10-15T06:00:00,0.0,0,Depression / Weak System,HURSAT-B1 IRWIN/rad10,1.0,0,train
2010286N18090,2010-10-15T06:00:00,E:\Cyclone-x-prototype\datas\HURSAT_NI\2010\2010286N18090\2010286N18090.MISSING.2010.10.15.0600.65.MTS-1.030.hursat-b1.v06.nc,2010-10-15T06:00:00,0.0,0,Depression / Weak System,HURSAT-B1 IRWIN/rad10,1.0,0,train
2010286N18090,2010-10-15T09:00:00,E:\Cyclone-x-prototype\datas\HURSAT_NI\2010\2010286N18090\2010286N18090.MISSING.2010.10.15.0900.31.FY2-E.030.hursat-b1.v06.nc,2010-10-15T06:00:00,3.0,0,Depression / Weak System,HURSAT-B1 IRWIN/rad10,1.0,0,train
2010286N18090,2010-10-15T09:00:00,E:\Cyclone-x-prototype\datas\HURSAT_NI\2010\2010286N18090\2010286N18090.MISSING.2010.10.15.0900.40.MET-7.030.hursat-b1.v06.nc,2010-10-15T06:00:00,3.0,0,Depression / Weak System,HURSAT-B1 IRWIN/rad10,1.0,0,train
2010286N18090,2010-10-15T09:00:00,E:\Cyclone-x-prototype\datas\HURSAT_NI\2010\2010286N18090\2010286N18090.MISSING.2010.10.15.0900.65.MTS-1.030.hursat-b1.v06.nc,2010-10-15T06:00:00,3.0,0,Depression / Weak System,HURSAT-B1 IRWIN/rad10,1.0,0,train
2010286N18090,2010-10-15T12:00:00,E:\Cyclone-x-prototype\datas\HURSAT_NI\2010\2010286N18090\2010286N18090.MISSING.2010.10.15.1200.31.FY2-E.030.hursat-b1.v06.nc,2010-10-15T12:00:00,0.0,0,Depression / Weak System,HURSAT-B1 IRWIN/rad10,1.0,0,train
2010286N18090,2010-10-15T12:00:00,E:\Cyclone-x-prototype\datas\HURSAT_NI\2010\2010286N18090\2010286N18090.MISSING.2010.10.15.1200.40.MET-7.030.hursat-b1.v06.nc,2010-10-15T12:00:00,0.0,0,Depression / Weak System,HURSAT-B1 IRWIN/rad10,1.0,0,train
2010286N18090,2010-10-15T12:00:00,E:\Cyclone-x-prototype\datas\HURSAT_NI\2010\2010286N18090\2010286N18090.MISSING.2010.10.15.1200.65.MTS-1.030.hursat-b1.v06.nc,2010-10-15T12:00:00,0.0,0,Depression / Weak System,HURSAT-B1 IRWIN/rad10,1.0,0,train
2010286N18090,2010-10-15T15:00:00,E:\Cyclone-x-prototype\datas\HURSAT_NI\2010\2010286N18090\2010286N18090.MISSING.2010.10.15.1500.32.FY2-E.030.hursat-b1.v06.nc,2010-10-15T12:00:00,3.0,0,Depression / Weak System,HURSAT-B1 IRWIN/rad10,1.0,0,train
2010286N18090,2010-10-15T15:00:00,E:\Cyclone-x-prototype\datas\HURSAT_NI\2010\2010286N18090\2010286N18090.MISSING.2010.10.15.1500.39.MET-7.030.hursat-b1.v06.nc,2010-10-15T12:00:00,3.0,0,Depression / Weak System,HURSAT-B1 IRWIN/rad10,1.0,0,train
2010286N18090,2010-10-15T15:00:00,E:\Cyclone-x-prototype\datas\HURSAT_NI\2010\2010286N18090\2010286N18090.MISSING.2010.10.15.1500.65.MTS-1.030.hursat-b1.v06.nc,2010-10-15T12:00:00,3.0,0,Depression / Weak System,HURSAT-B1 IRWIN/rad10,1.0,0,train
2010286N18090,2010-10-15T18:00:00,E:\Cyclone-x-prototype\datas\HURSAT_NI\2010\2010286N18090\2010286N18090.MISSING.2010.10.15.1800.32.FY2-E.030.hursat-b1.v06.nc,2010-10-15T18:00:00,0.0,0,Depression / Weak System,HURSAT-B1 IRWIN/rad10,1.0,0,train
2010286N18090,2010-10-15T18:00:00,E:\Cyclone-x-prototype\datas\HURSAT_NI\2010\2010286N18090\2010286N18090.MISSING.2010.10.15.1800.39.MET-7.030.hursat-b1.v06.nc,2010-10-15T18:00:00,0.0,0,Depression / Weak System,HURSAT-B1 IRWIN/rad10,1.0,0,train
2010286N18090,2010-10-15T18:00:00,E:\Cyclone-x-prototype\datas\HURSAT_NI\2010\2010286N18090\2010286N18090.MISSING.2010.10.15.1800.66.MTS-1.030.hursat-b1.v06.nc,2010-10-15T18:00:00,0.0,0,Depression / Weak System,HURSAT-B1 IRWIN/rad10,1.0,0,train
2010286N18090,2010-10-15T21:00:00,E:\Cyclone-x-prototype\datas\HURSAT_NI\2010\2010286N18090\2010286N18090.MISSING.2010.10.15.2100.32.FY2-E.028.hursat-b1.v06.nc,2010-10-15T18:00:00,3.0,0,Depression / Weak System,HURSAT-B1 IRWIN/rad10,1.0,0,train
2010286N18090,2010-10-15T21:00:00,E:\Cyclone-x-prototype\datas\HURSAT_NI\2010\2010286N18090\2010286N18090.MISSING.2010.10.15.2100.38.MET-7.028.hursat-b1.v06.nc,2010-10-15T18:00:00,3.0,0,Depression / Weak System,HURSAT-B1 IRWIN/rad10,1.0,0,train
2010286N18090,2010-10-15T21:00:00,E:\Cyclone-x-prototype\datas\HURSAT_NI\2010\2010286N18090\2010286N18090.MISSING.2010.10.15.2100.66.MTS-1.028.hursat-b1.v06.nc,2010-10-15T18:00:00,3.0,0,Depression / Weak System,HURSAT-B1 IRWIN/rad10,1.0,0,train
2010286N18090,2010-10-16T00:00:00,E:\Cyclone-x-prototype\datas\HURSAT_NI\2010\2010286N18090\2010286N18090.MISSING.2010.10.16.0000.32.FY2-E.025.hursat-b1.v06.nc,2010-10-16T00:00:00,0.0,0,Depression / Weak System,HURSAT-B1 IRWIN/rad10,1.0,0,train
2010286N18090,2010-10-16T00:00:00,E:\Cyclone-x-prototype\datas\HURSAT_NI\2010\2010286N18090\2010286N18090.MISSING.2010.10.16.0000.38.MET-7.025.hursat-b1.v06.nc,2010-10-16T00:00:00,0.0,0,Depression / Weak System,HURSAT-B1 IRWIN/rad10,1.0,0,train
2010286N18090,2010-10-16T00:00:00,E:\Cyclone-x-prototype\datas\HURSAT_NI\2010\2010286N18090\2010286N18090.MISSING.2010.10.16.0000.66.MTS-1.025.hursat-b1.v06.nc,2010-10-16T00:00:00,0.0,0,Depression / Weak System,HURSAT-B1 IRWIN/rad10,1.0,0,train
2010293N17093,2010-10-20T09:00:00,E:\Cyclone-x-prototype\datas\HURSAT_NI\2010\2010293N17093\2010293N17093.GIRI.2010.10.20.0900.25.FY2-E.026.hursat-b1.v06.nc,2010-10-20T12:00:00,3.0,0,Depression / Weak System,HURSAT-B1 IRWIN/rad10,1.0,0,test
2010293N17093,2010-10-20T09:00:00,E:\Cyclone-x-prototype\datas\HURSAT_NI\2010\2010293N17093\2010293N17093.GIRI.2010.10.20.0900.44.MET-7.026.hursat-b1.v06.nc,2010-10-20T12:00:00,3.0,0,Depression / Weak System,HURSAT-B1 IRWIN/rad10,1.0,0,test
2010293N17093,2010-10-20T09:00:00,E:\Cyclone-x-prototype\datas\HURSAT_NI\2010\2010293N17093\2010293N17093.GIRI.2010.10.20.0900.58.MTS-1.026.hursat-b1.v06.nc,2010-10-20T12:00:00,3.0,0,Depression / Weak System,HURSAT-B1 IRWIN/rad10,1.0,0,test
2010293N17093,2010-10-20T12:00:00,E:\Cyclone-x-prototype\datas\HURSAT_NI\2010\2010293N17093\2010293N17093.GIRI.2010.10.20.1200.25.FY2-E.026.hursat-b1.v06.nc,2010-10-20T12:00:00,0.0,0,Depression / Weak System,HURSAT-B1 IRWIN/rad10,1.0,0,test
2010293N17093,2010-10-20T12:00:00,E:\Cyclone-x-prototype\datas\HURSAT_NI\2010\2010293N17093\2010293N17093.GIRI.2010.10.20.1200.44.MET-7.026.hursat-b1.v06.nc,2010-10-20T12:00:00,0.0,0,Depression / Weak System,HURSAT-B1 IRWIN/rad10,1.0,0,test
2010293N17093,2010-10-20T12:00:00,E:\Cyclone-x-prototype\datas\HURSAT_NI\2010\2010293N17093\2010293N17093.GIRI.2010.10.20.1200.58.MTS-1.026.hursat-b1.v06.nc,2010-10-20T12:00:00,0.0,0,Depression / Weak System,HURSAT-B1 IRWIN/rad10,1.0,0,test
2010293N17093,2010-10-20T15:00:00,E:\Cyclone-x-prototype\datas\HURSAT_NI\2010\2010293N17093\2010293N17093.GIRI.2010.10.20.1500.25.FY2-E.027.hursat-b1.v06.nc,2010-10-20T12:00:00,3.0,0,Depression / Weak System,HURSAT-B1 IRWIN/rad10,1.0,0,test
2010293N17093,2010-10-20T15:00:00,E:\Cyclone-x-prototype\datas\HURSAT_NI\2010\2010293N17093\2010293N17093.GIRI.2010.10.20.1500.44.MET-7.027.hursat-b1.v06.nc,2010-10-20T12:00:00,3.0,0,Depression / Weak System,HURSAT-B1 IRWIN/rad10,1.0,0,test
2010293N17093,2010-10-20T15:00:00,E:\Cyclone-x-prototype\datas\HURSAT_NI\2010\2010293N17093\2010293N17093.GIRI.2010.10.20.1500.58.MTS-1.027.hursat-b1.v06.nc,2010-10-20T12:00:00,3.0,0,Depression / Weak System,HURSAT-B1 IRWIN/rad10,1.0,0,test
2010293N17093,2010-10-20T18:00:00,E:\Cyclone-x-prototype\datas\HURSAT_NI\2010\2010293N17093\2010293N17093.GIRI.2010.10.20.1800.25.FY2-E.028.hursat-b1.v06.nc,2010-10-20T18:00:00,0.0,0,Depression / Weak System,HURSAT-B1 IRWIN/rad10,1.0,0,test
2010293N17093,2010-10-20T18:00:00,E:\Cyclone-x-prototype\datas\HURSAT_NI\2010\2010293N17093\2010293N17093.GIRI.2010.10.20.1800.44.MET-7.028.hursat-b1.v06.nc,2010-10-20T18:00:00,0.0,0,Depression / Weak System,HURSAT-B1 IRWIN/rad10,1.0,0,test
2010293N17093,2010-10-20T18:00:00,E:\Cyclone-x-prototype\datas\HURSAT_NI\2010\2010293N17093\2010293N17093.GIRI.2010.10.20.1800.58.MTS-1.028.hursat-b1.v06.nc,2010-10-20T18:00:00,0.0,0,Depression / Weak System,HURSAT-B1 IRWIN/rad10,1.0,0,test
2010293N17093,2010-10-20T21:00:00,E:\Cyclone-x-prototype\datas\HURSAT_NI\2010\2010293N17093\2010293N17093.GIRI.2010.10.20.2100.25.FY2-E.031.hursat-b1.v06.nc,2010-10-20T18:00:00,3.0,0,Depression / Weak System,HURSAT-B1 IRWIN/rad10,1.0,0,test
2010293N17093,2010-10-20T21:00:00,E:\Cyclone-x-prototype\datas\HURSAT_NI\2010\2010293N17093\2010293N17093.GIRI.2010.10.20.2100.44.MET-7.031.hursat-b1.v06.nc,2010-10-20T18:00:00,3.0,0,Depression / Weak System,HURSAT-B1 IRWIN/rad10,1.0,0,test
2010293N17093,2010-10-20T21:00:00,E:\Cyclone-x-prototype\datas\HURSAT_NI\2010\2010293N17093\2010293N17093.GIRI.2010.10.20.2100.58.MTS-1.031.hursat-b1.v06.nc,2010-10-20T18:00:00,3.0,0,Depression / Weak System,HURSAT-B1 IRWIN/rad10,1.0,0,test
2010293N17093,2010-10-21T00:00:00,E:\Cyclone-x-prototype\datas\HURSAT_NI\2010\2010293N17093\2010293N17093.GIRI.2010.10.21.0000.44.MET-7.035.hursat-b1.v06.nc,2010-10-21T00:00:00,0.0,0,Depression / Weak System,HURSAT-B1 IRWIN/rad10,1.0,0,test
2010293N17093,2010-10-21T00:00:00,E:\Cyclone-x-prototype\datas\HURSAT_NI\2010\2010293N17093\2010293N17093.GIRI.2010.10.21.0000.58.MTS-1.035.hursat-b1.v06.nc,2010-10-21T00:00:00,0.0,0,Depression / Weak System,HURSAT-B1 IRWIN/rad10,1.0,0,test
2010293N17093,2010-10-21T03:00:00,E:\Cyclone-x-prototype\datas\HURSAT_NI\2010\2010293N17093\2010293N17093.GIRI.2010.10.21.0300.44.MET-7.038.hursat-b1.v06.nc,2010-10-21T03:00:00,0.0,0,Depression / Weak System,HURSAT-B1 IRWIN/rad10,1.0,0,test
2010293N17093,2010-10-21T03:00:00,E:\Cyclone-x-prototype\datas\HURSAT_NI\2010\2010293N17093\2010293N17093.GIRI.2010.10.21.0300.58.MTS-1.038.hursat-b1.v06.nc,2010-10-21T03:00:00,0.0,0,Depression / Weak System,HURSAT-B1 IRWIN/rad10,1.0,0,test
2010293N17093,2010-10-21T06:00:00,E:\Cyclone-x-prototype\datas\HURSAT_NI\2010\2010293N17093\2010293N17093.GIRI.2010.10.21.0600.45.MET-7.042.hursat-b1.v06.nc,2010-10-21T06:00:00,0.0,1,Cyclonic Storm,HURSAT-B1 IRWIN/rad10,1.0,0,test
2010293N17093,2010-10-21T06:00:00,E:\Cyclone-x-prototype\datas\HURSAT_NI\2010\2010293N17093\2010293N17093.GIRI.2010.10.21.0600.58.MTS-1.042.hursat-b1.v06.nc,2010-10-21T06:00:00,0.0,1,Cyclonic Storm,HURSAT-B1 IRWIN/rad10,1.0,0,test
2010293N17093,2010-10-21T09:00:00,E:\Cyclone-x-prototype\datas\HURSAT_NI\2010\2010293N17093\2010293N17093.GIRI.2010.10.21.0900.45.MET-7.046.hursat-b1.v06.nc,2010-10-21T09:00:00,0.0,1,Cyclonic Storm,HURSAT-B1 IRWIN/rad10,1.0,0,test
2010293N17093,2010-10-21T09:00:00,E:\Cyclone-x-prototype\datas\HURSAT_NI\2010\2010293N17093\2010293N17093.GIRI.2010.10.21.0900.58.MTS-1.046.hursat-b1.v06.nc,2010-10-21T09:00:00,0.0,1,Cyclonic Storm,HURSAT-B1 IRWIN/rad10,1.0,0,test
2010293N17093,2010-10-21T12:00:00,E:\Cyclone-x-prototype\datas\HURSAT_NI\2010\2010293N17093\2010293N17093.GIRI.2010.10.21.1200.45.MET-7.051.hursat-b1.v06.nc,2010-10-21T12:00:00,0.0,1,Cyclonic Storm,HURSAT-B1 IRWIN/rad10,1.0,0,test
2010293N17093,2010-10-21T12:00:00,E:\Cyclone-x-prototype\datas\HURSAT_NI\2010\2010293N17093\2010293N17093.GIRI.2010.10.21.1200.58.MTS-1.051.hursat-b1.v06.nc,2010-10-21T12:00:00,0.0,1,Cyclonic Storm,HURSAT-B1 IRWIN/rad10,1.0,0,test
2010293N17093,2010-10-21T15:00:00,E:\Cyclone-x-prototype\datas\HURSAT_NI\2010\2010293N17093\2010293N17093.GIRI.2010.10.21.1500.45.MET-7.053.hursat-b1.v06.nc,2010-10-21T15:00:00,0.0,1,Cyclonic Storm,HURSAT-B1 IRWIN/rad10,1.0,0,test
2010293N17093,2010-10-21T15:00:00,E:\Cyclone-x-prototype\datas\HURSAT_NI\2010\2010293N17093\2010293N17093.GIRI.2010.10.21.1500.58.MTS-1.053.hursat-b1.v06.nc,2010-10-21T15:00:00,0.0,1,Cyclonic Storm,HURSAT-B1 IRWIN/rad10,1.0,0,test
2010293N17093,2010-10-21T18:00:00,E:\Cyclone-x-prototype\datas\HURSAT_NI\2010\2010293N17093\2010293N17093.GIRI.2010.10.21.1800.45.MET-7.056.hursat-b1.v06.nc,2010-10-21T18:00:00,0.0,1,Cyclonic Storm,HURSAT-B1 IRWIN/rad10,1.0,0,test
2010293N17093,2010-10-21T18:00:00,E:\Cyclone-x-prototype\datas\HURSAT_NI\2010\2010293N17093\2010293N17093.GIRI.2010.10.21.1800.58.MTS-1.056.hursat-b1.v06.nc,2010-10-21T18:00:00,0.0,1,Cyclonic Storm,HURSAT-B1 IRWIN/rad10,1.0,0,test
2010293N17093,2010-10-21T21:00:00,E:\Cyclone-x-prototype\datas\HURSAT_NI\2010\2010293N17093\2010293N17093.GIRI.2010.10.21.2100.46.MET-7.063.hursat-b1.v06.nc,2010-10-21T21:00:00,0.0,1,Cyclonic Storm,HURSAT-B1 IRWIN/rad10,1.0,0,test
2010293N17093,2010-10-21T21:00:00,E:\Cyclone-x-prototype\datas\HURSAT_NI\2010\2010293N17093\2010293N17093.GIRI.2010.10.21.2100.58.MTS-1.063.hursat-b1.v06.nc,2010-10-21T21:00:00,0.0,1,Cyclonic Storm,HURSAT-B1 IRWIN/rad10,1.0,0,test
2010293N17093,2010-10-22T00:00:00,E:\Cyclone-x-prototype\datas\HURSAT_NI\2010\2010293N17093\2010293N17093.GIRI.2010.10.22.0000.26.FY2-E.070.hursat-b1.v06.nc,2010-10-22T00:00:00,0.0,1,Cyclonic Storm,HURSAT-B1 IRWIN/rad10,1.0,0,test
2010293N17093,2010-10-22T00:00:00,E:\Cyclone-x-prototype\datas\HURSAT_NI\2010\2010293N17093\2010293N17093.GIRI.2010.10.22.0000.46.MET-7.070.hursat-b1.v06.nc,2010-10-22T00:00:00,0.0,1,Cyclonic Storm,HURSAT-B1 IRWIN/rad10,1.0,0,test
2010293N17093,2010-10-22T00:00:00,E:\Cyclone-x-prototype\datas\HURSAT_NI\2010\2010293N17093\2010293N17093.GIRI.2010.10.22.0000.58.MTS-1.070.hursat-b1.v06.nc,2010-10-22T00:00:00,0.0,1,Cyclonic Storm,HURSAT-B1 IRWIN/rad10,1.0,0,test
2010293N17093,2010-10-22T03:00:00,E:\Cyclone-x-prototype\datas\HURSAT_NI\2010\2010293N17093\2010293N17093.GIRI.2010.10.22.0300.26.FY2-E.085.hursat-b1.v06.nc,2010-10-22T03:00:00,0.0,2,Severe Cyclone,HURSAT-B1 IRWIN/rad10,1.0,0,test
2010293N17093,2010-10-22T03:00:00,E:\Cyclone-x-prototype\datas\HURSAT_NI\2010\2010293N17093\2010293N17093.GIRI.2010.10.22.0300.46.MET-7.085.hursat-b1.v06.nc,2010-10-22T03:00:00,0.0,2,Severe Cyclone,HURSAT-B1 IRWIN/rad10,1.0,0,test
2010293N17093,2010-10-22T03:00:00,E:\Cyclone-x-prototype\datas\HURSAT_NI\2010\2010293N17093\2010293N17093.GIRI.2010.10.22.0300.58.MTS-1.085.hursat-b1.v06.nc,2010-10-22T03:00:00,0.0,2,Severe Cyclone,HURSAT-B1 IRWIN/rad10,1.0,0,test
2010293N17093,2010-10-22T06:00:00,E:\Cyclone-x-prototype\datas\HURSAT_NI\2010\2010293N17093\2010293N17093.GIRI.2010.10.22.0600.26.FY2-E.100.hursat-b1.v06.nc,2010-10-22T06:00:00,0.0,2,Severe Cyclone,HURSAT-B1 IRWIN/rad10,1.0,0,test
2010293N17093,2010-10-22T06:00:00,E:\Cyclone-x-prototype\datas\HURSAT_NI\2010\2010293N17093\2010293N17093.GIRI.2010.10.22.0600.47.MET-7.100.hursat-b1.v06.nc,2010-10-22T06:00:00,0.0,2,Severe Cyclone,HURSAT-B1 IRWIN/rad10,1.0,0,test
2010293N17093,2010-10-22T06:00:00,E:\Cyclone-x-prototype\datas\HURSAT_NI\2010\2010293N17093\2010293N17093.GIRI.2010.10.22.0600.57.MTS-1.100.hursat-b1.v06.nc,2010-10-22T06:00:00,0.0,2,Severe Cyclone,HURSAT-B1 IRWIN/rad10,1.0,0,test
2010293N17093,2010-10-22T09:00:00,E:\Cyclone-x-prototype\datas\HURSAT_NI\2010\2010293N17093\2010293N17093.GIRI.2010.10.22.0900.26.FY2-E.106.hursat-b1.v06.nc,2010-10-22T09:00:00,0.0,2,Severe Cyclone,HURSAT-B1 IRWIN/rad10,1.0,0,test
2010293N17093,2010-10-22T09:00:00,E:\Cyclone-x-prototype\datas\HURSAT_NI\2010\2010293N17093\2010293N17093.GIRI.2010.10.22.0900.47.MET-7.106.hursat-b1.v06.nc,2010-10-22T09:00:00,0.0,2,Severe Cyclone,HURSAT-B1 IRWIN/rad10,1.0,0,test
2010293N17093,2010-10-22T09:00:00,E:\Cyclone-x-prototype\datas\HURSAT_NI\2010\2010293N17093\2010293N17093.GIRI.2010.10.22.0900.57.MTS-1.106.hursat-b1.v06.nc,2010-10-22T09:00:00,0.0,2,Severe Cyclone,HURSAT-B1 IRWIN/rad10,1.0,0,test
2010293N17093,2010-10-22T12:00:00,E:\Cyclone-x-prototype\datas\HURSAT_NI\2010\2010293N17093\2010293N17093.GIRI.2010.10.22.1200.27.FY2-E.112.hursat-b1.v06.nc,2010-10-22T12:00:00,0.0,2,Severe Cyclone,HURSAT-B1 IRWIN/rad10,1.0,0,test
2010293N17093,2010-10-22T12:00:00,E:\Cyclone-x-prototype\datas\HURSAT_NI\2010\2010293N17093\2010293N17093.GIRI.2010.10.22.1200.47.MET-7.112.hursat-b1.v06.nc,2010-10-22T12:00:00,0.0,2,Severe Cyclone,HURSAT-B1 IRWIN/rad10,1.0,0,test
2010293N17093,2010-10-22T12:00:00,E:\Cyclone-x-prototype\datas\HURSAT_NI\2010\2010293N17093\2010293N17093.GIRI.2010.10.22.1200.57.MTS-1.112.hursat-b1.v06.nc,2010-10-22T12:00:00,0.0,2,Severe Cyclone,HURSAT-B1 IRWIN/rad10,1.0,0,test
2010293N17093,2010-10-22T15:00:00,E:\Cyclone-x-prototype\datas\HURSAT_NI\2010\2010293N17093\2010293N17093.GIRI.2010.10.22.1500.27.FY2-E.091.hursat-b1.v06.nc,2010-10-22T15:00:00,0.0,2,Severe Cyclone,HURSAT-B1 IRWIN/rad10,1.0,0,test
2010293N17093,2010-10-22T15:00:00,E:\Cyclone-x-prototype\datas\HURSAT_NI\2010\2010293N17093\2010293N17093.GIRI.2010.10.22.1500.48.MET-7.091.hursat-b1.v06.nc,2010-10-22T15:00:00,0.0,2,Severe Cyclone,HURSAT-B1 IRWIN/rad10,1.0,0,test
2010293N17093,2010-10-22T15:00:00,E:\Cyclone-x-prototype\datas\HURSAT_NI\2010\2010293N17093\2010293N17093.GIRI.2010.10.22.1500.57.MTS-1.091.hursat-b1.v06.nc,2010-10-22T15:00:00,0.0,2,Severe Cyclone,HURSAT-B1 IRWIN/rad10,1.0,0,test
2010293N17093,2010-10-22T18:00:00,E:\Cyclone-x-prototype\datas\HURSAT_NI\2010\2010293N17093\2010293N17093.GIRI.2010.10.22.1800.27.FY2-E.070.hursat-b1.v06.nc,2010-10-22T18:00:00,0.0,2,Severe Cyclone,HURSAT-B1 IRWIN/rad10,1.0,0,test
2010293N17093,2010-10-22T18:00:00,E:\Cyclone-x-prototype\datas\HURSAT_NI\2010\2010293N17093\2010293N17093.GIRI.2010.10.22.1800.48.MET-7.070.hursat-b1.v06.nc,2010-10-22T18:00:00,0.0,2,Severe Cyclone,HURSAT-B1 IRWIN/rad10,1.0,0,test
2010293N17093,2010-10-22T18:00:00,E:\Cyclone-x-prototype\datas\HURSAT_NI\2010\2010293N17093\2010293N17093.GIRI.2010.10.22.1800.57.MTS-1.070.hursat-b1.v06.nc,2010-10-22T18:00:00,0.0,2,Severe Cyclone,HURSAT-B1 IRWIN/rad10,1.0,0,test
2010293N17093,2010-10-22T21:00:00,E:\Cyclone-x-prototype\datas\HURSAT_NI\2010\2010293N17093\2010293N17093.GIRI.2010.10.22.2100.27.FY2-E.058.hursat-b1.v06.nc,2010-10-22T21:00:00,0.0,1,Cyclonic Storm,HURSAT-B1 IRWIN/rad10,1.0,0,test
2010293N17093,2010-10-22T21:00:00,E:\Cyclone-x-prototype\datas\HURSAT_NI\2010\2010293N17093\2010293N17093.GIRI.2010.10.22.2100.49.MET-7.058.hursat-b1.v06.nc,2010-10-22T21:00:00,0.0,1,Cyclonic Storm,HURSAT-B1 IRWIN/rad10,1.0,0,test
2010293N17093,2010-10-22T21:00:00,E:\Cyclone-x-prototype\datas\HURSAT_NI\2010\2010293N17093\2010293N17093.GIRI.2010.10.22.2100.57.MTS-1.058.hursat-b1.v06.nc,2010-10-22T21:00:00,0.0,1,Cyclonic Storm,HURSAT-B1 IRWIN/rad10,1.0,0,test
2010293N17093,2010-10-23T00:00:00,E:\Cyclone-x-prototype\datas\HURSAT_NI\2010\2010293N17093\2010293N17093.GIRI.2010.10.23.0000.27.FY2-E.047.hursat-b1.v06.nc,2010-10-23T00:00:00,0.0,1,Cyclonic Storm,HURSAT-B1 IRWIN/rad10,1.0,0,test
2010293N17093,2010-10-23T00:00:00,E:\Cyclone-x-prototype\datas\HURSAT_NI\2010\2010293N17093\2010293N17093.GIRI.2010.10.23.0000.49.MET-7.047.hursat-b1.v06.nc,2010-10-23T00:00:00,0.0,1,Cyclonic Storm,HURSAT-B1 IRWIN/rad10,1.0,0,test
2010293N17093,2010-10-23T00:00:00,E:\Cyclone-x-prototype\datas\HURSAT_NI\2010\2010293N17093\2010293N17093.GIRI.2010.10.23.0000.56.MTS-1.047.hursat-b1.v06.nc,2010-10-23T00:00:00,0.0,1,Cyclonic Storm,HURSAT-B1 IRWIN/rad10,1.0,0,test
2010293N17093,2010-10-23T03:00:00,E:\Cyclone-x-prototype\datas\HURSAT_NI\2010\2010293N17093\2010293N17093.GIRI.2010.10.23.0300.28.FY2-E.038.hursat-b1.v06.nc,2010-10-23T03:00:00,0.0,1,Cyclonic Storm,HURSAT-B1 IRWIN/rad10,1.0,0,test
2010293N17093,2010-10-23T03:00:00,E:\Cyclone-x-prototype\datas\HURSAT_NI\2010\2010293N17093\2010293N17093.GIRI.2010.10.23.0300.50.MET-7.038.hursat-b1.v06.nc,2010-10-23T03:00:00,0.0,1,Cyclonic Storm,HURSAT-B1 IRWIN/rad10,1.0,0,test
2010293N17093,2010-10-23T03:00:00,E:\Cyclone-x-prototype\datas\HURSAT_NI\2010\2010293N17093\2010293N17093.GIRI.2010.10.23.0300.56.MTS-1.038.hursat-b1.v06.nc,2010-10-23T03:00:00,0.0,1,Cyclonic Storm,HURSAT-B1 IRWIN/rad10,1.0,0,test
2010293N17093,2010-10-23T06:00:00,E:\Cyclone-x-prototype\datas\HURSAT_NI\2010\2010293N17093\2010293N17093.GIRI.2010.10.23.0600.28.FY2-E.030.hursat-b1.v06.nc,2010-10-23T06:00:00,0.0,0,Depression / Weak System,HURSAT-B1 IRWIN/rad10,1.0,0,test
2010293N17093,2010-10-23T06:00:00,E:\Cyclone-x-prototype\datas\HURSAT_NI\2010\2010293N17093\2010293N17093.GIRI.2010.10.23.0600.50.MET-7.030.hursat-b1.v06.nc,2010-10-23T06:00:00,0.0,0,Depression / Weak System,HURSAT-B1 IRWIN/rad10,1.0,0,test
2010293N17093,2010-10-23T06:00:00,E:\Cyclone-x-prototype\datas\HURSAT_NI\2010\2010293N17093\2010293N17093.GIRI.2010.10.23.0600.56.MTS-1.030.hursat-b1.v06.nc,2010-10-23T06:00:00,0.0,0,Depression / Weak System,HURSAT-B1 IRWIN/rad10,1.0,0,test
2010293N17093,2010-10-23T09:00:00,E:\Cyclone-x-prototype\datas\HURSAT_NI\2010\2010293N17093\2010293N17093.GIRI.2010.10.23.0900.51.MET-7.030.hursat-b1.v06.nc,2010-10-23T06:00:00,3.0,0,Depression / Weak System,HURSAT-B1 IRWIN/rad10,1.0,0,test
2010293N17093,2010-10-23T09:00:00,E:\Cyclone-x-prototype\datas\HURSAT_NI\2010\2010293N17093\2010293N17093.GIRI.2010.10.23.0900.56.MTS-1.030.hursat-b1.v06.nc,2010-10-23T06:00:00,3.0,0,Depression / Weak System,HURSAT-B1 IRWIN/rad10,1.0,0,test
2010305N06105,2010-11-03T21:00:00,E:\Cyclone-x-prototype\datas\HURSAT_NI\2010\2010305N06105\2010305N06105.JAL.2010.11.03.2100.18.FY2-E.026.hursat-b1.v06.nc,2010-11-04T00:00:00,3.0,0,Depression / Weak System,HURSAT-B1 IRWIN/rad10,1.0,0,train
2010305N06105,2010-11-03T21:00:00,E:\Cyclone-x-prototype\datas\HURSAT_NI\2010\2010305N06105\2010305N06105.JAL.2010.11.03.2100.42.MET-7.026.hursat-b1.v06.nc,2010-11-04T00:00:00,3.0,0,Depression / Weak System,HURSAT-B1 IRWIN/rad10,1.0,0,train
2010305N06105,2010-11-03T21:00:00,E:\Cyclone-x-prototype\datas\HURSAT_NI\2010\2010305N06105\2010305N06105.JAL.2010.11.03.2100.56.MTS-1.026.hursat-b1.v06.nc,2010-11-04T00:00:00,3.0,0,Depression / Weak System,HURSAT-B1 IRWIN/rad10,1.0,0,train
2010305N06105,2010-11-04T00:00:00,E:\Cyclone-x-prototype\datas\HURSAT_NI\2010\2010305N06105\2010305N06105.JAL.2010.11.04.0000.18.FY2-E.026.hursat-b1.v06.nc,2010-11-04T00:00:00,0.0,0,Depression / Weak System,HURSAT-B1 IRWIN/rad10,1.0,0,train
2010305N06105,2010-11-04T00:00:00,E:\Cyclone-x-prototype\datas\HURSAT_NI\2010\2010305N06105\2010305N06105.JAL.2010.11.04.0000.41.MET-7.026.hursat-b1.v06.nc,2010-11-04T00:00:00,0.0,0,Depression / Weak System,HURSAT-B1 IRWIN/rad10,1.0,0,train
2010305N06105,2010-11-04T00:00:00,E:\Cyclone-x-prototype\datas\HURSAT_NI\2010\2010305N06105\2010305N06105.JAL.2010.11.04.0000.56.MTS-1.026.hursat-b1.v06.nc,2010-11-04T00:00:00,0.0,0,Depression / Weak System,HURSAT-B1 IRWIN/rad10,1.0,0,train
2010305N06105,2010-11-04T03:00:00,E:\Cyclone-x-prototype\datas\HURSAT_NI\2010\2010305N06105\2010305N06105.JAL.2010.11.04.0300.19.FY2-E.026.hursat-b1.v06.nc,2010-11-04T03:00:00,0.0,0,Depression / Weak System,HURSAT-B1 IRWIN/rad10,1.0,0,train
2010305N06105,2010-11-04T03:00:00,E:\Cyclone-x-prototype\datas\HURSAT_NI\2010\2010305N06105\2010305N06105.JAL.2010.11.04.0300.41.MET-7.026.hursat-b1.v06.nc,2010-11-04T03:00:00,0.0,0,Depression / Weak System,HURSAT-B1 IRWIN/rad10,1.0,0,train
2010305N06105,2010-11-04T03:00:00,E:\Cyclone-x-prototype\datas\HURSAT_NI\2010\2010305N06105\2010305N06105.JAL.2010.11.04.0300.57.MTS-1.026.hursat-b1.v06.nc,2010-11-04T03:00:00,0.0,0,Depression / Weak System,HURSAT-B1 IRWIN/rad10,1.0,0,train
2010305N06105,2010-11-04T06:00:00,E:\Cyclone-x-prototype\datas\HURSAT_NI\2010\2010305N06105\2010305N06105.JAL.2010.11.04.0600.19.FY2-E.026.hursat-b1.v06.nc,2010-11-04T06:00:00,0.0,0,Depression / Weak System,HURSAT-B1 IRWIN/rad10,1.0,0,train
2010305N06105,2010-11-04T06:00:00,E:\Cyclone-x-prototype\datas\HURSAT_NI\2010\2010305N06105\2010305N06105.JAL.2010.11.04.0600.40.MET-7.026.hursat-b1.v06.nc,2010-11-04T06:00:00,0.0,0,Depression / Weak System,HURSAT-B1 IRWIN/rad10,1.0,0,train
2010305N06105,2010-11-04T06:00:00,E:\Cyclone-x-prototype\datas\HURSAT_NI\2010\2010305N06105\2010305N06105.JAL.2010.11.04.0600.57.MTS-1.026.hursat-b1.v06.nc,2010-11-04T06:00:00,0.0,0,Depression / Weak System,HURSAT-B1 IRWIN/rad10,1.0,0,train
2010305N06105,2010-11-04T09:00:00,E:\Cyclone-x-prototype\datas\HURSAT_NI\2010\2010305N06105\2010305N06105.JAL.2010.11.04.0900.20.FY2-E.027.hursat-b1.v06.nc,2010-11-04T06:00:00,3.0,0,Depression / Weak System,HURSAT-B1 IRWIN/rad10,1.0,0,train
2010305N06105,2010-11-04T09:00:00,E:\Cyclone-x-prototype\datas\HURSAT_NI\2010\2010305N06105\2010305N06105.JAL.2010.11.04.0900.40.MET-7.027.hursat-b1.v06.nc,2010-11-04T06:00:00,3.0,0,Depression / Weak System,HURSAT-B1 IRWIN/rad10,1.0,0,train
2010305N06105,2010-11-04T09:00:00,E:\Cyclone-x-prototype\datas\HURSAT_NI\2010\2010305N06105\2010305N06105.JAL.2010.11.04.0900.58.MTS-1.027.hursat-b1.v06.nc,2010-11-04T06:00:00,3.0,0,Depression / Weak System,HURSAT-B1 IRWIN/rad10,1.0,0,train
2010305N06105,2010-11-04T12:00:00,E:\Cyclone-x-prototype\datas\HURSAT_NI\2010\2010305N06105\2010305N06105.JAL.2010.11.04.1200.20.FY2-E.028.hursat-b1.v06.nc,2010-11-04T12:00:00,0.0,0,Depression / Weak System,HURSAT-B1 IRWIN/rad10,1.0,0,train
2010305N06105,2010-11-04T12:00:00,E:\Cyclone-x-prototype\datas\HURSAT_NI\2010\2010305N06105\2010305N06105.JAL.2010.11.04.1200.40.MET-7.028.hursat-b1.v06.nc,2010-11-04T12:00:00,0.0,0,Depression / Weak System,HURSAT-B1 IRWIN/rad10,1.0,0,train
2010305N06105,2010-11-04T12:00:00,E:\Cyclone-x-prototype\datas\HURSAT_NI\2010\2010305N06105\2010305N06105.JAL.2010.11.04.1200.58.MTS-1.028.hursat-b1.v06.nc,2010-11-04T12:00:00,0.0,0,Depression / Weak System,HURSAT-B1 IRWIN/rad10,1.0,0,train
2010305N06105,2010-11-04T15:00:00,E:\Cyclone-x-prototype\datas\HURSAT_NI\2010\2010305N06105\2010305N06105.JAL.2010.11.04.1500.20.FY2-E.028.hursat-b1.v06.nc,2010-11-04T12:00:00,3.0,0,Depression / Weak System,HURSAT-B1 IRWIN/rad10,1.0,0,train
2010305N06105,2010-11-04T15:00:00,E:\Cyclone-x-prototype\datas\HURSAT_NI\2010\2010305N06105\2010305N06105.JAL.2010.11.04.1500.39.MET-7.028.hursat-b1.v06.nc,2010-11-04T12:00:00,3.0,0,Depression / Weak System,HURSAT-B1 IRWIN/rad10,1.0,0,train
2010305N06105,2010-11-04T15:00:00,E:\Cyclone-x-prototype\datas\HURSAT_NI\2010\2010305N06105\2010305N06105.JAL.2010.11.04.1500.59.MTS-1.028.hursat-b1.v06.nc,2010-11-04T12:00:00,3.0,0,Depression / Weak System,HURSAT-B1 IRWIN/rad10,1.0,0,train
2010305N06105,2010-11-04T18:00:00,E:\Cyclone-x-prototype\datas\HURSAT_NI\2010\2010305N06105\2010305N06105.JAL.2010.11.04.1800.21.FY2-E.028.hursat-b1.v06.nc,2010-11-04T18:00:00,0.0,0,Depression / Weak System,HURSAT-B1 IRWIN/rad10,1.0,0,train
2010305N06105,2010-11-04T18:00:00,E:\Cyclone-x-prototype\datas\HURSAT_NI\2010\2010305N06105\2010305N06105.JAL.2010.11.04.1800.39.MET-7.028.hursat-b1.v06.nc,2010-11-04T18:00:00,0.0,0,Depression / Weak System,HURSAT-B1 IRWIN/rad10,1.0,0,train
2010305N06105,2010-11-04T18:00:00,E:\Cyclone-x-prototype\datas\HURSAT_NI\2010\2010305N06105\2010305N06105.JAL.2010.11.04.1800.59.MTS-1.028.hursat-b1.v06.nc,2010-11-04T18:00:00,0.0,0,Depression / Weak System,HURSAT-B1 IRWIN/rad10,1.0,0,train
2010305N06105,2010-11-04T21:00:00,E:\Cyclone-x-prototype\datas\HURSAT_NI\2010\2010305N06105\2010305N06105.JAL.2010.11.04.2100.21.FY2-E.031.hursat-b1.v06.nc,2010-11-04T18:00:00,3.0,0,Depression / Weak System,HURSAT-B1 IRWIN/rad10,1.0,0,train
2010305N06105,2010-11-04T21:00:00,E:\Cyclone-x-prototype\datas\HURSAT_NI\2010\2010305N06105\2010305N06105.JAL.2010.11.04.2100.39.MET-7.031.hursat-b1.v06.nc,2010-11-04T18:00:00,3.0,0,Depression / Weak System,HURSAT-B1 IRWIN/rad10,1.0,0,train
2010305N06105,2010-11-04T21:00:00,E:\Cyclone-x-prototype\datas\HURSAT_NI\2010\2010305N06105\2010305N06105.JAL.2010.11.04.2100.59.MTS-1.031.hursat-b1.v06.nc,2010-11-04T18:00:00,3.0,0,Depression / Weak System,HURSAT-B1 IRWIN/rad10,1.0,0,train
2010305N06105,2010-11-05T00:00:00,E:\Cyclone-x-prototype\datas\HURSAT_NI\2010\2010305N06105\2010305N06105.JAL.2010.11.05.0000.22.FY2-E.035.hursat-b1.v06.nc,2010-11-05T00:00:00,0.0,0,Depression / Weak System,HURSAT-B1 IRWIN/rad10,1.0,0,train
2010305N06105,2010-11-05T00:00:00,E:\Cyclone-x-prototype\datas\HURSAT_NI\2010\2010305N06105\2010305N06105.JAL.2010.11.05.0000.38.MET-7.035.hursat-b1.v06.nc,2010-11-05T00:00:00,0.0,0,Depression / Weak System,HURSAT-B1 IRWIN/rad10,1.0,0,train
2010305N06105,2010-11-05T00:00:00,E:\Cyclone-x-prototype\datas\HURSAT_NI\2010\2010305N06105\2010305N06105.JAL.2010.11.05.0000.60.MTS-1.035.hursat-b1.v06.nc,2010-11-05T00:00:00,0.0,0,Depression / Weak System,HURSAT-B1 IRWIN/rad10,1.0,0,train
2010305N06105,2010-11-05T03:00:00,E:\Cyclone-x-prototype\datas\HURSAT_NI\2010\2010305N06105\2010305N06105.JAL.2010.11.05.0300.22.FY2-E.036.hursat-b1.v06.nc,2010-11-05T03:00:00,0.0,0,Depression / Weak System,HURSAT-B1 IRWIN/rad10,1.0,0,train
2010305N06105,2010-11-05T03:00:00,E:\Cyclone-x-prototype\datas\HURSAT_NI\2010\2010305N06105\2010305N06105.JAL.2010.11.05.0300.38.MET-7.036.hursat-b1.v06.nc,2010-11-05T03:00:00,0.0,0,Depression / Weak System,HURSAT-B1 IRWIN/rad10,1.0,0,train
2010305N06105,2010-11-05T03:00:00,E:\Cyclone-x-prototype\datas\HURSAT_NI\2010\2010305N06105\2010305N06105.JAL.2010.11.05.0300.60.MTS-1.036.hursat-b1.v06.nc,2010-11-05T03:00:00,0.0,0,Depression / Weak System,HURSAT-B1 IRWIN/rad10,1.0,0,train
2010305N06105,2010-11-05T06:00:00,E:\Cyclone-x-prototype\datas\HURSAT_NI\2010\2010305N06105\2010305N06105.JAL.2010.11.05.0600.23.FY2-E.037.hursat-b1.v06.nc,2010-11-05T06:00:00,0.0,1,Cyclonic Storm,HURSAT-B1 IRWIN/rad10,1.0,0,train
2010305N06105,2010-11-05T06:00:00,E:\Cyclone-x-prototype\datas\HURSAT_NI\2010\2010305N06105\2010305N06105.JAL.2010.11.05.0600.37.MET-7.037.hursat-b1.v06.nc,2010-11-05T06:00:00,0.0,1,Cyclonic Storm,HURSAT-B1 IRWIN/rad10,1.0,0,train
2010305N06105,2010-11-05T06:00:00,E:\Cyclone-x-prototype\datas\HURSAT_NI\2010\2010305N06105\2010305N06105.JAL.2010.11.05.0600.61.MTS-1.037.hursat-b1.v06.nc,2010-11-05T06:00:00,0.0,1,Cyclonic Storm,HURSAT-B1 IRWIN/rad10,1.0,0,train
2010305N06105,2010-11-05T09:00:00,E:\Cyclone-x-prototype\datas\HURSAT_NI\2010\2010305N06105\2010305N06105.JAL.2010.11.05.0900.23.FY2-E.040.hursat-b1.v06.nc,2010-11-05T09:00:00,0.0,1,Cyclonic Storm,HURSAT-B1 IRWIN/rad10,1.0,0,train
2010305N06105,2010-11-05T09:00:00,E:\Cyclone-x-prototype\datas\HURSAT_NI\2010\2010305N06105\2010305N06105.JAL.2010.11.05.0900.37.MET-7.040.hursat-b1.v06.nc,2010-11-05T09:00:00,0.0,1,Cyclonic Storm,HURSAT-B1 IRWIN/rad10,1.0,0,train
2010305N06105,2010-11-05T09:00:00,E:\Cyclone-x-prototype\datas\HURSAT_NI\2010\2010305N06105\2010305N06105.JAL.2010.11.05.0900.61.MTS-1.040.hursat-b1.v06.nc,2010-11-05T09:00:00,0.0,1,Cyclonic Storm,HURSAT-B1 IRWIN/rad10,1.0,0,train
2010305N06105,2010-11-05T12:00:00,E:\Cyclone-x-prototype\datas\HURSAT_NI\2010\2010305N06105\2010305N06105.JAL.2010.11.05.1200.23.FY2-E.042.hursat-b1.v06.nc,2010-11-05T12:00:00,0.0,1,Cyclonic Storm,HURSAT-B1 IRWIN/rad10,1.0,0,train
2010305N06105,2010-11-05T12:00:00,E:\Cyclone-x-prototype\datas\HURSAT_NI\2010\2010305N06105\2010305N06105.JAL.2010.11.05.1200.37.MET-7.042.hursat-b1.v06.nc,2010-11-05T12:00:00,0.0,1,Cyclonic Storm,HURSAT-B1 IRWIN/rad10,1.0,0,train
2010305N06105,2010-11-05T12:00:00,E:\Cyclone-x-prototype\datas\HURSAT_NI\2010\2010305N06105\2010305N06105.JAL.2010.11.05.1200.62.MTS-1.042.hursat-b1.v06.nc,2010-11-05T12:00:00,0.0,1,Cyclonic Storm,HURSAT-B1 IRWIN/rad10,1.0,0,train
2010305N06105,2010-11-05T15:00:00,E:\Cyclone-x-prototype\datas\HURSAT_NI\2010\2010305N06105\2010305N06105.JAL.2010.11.05.1500.24.FY2-E.046.hursat-b1.v06.nc,2010-11-05T15:00:00,0.0,1,Cyclonic Storm,HURSAT-B1 IRWIN/rad10,1.0,0,train
2010305N06105,2010-11-05T15:00:00,E:\Cyclone-x-prototype\datas\HURSAT_NI\2010\2010305N06105\2010305N06105.JAL.2010.11.05.1500.37.MET-7.046.hursat-b1.v06.nc,2010-11-05T15:00:00,0.0,1,Cyclonic Storm,HURSAT-B1 IRWIN/rad10,1.0,0,train
2010305N06105,2010-11-05T15:00:00,E:\Cyclone-x-prototype\datas\HURSAT_NI\2010\2010305N06105\2010305N06105.JAL.2010.11.05.1500.62.MTS-1.046.hursat-b1.v06.nc,2010-11-05T15:00:00,0.0,1,Cyclonic Storm,HURSAT-B1 IRWIN/rad10,1.0,0,train
2010305N06105,2010-11-05T18:00:00,E:\Cyclone-x-prototype\datas\HURSAT_NI\2010\2010305N06105\2010305N06105.JAL.2010.11.05.1800.24.FY2-E.049.hursat-b1.v06.nc,2010-11-05T18:00:00,0.0,1,Cyclonic Storm,HURSAT-B1 IRWIN/rad10,1.0,0,train
2010305N06105,2010-11-05T18:00:00,E:\Cyclone-x-prototype\datas\HURSAT_NI\2010\2010305N06105\2010305N06105.JAL.2010.11.05.1800.36.MET-7.049.hursat-b1.v06.nc,2010-11-05T18:00:00,0.0,1,Cyclonic Storm,HURSAT-B1 IRWIN/rad10,1.0,0,train
2010305N06105,2010-11-05T18:00:00,E:\Cyclone-x-prototype\datas\HURSAT_NI\2010\2010305N06105\2010305N06105.JAL.2010.11.05.1800.62.MTS-1.049.hursat-b1.v06.nc,2010-11-05T18:00:00,0.0,1,Cyclonic Storm,HURSAT-B1 IRWIN/rad10,1.0,0,train
2010305N06105,2010-11-05T21:00:00,E:\Cyclone-x-prototype\datas\HURSAT_NI\2010\2010305N06105\2010305N06105.JAL.2010.11.05.2100.25.FY2-E.050.hursat-b1.v06.nc,2010-11-05T21:00:00,0.0,1,Cyclonic Storm,HURSAT-B1 IRWIN/rad10,1.0,0,train
2010305N06105,2010-11-05T21:00:00,E:\Cyclone-x-prototype\datas\HURSAT_NI\2010\2010305N06105\2010305N06105.JAL.2010.11.05.2100.36.MET-7.050.hursat-b1.v06.nc,2010-11-05T21:00:00,0.0,1,Cyclonic Storm,HURSAT-B1 IRWIN/rad10,1.0,0,train
2010305N06105,2010-11-05T21:00:00,E:\Cyclone-x-prototype\datas\HURSAT_NI\2010\2010305N06105\2010305N06105.JAL.2010.11.05.2100.63.MTS-1.050.hursat-b1.v06.nc,2010-11-05T21:00:00,0.0,1,Cyclonic Storm,HURSAT-B1 IRWIN/rad10,1.0,0,train
2010305N06105,2010-11-06T00:00:00,E:\Cyclone-x-prototype\datas\HURSAT_NI\2010\2010305N06105\2010305N06105.JAL.2010.11.06.0000.25.FY2-E.052.hursat-b1.v06.nc,2010-11-06T00:00:00,0.0,1,Cyclonic Storm,HURSAT-B1 IRWIN/rad10,1.0,0,train
2010305N06105,2010-11-06T00:00:00,E:\Cyclone-x-prototype\datas\HURSAT_NI\2010\2010305N06105\2010305N06105.JAL.2010.11.06.0000.36.MET-7.052.hursat-b1.v06.nc,2010-11-06T00:00:00,0.0,1,Cyclonic Storm,HURSAT-B1 IRWIN/rad10,1.0,0,train
2010305N06105,2010-11-06T00:00:00,E:\Cyclone-x-prototype\datas\HURSAT_NI\2010\2010305N06105\2010305N06105.JAL.2010.11.06.0000.63.MTS-1.052.hursat-b1.v06.nc,2010-11-06T00:00:00,0.0,1,Cyclonic Storm,HURSAT-B1 IRWIN/rad10,1.0,0,train
2010305N06105,2010-11-06T03:00:00,E:\Cyclone-x-prototype\datas\HURSAT_NI\2010\2010305N06105\2010305N06105.JAL.2010.11.06.0300.25.FY2-E.052.hursat-b1.v06.nc,2010-11-06T03:00:00,0.0,1,Cyclonic Storm,HURSAT-B1 IRWIN/rad10,1.0,0,train
2010305N06105,2010-11-06T03:00:00,E:\Cyclone-x-prototype\datas\HURSAT_NI\2010\2010305N06105\2010305N06105.JAL.2010.11.06.0300.35.MET-7.052.hursat-b1.v06.nc,2010-11-06T03:00:00,0.0,1,Cyclonic Storm,HURSAT-B1 IRWIN/rad10,1.0,0,train
2010305N06105,2010-11-06T03:00:00,E:\Cyclone-x-prototype\datas\HURSAT_NI\2010\2010305N06105\2010305N06105.JAL.2010.11.06.0300.63.MTS-1.052.hursat-b1.v06.nc,2010-11-06T03:00:00,0.0,1,Cyclonic Storm,HURSAT-B1 IRWIN/rad10,1.0,0,train
2010305N06105,2010-11-06T06:00:00,E:\Cyclone-x-prototype\datas\HURSAT_NI\2010\2010305N06105\2010305N06105.JAL.2010.11.06.0600.26.FY2-E.052.hursat-b1.v06.nc,2010-11-06T06:00:00,0.0,1,Cyclonic Storm,HURSAT-B1 IRWIN/rad10,1.0,0,train
2010305N06105,2010-11-06T06:00:00,E:\Cyclone-x-prototype\datas\HURSAT_NI\2010\2010305N06105\2010305N06105.JAL.2010.11.06.0600.35.MET-7.052.hursat-b1.v06.nc,2010-11-06T06:00:00,0.0,1,Cyclonic Storm,HURSAT-B1 IRWIN/rad10,1.0,0,train
2010305N06105,2010-11-06T06:00:00,E:\Cyclone-x-prototype\datas\HURSAT_NI\2010\2010305N06105\2010305N06105.JAL.2010.11.06.0600.64.MTS-1.052.hursat-b1.v06.nc,2010-11-06T06:00:00,0.0,1,Cyclonic Storm,HURSAT-B1 IRWIN/rad10,1.0,0,train
2010305N06105,2010-11-06T09:00:00,E:\Cyclone-x-prototype\datas\HURSAT_NI\2010\2010305N06105\2010305N06105.JAL.2010.11.06.0900.26.FY2-E.053.hursat-b1.v06.nc,2010-11-06T09:00:00,0.0,1,Cyclonic Storm,HURSAT-B1 IRWIN/rad10,1.0,0,train
2010305N06105,2010-11-06T09:00:00,E:\Cyclone-x-prototype\datas\HURSAT_NI\2010\2010305N06105\2010305N06105.JAL.2010.11.06.0900.35.MET-7.053.hursat-b1.v06.nc,2010-11-06T09:00:00,0.0,1,Cyclonic Storm,HURSAT-B1 IRWIN/rad10,1.0,0,train
2010305N06105,2010-11-06T09:00:00,E:\Cyclone-x-prototype\datas\HURSAT_NI\2010\2010305N06105\2010305N06105.JAL.2010.11.06.0900.64.MTS-1.053.hursat-b1.v06.nc,2010-11-06T09:00:00,0.0,1,Cyclonic Storm,HURSAT-B1 IRWIN/rad10,1.0,0,train
2010305N06105,2010-11-06T12:00:00,E:\Cyclone-x-prototype\datas\HURSAT_NI\2010\2010305N06105\2010305N06105.JAL.2010.11.06.1200.27.FY2-E.054.hursat-b1.v06.nc,2010-11-06T12:00:00,0.0,1,Cyclonic Storm,HURSAT-B1 IRWIN/rad10,1.0,0,train
2010305N06105,2010-11-06T12:00:00,E:\Cyclone-x-prototype\datas\HURSAT_NI\2010\2010305N06105\2010305N06105.JAL.2010.11.06.1200.35.MET-7.054.hursat-b1.v06.nc,2010-11-06T12:00:00,0.0,1,Cyclonic Storm,HURSAT-B1 IRWIN/rad10,1.0,0,train
2010305N06105,2010-11-06T12:00:00,E:\Cyclone-x-prototype\datas\HURSAT_NI\2010\2010305N06105\2010305N06105.JAL.2010.11.06.1200.64.MTS-1.054.hursat-b1.v06.nc,2010-11-06T12:00:00,0.0,1,Cyclonic Storm,HURSAT-B1 IRWIN/rad10,1.0,0,train
2010305N06105,2010-11-06T15:00:00,E:\Cyclone-x-prototype\datas\HURSAT_NI\2010\2010305N06105\2010305N06105.JAL.2010.11.06.1500.27.FY2-E.054.hursat-b1.v06.nc,2010-11-06T15:00:00,0.0,1,Cyclonic Storm,HURSAT-B1 IRWIN/rad10,1.0,0,train
2010305N06105,2010-11-06T15:00:00,E:\Cyclone-x-prototype\datas\HURSAT_NI\2010\2010305N06105\2010305N06105.JAL.2010.11.06.1500.34.MET-7.054.hursat-b1.v06.nc,2010-11-06T15:00:00,0.0,1,Cyclonic Storm,HURSAT-B1 IRWIN/rad10,1.0,0,train
2010305N06105,2010-11-06T15:00:00,E:\Cyclone-x-prototype\datas\HURSAT_NI\2010\2010305N06105\2010305N06105.JAL.2010.11.06.1500.65.MTS-1.054.hursat-b1.v06.nc,2010-11-06T15:00:00,0.0,1,Cyclonic Storm,HURSAT-B1 IRWIN/rad10,1.0,0,train
2010305N06105,2010-11-06T18:00:00,E:\Cyclone-x-prototype\datas\HURSAT_NI\2010\2010305N06105\2010305N06105.JAL.2010.11.06.1800.28.FY2-E.054.hursat-b1.v06.nc,2010-11-06T18:00:00,0.0,1,Cyclonic Storm,HURSAT-B1 IRWIN/rad10,1.0,0,train
2010305N06105,2010-11-06T18:00:00,E:\Cyclone-x-prototype\datas\HURSAT_NI\2010\2010305N06105\2010305N06105.JAL.2010.11.06.1800.34.MET-7.054.hursat-b1.v06.nc,2010-11-06T18:00:00,0.0,1,Cyclonic Storm,HURSAT-B1 IRWIN/rad10,1.0,0,train
2010305N06105,2010-11-06T18:00:00,E:\Cyclone-x-prototype\datas\HURSAT_NI\2010\2010305N06105\2010305N06105.JAL.2010.11.06.1800.65.MTS-1.054.hursat-b1.v06.nc,2010-11-06T18:00:00,0.0,1,Cyclonic Storm,HURSAT-B1 IRWIN/rad10,1.0,0,train
2010305N06105,2010-11-06T21:00:00,E:\Cyclone-x-prototype\datas\HURSAT_NI\2010\2010305N06105\2010305N06105.JAL.2010.11.06.2100.28.FY2-E.052.hursat-b1.v06.nc,2010-11-06T21:00:00,0.0,1,Cyclonic Storm,HURSAT-B1 IRWIN/rad10,1.0,0,train
2010305N06105,2010-11-06T21:00:00,E:\Cyclone-x-prototype\datas\HURSAT_NI\2010\2010305N06105\2010305N06105.JAL.2010.11.06.2100.34.MET-7.052.hursat-b1.v06.nc,2010-11-06T21:00:00,0.0,1,Cyclonic Storm,HURSAT-B1 IRWIN/rad10,1.0,0,train
2010305N06105,2010-11-06T21:00:00,E:\Cyclone-x-prototype\datas\HURSAT_NI\2010\2010305N06105\2010305N06105.JAL.2010.11.06.2100.65.MTS-1.052.hursat-b1.v06.nc,2010-11-06T21:00:00,0.0,1,Cyclonic Storm,HURSAT-B1 IRWIN/rad10,1.0,0,train
2010305N06105,2010-11-07T00:00:00,E:\Cyclone-x-prototype\datas\HURSAT_NI\2010\2010305N06105\2010305N06105.JAL.2010.11.07.0000.28.FY2-E.050.hursat-b1.v06.nc,2010-11-07T00:00:00,0.0,1,Cyclonic Storm,HURSAT-B1 IRWIN/rad10,1.0,0,train
2010305N06105,2010-11-07T00:00:00,E:\Cyclone-x-prototype\datas\HURSAT_NI\2010\2010305N06105\2010305N06105.JAL.2010.11.07.0000.33.MET-7.050.hursat-b1.v06.nc,2010-11-07T00:00:00,0.0,1,Cyclonic Storm,HURSAT-B1 IRWIN/rad10,1.0,0,train
2010305N06105,2010-11-07T00:00:00,E:\Cyclone-x-prototype\datas\HURSAT_NI\2010\2010305N06105\2010305N06105.JAL.2010.11.07.0000.66.MTS-1.050.hursat-b1.v06.nc,2010-11-07T00:00:00,0.0,1,Cyclonic Storm,HURSAT-B1 IRWIN/rad10,1.0,0,train
2010305N06105,2010-11-07T03:00:00,E:\Cyclone-x-prototype\datas\HURSAT_NI\2010\2010305N06105\2010305N06105.JAL.2010.11.07.0300.29.FY2-E.046.hursat-b1.v06.nc,2010-11-07T03:00:00,0.0,1,Cyclonic Storm,HURSAT-B1 IRWIN/rad10,1.0,0,train
2010305N06105,2010-11-07T03:00:00,E:\Cyclone-x-prototype\datas\HURSAT_NI\2010\2010305N06105\2010305N06105.JAL.2010.11.07.0300.33.MET-7.046.hursat-b1.v06.nc,2010-11-07T03:00:00,0.0,1,Cyclonic Storm,HURSAT-B1 IRWIN/rad10,1.0,0,train
2010305N06105,2010-11-07T03:00:00,E:\Cyclone-x-prototype\datas\HURSAT_NI\2010\2010305N06105\2010305N06105.JAL.2010.11.07.0300.66.MTS-1.046.hursat-b1.v06.nc,2010-11-07T03:00:00,0.0,1,Cyclonic Storm,HURSAT-B1 IRWIN/rad10,1.0,0,train
2010305N06105,2010-11-07T06:00:00,E:\Cyclone-x-prototype\datas\HURSAT_NI\2010\2010305N06105\2010305N06105.JAL.2010.11.07.0600.30.FY2-E.042.hursat-b1.v06.nc,2010-11-07T06:00:00,0.0,1,Cyclonic Storm,HURSAT-B1 IRWIN/rad10,1.0,0,train
2010305N06105,2010-11-07T06:00:00,E:\Cyclone-x-prototype\datas\HURSAT_NI\2010\2010305N06105\2010305N06105.JAL.2010.11.07.0600.33.MET-7.042.hursat-b1.v06.nc,2010-11-07T06:00:00,0.0,1,Cyclonic Storm,HURSAT-B1 IRWIN/rad10,1.0,0,train
2010305N06105,2010-11-07T06:00:00,E:\Cyclone-x-prototype\datas\HURSAT_NI\2010\2010305N06105\2010305N06105.JAL.2010.11.07.0600.67.MTS-1.042.hursat-b1.v06.nc,2010-11-07T06:00:00,0.0,1,Cyclonic Storm,HURSAT-B1 IRWIN/rad10,1.0,0,train
2010305N06105,2010-11-07T09:00:00,E:\Cyclone-x-prototype\datas\HURSAT_NI\2010\2010305N06105\2010305N06105.JAL.2010.11.07.0900.31.FY2-E.037.hursat-b1.v06.nc,2010-11-07T09:00:00,0.0,1,Cyclonic Storm,HURSAT-B1 IRWIN/rad10,1.0,0,train
2010305N06105,2010-11-07T09:00:00,E:\Cyclone-x-prototype\datas\HURSAT_NI\2010\2010305N06105\2010305N06105.JAL.2010.11.07.0900.32.MET-7.037.hursat-b1.v06.nc,2010-11-07T09:00:00,0.0,1,Cyclonic Storm,HURSAT-B1 IRWIN/rad10,1.0,0,train
2010305N06105,2010-11-07T09:00:00,E:\Cyclone-x-prototype\datas\HURSAT_NI\2010\2010305N06105\2010305N06105.JAL.2010.11.07.0900.68.MTS-1.037.hursat-b1.v06.nc,2010-11-07T09:00:00,0.0,1,Cyclonic Storm,HURSAT-B1 IRWIN/rad10,1.0,0,train
2010305N06105,2010-11-07T12:00:00,E:\Cyclone-x-prototype\datas\HURSAT_NI\2010\2010305N06105\2010305N06105.JAL.2010.11.07.1200.31.FY2-E.033.hursat-b1.v06.nc,2010-11-07T12:00:00,0.0,0,Depression / Weak System,HURSAT-B1 IRWIN/rad10,1.0,0,train
2010305N06105,2010-11-07T12:00:00,E:\Cyclone-x-prototype\datas\HURSAT_NI\2010\2010305N06105\2010305N06105.JAL.2010.11.07.1200.32.MET-7.033.hursat-b1.v06.nc,2010-11-07T12:00:00,0.0,0,Depression / Weak System,HURSAT-B1 IRWIN/rad10,1.0,0,train
2010305N06105,2010-11-07T12:00:00,E:\Cyclone-x-prototype\datas\HURSAT_NI\2010\2010305N06105\2010305N06105.JAL.2010.11.07.1200.68.MTS-1.033.hursat-b1.v06.nc,2010-11-07T12:00:00,0.0,0,Depression / Weak System,HURSAT-B1 IRWIN/rad10,1.0,0,train
2010305N06105,2010-11-07T15:00:00,E:\Cyclone-x-prototype\datas\HURSAT_NI\2010\2010305N06105\2010305N06105.JAL.2010.11.07.1500.31.MET-7.032.hursat-b1.v06.nc,2010-11-07T15:00:00,0.0,0,Depression / Weak System,HURSAT-B1 IRWIN/rad10,1.0,0,train
2010305N06105,2010-11-07T15:00:00,E:\Cyclone-x-prototype\datas\HURSAT_NI\2010\2010305N06105\2010305N06105.JAL.2010.11.07.1500.32.FY2-E.032.hursat-b1.v06.nc,2010-11-07T15:00:00,0.0,0,Depression / Weak System,HURSAT-B1 IRWIN/rad10,1.0,0,train
2010305N06105,2010-11-07T15:00:00,E:\Cyclone-x-prototype\datas\HURSAT_NI\2010\2010305N06105\2010305N06105.JAL.2010.11.07.1500.69.MTS-1.032.hursat-b1.v06.nc,2010-11-07T15:00:00,0.0,0,Depression / Weak System,HURSAT-B1 IRWIN/rad10,1.0,0,train
2010305N06105,2010-11-07T18:00:00,E:\Cyclone-x-prototype\datas\HURSAT_NI\2010\2010305N06105\2010305N06105.JAL.2010.11.07.1800.31.MET-7.030.hursat-b1.v06.nc,2010-11-07T18:00:00,0.0,0,Depression / Weak System,HURSAT-B1 IRWIN/rad10,1.0,0,train
2010305N06105,2010-11-07T18:00:00,E:\Cyclone-x-prototype\datas\HURSAT_NI\2010\2010305N06105\2010305N06105.JAL.2010.11.07.1800.69.MTS-1.030.hursat-b1.v06.nc,2010-11-07T18:00:00,0.0,0,Depression / Weak System,HURSAT-B1 IRWIN/rad10,1.0,0,train
2010305N06105,2010-11-07T21:00:00,E:\Cyclone-x-prototype\datas\HURSAT_NI\2010\2010305N06105\2010305N06105.JAL.2010.11.07.2100.31.MET-7.028.hursat-b1.v06.nc,2010-11-07T18:00:00,3.0,0,Depression / Weak System,HURSAT-B1 IRWIN/rad10,1.0,0,train
2010305N06105,2010-11-07T21:00:00,E:\Cyclone-x-prototype\datas\HURSAT_NI\2010\2010305N06105\2010305N06105.JAL.2010.11.07.2100.70.MTS-1.028.hursat-b1.v06.nc,2010-11-07T18:00:00,3.0,0,Depression / Weak System,HURSAT-B1 IRWIN/rad10,1.0,0,train
2010305N06105,2010-11-08T00:00:00,E:\Cyclone-x-prototype\datas\HURSAT_NI\2010\2010305N06105\2010305N06105.JAL.2010.11.08.0000.30.MET-7.026.hursat-b1.v06.nc,2010-11-08T00:00:00,0.0,0,Depression / Weak System,HURSAT-B1 IRWIN/rad10,1.0,0,train
2010305N06105,2010-11-08T00:00:00,E:\Cyclone-x-prototype\datas\HURSAT_NI\2010\2010305N06105\2010305N06105.JAL.2010.11.08.0000.34.FY2-E.026.hursat-b1.v06.nc,2010-11-08T00:00:00,0.0,0,Depression / Weak System,HURSAT-B1 IRWIN/rad10,1.0,0,train
2010305N06105,2010-11-08T00:00:00,E:\Cyclone-x-prototype\datas\HURSAT_NI\2010\2010305N06105\2010305N06105.JAL.2010.11.08.0000.71.MTS-1.026.hursat-b1.v06.nc,2010-11-08T00:00:00,0.0,0,Depression / Weak System,HURSAT-B1 IRWIN/rad10,1.0,0,train
2010305N06105,2010-11-08T03:00:00,E:\Cyclone-x-prototype\datas\HURSAT_NI\2010\2010305N06105\2010305N06105.JAL.2010.11.08.0300.30.MET-7.025.hursat-b1.v06.nc,2010-11-08T03:00:00,0.0,0,Depression / Weak System,HURSAT-B1 IRWIN/rad10,1.0,0,train
2010305N06105,2010-11-08T03:00:00,E:\Cyclone-x-prototype\datas\HURSAT_NI\2010\2010305N06105\2010305N06105.JAL.2010.11.08.0300.35.FY2-E.025.hursat-b1.v06.nc,2010-11-08T03:00:00,0.0,0,Depression / Weak System,HURSAT-B1 IRWIN/rad10,1.0,0,train
2010305N06105,2010-11-08T03:00:00,E:\Cyclone-x-prototype\datas\HURSAT_NI\2010\2010305N06105\2010305N06105.JAL.2010.11.08.0300.72.MTS-1.025.hursat-b1.v06.nc,2010-11-08T03:00:00,0.0,0,Depression / Weak System,HURSAT-B1 IRWIN/rad10,1.0,0,train
2010305N06105,2010-11-08T06:00:00,E:\Cyclone-x-prototype\datas\HURSAT_NI\2010\2010305N06105\2010305N06105.JAL.2010.11.08.0600.30.MET-7.025.hursat-b1.v06.nc,2010-11-08T03:00:00,3.0,0,Depression / Weak System,HURSAT-B1 IRWIN/rad10,1.0,0,train
2010305N06105,2010-11-08T06:00:00,E:\Cyclone-x-prototype\datas\HURSAT_NI\2010\2010305N06105\2010305N06105.JAL.2010.11.08.0600.37.FY2-E.025.hursat-b1.v06.nc,2010-11-08T03:00:00,3.0,0,Depression / Weak System,HURSAT-B1 IRWIN/rad10,1.0,0,train
2010305N06105,2010-11-08T06:00:00,E:\Cyclone-x-prototype\datas\HURSAT_NI\2010\2010305N06105\2010305N06105.JAL.2010.11.08.0600.73.MTS-1.025.hursat-b1.v06.nc,2010-11-08T03:00:00,3.0,0,Depression / Weak System,HURSAT-B1 IRWIN/rad10,1.0,0,train
2011160N18070,2011-06-11T09:00:00,E:\Cyclone-x-prototype\datas\HURSAT_NI\2011\2011160N18070\2011160N18070.ONE.2011.06.11.0900.29.MET-7.029.hursat-b1.v06.nc,2011-06-11T12:00:00,3.0,0,Depression / Weak System,HURSAT-B1 IRWIN/rad10,1.0,0,train
2011160N18070,2011-06-11T09:00:00,E:\Cyclone-x-prototype\datas\HURSAT_NI\2011\2011160N18070\2011160N18070.ONE.2011.06.11.0900.44.FY2-E.029.hursat-b1.v06.nc,2011-06-11T12:00:00,3.0,0,Depression / Weak System,HURSAT-B1 IRWIN/rad10,1.0,0,train
2011160N18070,2011-06-11T12:00:00,E:\Cyclone-x-prototype\datas\HURSAT_NI\2011\2011160N18070\2011160N18070.ONE.2011.06.11.1200.29.MET-7.028.hursat-b1.v06.nc,2011-06-11T12:00:00,0.0,0,Depression / Weak System,HURSAT-B1 IRWIN/rad10,1.0,0,train
2011160N18070,2011-06-11T12:00:00,E:\Cyclone-x-prototype\datas\HURSAT_NI\2011\2011160N18070\2011160N18070.ONE.2011.06.11.1200.44.FY2-E.028.hursat-b1.v06.nc,2011-06-11T12:00:00,0.0,0,Depression / Weak System,HURSAT-B1 IRWIN/rad10,1.0,0,train
2011160N18070,2011-06-11T15:00:00,E:\Cyclone-x-prototype\datas\HURSAT_NI\2011\2011160N18070\2011160N18070.ONE.2011.06.11.1500.29.MET-7.028.hursat-b1.v06.nc,2011-06-11T12:00:00,3.0,0,Depression / Weak System,HURSAT-B1 IRWIN/rad10,1.0,0,train
2011160N18070,2011-06-11T15:00:00,E:\Cyclone-x-prototype\datas\HURSAT_NI\2011\2011160N18070\2011160N18070.ONE.2011.06.11.1500.44.FY2-E.028.hursat-b1.v06.nc,2011-06-11T12:00:00,3.0,0,Depression / Weak System,HURSAT-B1 IRWIN/rad10,1.0,0,train
2011160N18070,2011-06-11T18:00:00,E:\Cyclone-x-prototype\datas\HURSAT_NI\2011\2011160N18070\2011160N18070.ONE.2011.06.11.1800.29.MET-7.028.hursat-b1.v06.nc,2011-06-11T18:00:00,0.0,0,Depression / Weak System,HURSAT-B1 IRWIN/rad10,1.0,0,train
2011160N18070,2011-06-11T18:00:00,E:\Cyclone-x-prototype\datas\HURSAT_NI\2011\2011160N18070\2011160N18070.ONE.2011.06.11.1800.44.FY2-E.028.hursat-b1.v06.nc,2011-06-11T18:00:00,0.0,0,Depression / Weak System,HURSAT-B1 IRWIN/rad10,1.0,0,train
2011160N18070,2011-06-11T21:00:00,E:\Cyclone-x-prototype\datas\HURSAT_NI\2011\2011160N18070\2011160N18070.ONE.2011.06.11.2100.29.MET-7.027.hursat-b1.v06.nc,2011-06-11T18:00:00,3.0,0,Depression / Weak System,HURSAT-B1 IRWIN/rad10,1.0,0,train
2011160N18070,2011-06-11T21:00:00,E:\Cyclone-x-prototype\datas\HURSAT_NI\2011\2011160N18070\2011160N18070.ONE.2011.06.11.2100.45.FY2-E.027.hursat-b1.v06.nc,2011-06-11T18:00:00,3.0,0,Depression / Weak System,HURSAT-B1 IRWIN/rad10,1.0,0,train
2011160N18070,2011-06-12T00:00:00,E:\Cyclone-x-prototype\datas\HURSAT_NI\2011\2011160N18070\2011160N18070.ONE.2011.06.12.0000.29.MET-7.026.hursat-b1.v06.nc,2011-06-12T00:00:00,0.0,0,Depression / Weak System,HURSAT-B1 IRWIN/rad10,1.0,0,train
2011160N18070,2011-06-12T00:00:00,E:\Cyclone-x-prototype\datas\HURSAT_NI\2011\2011160N18070\2011160N18070.ONE.2011.06.12.0000.45.FY2-E.026.hursat-b1.v06.nc,2011-06-12T00:00:00,0.0,0,Depression / Weak System,HURSAT-B1 IRWIN/rad10,1.0,0,train
2011160N18070,2011-06-12T03:00:00,E:\Cyclone-x-prototype\datas\HURSAT_NI\2011\2011160N18070\2011160N18070.ONE.2011.06.12.0300.29.MET-7.022.hursat-b1.v06.nc,2011-06-12T03:00:00,0.0,0,Depression / Weak System,HURSAT-B1 IRWIN/rad10,1.0,0,train
2011160N18070,2011-06-12T03:00:00,E:\Cyclone-x-prototype\datas\HURSAT_NI\2011\2011160N18070\2011160N18070.ONE.2011.06.12.0300.45.FY2-E.022.hursat-b1.v06.nc,2011-06-12T03:00:00,0.0,0,Depression / Weak System,HURSAT-B1 IRWIN/rad10,1.0,0,train
2011160N18070,2011-06-12T06:00:00,E:\Cyclone-x-prototype\datas\HURSAT_NI\2011\2011160N18070\2011160N18070.ONE.2011.06.12.0600.29.MET-7.019.hursat-b1.v06.nc,2011-06-12T06:00:00,0.0,0,Depression / Weak System,HURSAT-B1 IRWIN/rad10,1.0,0,train
2011160N18070,2011-06-12T06:00:00,E:\Cyclone-x-prototype\datas\HURSAT_NI\2011\2011160N18070\2011160N18070.ONE.2011.06.12.0600.45.FY2-E.019.hursat-b1.v06.nc,2011-06-12T06:00:00,0.0,0,Depression / Weak System,HURSAT-B1 IRWIN/rad10,1.0,0,train
2011160N18070,2011-06-12T09:00:00,E:\Cyclone-x-prototype\datas\HURSAT_NI\2011\2011160N18070\2011160N18070.ONE.2011.06.12.0900.29.MET-7.020.hursat-b1.v06.nc,2011-06-12T06:00:00,3.0,0,Depression / Weak System,HURSAT-B1 IRWIN/rad10,1.0,0,train
2011160N18070,2011-06-12T09:00:00,E:\Cyclone-x-prototype\datas\HURSAT_NI\2011\2011160N18070\2011160N18070.ONE.2011.06.12.0900.46.FY2-E.020.hursat-b1.v06.nc,2011-06-12T06:00:00,3.0,0,Depression / Weak System,HURSAT-B1 IRWIN/rad10,1.0,0,train
2011167N22089,2011-06-16T06:00:00,E:\Cyclone-x-prototype\datas\HURSAT_NI\2011\2011167N22089\2011167N22089.MISSING.2011.06.16.0600.31.FY2-E.025.hursat-b1.v06.nc,2011-06-16T06:00:00,0.0,0,Depression / Weak System,HURSAT-B1 IRWIN/rad10,1.0,0,validation
2011167N22089,2011-06-16T06:00:00,E:\Cyclone-x-prototype\datas\HURSAT_NI\2011\2011167N22089\2011167N22089.MISSING.2011.06.16.0600.44.MET-7.025.hursat-b1.v06.nc,2011-06-16T06:00:00,0.0,0,Depression / Weak System,HURSAT-B1 IRWIN/rad10,1.0,0,validation
2011167N22089,2011-06-16T06:00:00,E:\Cyclone-x-prototype\datas\HURSAT_NI\2011\2011167N22089\2011167N22089.MISSING.2011.06.16.0600.67.MTS-2.025.hursat-b1.v06.nc,2011-06-16T06:00:00,0.0,0,Depression / Weak System,HURSAT-B1 IRWIN/rad10,1.0,0,validation
2011167N22089,2011-06-16T09:00:00,E:\Cyclone-x-prototype\datas\HURSAT_NI\2011\2011167N22089\2011167N22089.MISSING.2011.06.16.0900.31.FY2-E.028.hursat-b1.v06.nc,2011-06-16T06:00:00,3.0,0,Depression / Weak System,HURSAT-B1 IRWIN/rad10,1.0,0,validation
2011167N22089,2011-06-16T09:00:00,E:\Cyclone-x-prototype\datas\HURSAT_NI\2011\2011167N22089\2011167N22089.MISSING.2011.06.16.0900.44.MET-7.028.hursat-b1.v06.nc,2011-06-16T06:00:00,3.0,0,Depression / Weak System,HURSAT-B1 IRWIN/rad10,1.0,0,validation
2011167N22089,2011-06-16T09:00:00,E:\Cyclone-x-prototype\datas\HURSAT_NI\2011\2011167N22089\2011167N22089.MISSING.2011.06.16.0900.67.MTS-2.028.hursat-b1.v06.nc,2011-06-16T06:00:00,3.0,0,Depression / Weak System,HURSAT-B1 IRWIN/rad10,1.0,0,validation
2011167N22089,2011-06-16T12:00:00,E:\Cyclone-x-prototype\datas\HURSAT_NI\2011\2011167N22089\2011167N22089.MISSING.2011.06.16.1200.31.FY2-E.030.hursat-b1.v06.nc,2011-06-16T12:00:00,0.0,0,Depression / Weak System,HURSAT-B1 IRWIN/rad10,1.0,0,validation
2011167N22089,2011-06-16T12:00:00,E:\Cyclone-x-prototype\datas\HURSAT_NI\2011\2011167N22089\2011167N22089.MISSING.2011.06.16.1200.44.MET-7.030.hursat-b1.v06.nc,2011-06-16T12:00:00,0.0,0,Depression / Weak System,HURSAT-B1 IRWIN/rad10,1.0,0,validation
2011167N22089,2011-06-16T12:00:00,E:\Cyclone-x-prototype\datas\HURSAT_NI\2011\2011167N22089\2011167N22089.MISSING.2011.06.16.1200.67.MTS-2.030.hursat-b1.v06.nc,2011-06-16T12:00:00,0.0,0,Depression / Weak System,HURSAT-B1 IRWIN/rad10,1.0,0,validation
2011167N22089,2011-06-16T15:00:00,E:\Cyclone-x-prototype\datas\HURSAT_NI\2011\2011167N22089\2011167N22089.MISSING.2011.06.16.1500.31.FY2-E.030.hursat-b1.v06.nc,2011-06-16T12:00:00,3.0,0,Depression / Weak System,HURSAT-B1 IRWIN/rad10,1.0,0,validation
2011167N22089,2011-06-16T15:00:00,E:\Cyclone-x-prototype\datas\HURSAT_NI\2011\2011167N22089\2011167N22089.MISSING.2011.06.16.1500.45.MET-7.030.hursat-b1.v06.nc,2011-06-16T12:00:00,3.0,0,Depression / Weak System,HURSAT-B1 IRWIN/rad10,1.0,0,validation
2011167N22089,2011-06-16T15:00:00,E:\Cyclone-x-prototype\datas\HURSAT_NI\2011\2011167N22089\2011167N22089.MISSING.2011.06.16.1500.67.MTS-2.030.hursat-b1.v06.nc,2011-06-16T12:00:00,3.0,0,Depression / Weak System,HURSAT-B1 IRWIN/rad10,1.0,0,validation
2011167N22089,2011-06-16T18:00:00,E:\Cyclone-x-prototype\datas\HURSAT_NI\2011\2011167N22089\2011167N22089.MISSING.2011.06.16.1800.32.FY2-E.030.hursat-b1.v06.nc,2011-06-16T18:00:00,0.0,0,Depression / Weak System,HURSAT-B1 IRWIN/rad10,1.0,0,validation
2011167N22089,2011-06-16T18:00:00,E:\Cyclone-x-prototype\datas\HURSAT_NI\2011\2011167N22089\2011167N22089.MISSING.2011.06.16.1800.45.MET-7.030.hursat-b1.v06.nc,2011-06-16T18:00:00,0.0,0,Depression / Weak System,HURSAT-B1 IRWIN/rad10,1.0,0,validation
2011167N22089,2011-06-16T18:00:00,E:\Cyclone-x-prototype\datas\HURSAT_NI\2011\2011167N22089\2011167N22089.MISSING.2011.06.16.1800.67.MTS-2.030.hursat-b1.v06.nc,2011-06-16T18:00:00,0.0,0,Depression / Weak System,HURSAT-B1 IRWIN/rad10,1.0,0,validation
2011167N22089,2011-06-16T21:00:00,E:\Cyclone-x-prototype\datas\HURSAT_NI\2011\2011167N22089\2011167N22089.MISSING.2011.06.16.2100.32.FY2-E.030.hursat-b1.v06.nc,2011-06-16T18:00:00,3.0,0,Depression / Weak System,HURSAT-B1 IRWIN/rad10,1.0,0,validation
2011167N22089,2011-06-16T21:00:00,E:\Cyclone-x-prototype\datas\HURSAT_NI\2011\2011167N22089\2011167N22089.MISSING.2011.06.16.2100.45.MET-7.030.hursat-b1.v06.nc,2011-06-16T18:00:00,3.0,0,Depression / Weak System,HURSAT-B1 IRWIN/rad10,1.0,0,validation
2011167N22089,2011-06-16T21:00:00,E:\Cyclone-x-prototype\datas\HURSAT_NI\2011\2011167N22089\2011167N22089.MISSING.2011.06.16.2100.67.MTS-2.030.hursat-b1.v06.nc,2011-06-16T18:00:00,3.0,0,Depression / Weak System,HURSAT-B1 IRWIN/rad10,1.0,0,validation
2011167N22089,2011-06-17T00:00:00,E:\Cyclone-x-prototype\datas\HURSAT_NI\2011\2011167N22089\2011167N22089.MISSING.2011.06.17.0000.32.FY2-E.030.hursat-b1.v06.nc,2011-06-17T00:00:00,0.0,0,Depression / Weak System,HURSAT-B1 IRWIN/rad10,1.0,0,validation
2011167N22089,2011-06-17T00:00:00,E:\Cyclone-x-prototype\datas\HURSAT_NI\2011\2011167N22089\2011167N22089.MISSING.2011.06.17.0000.45.MET-7.030.hursat-b1.v06.nc,2011-06-17T00:00:00,0.0,0,Depression / Weak System,HURSAT-B1 IRWIN/rad10,1.0,0,validation
2011167N22089,2011-06-17T00:00:00,E:\Cyclone-x-prototype\datas\HURSAT_NI\2011\2011167N22089\2011167N22089.MISSING.2011.06.17.0000.67.MTS-2.030.hursat-b1.v06.nc,2011-06-17T00:00:00,0.0,0,Depression / Weak System,HURSAT-B1 IRWIN/rad10,1.0,0,validation
2011167N22089,2011-06-17T03:00:00,E:\Cyclone-x-prototype\datas\HURSAT_NI\2011\2011167N22089\2011167N22089.MISSING.2011.06.17.0300.32.FY2-E.033.hursat-b1.v06.nc,2011-06-17T03:00:00,0.0,0,Depression / Weak System,HURSAT-B1 IRWIN/rad10,1.0,0,validation
2011167N22089,2011-06-17T03:00:00,E:\Cyclone-x-prototype\datas\HURSAT_NI\2011\2011167N22089\2011167N22089.MISSING.2011.06.17.0300.45.MET-7.033.hursat-b1.v06.nc,2011-06-17T03:00:00,0.0,0,Depression / Weak System,HURSAT-B1 IRWIN/rad10,1.0,0,validation
2011167N22089,2011-06-17T03:00:00,E:\Cyclone-x-prototype\datas\HURSAT_NI\2011\2011167N22089\2011167N22089.MISSING.2011.06.17.0300.68.MTS-2.033.hursat-b1.v06.nc,2011-06-17T03:00:00,0.0,0,Depression / Weak System,HURSAT-B1 IRWIN/rad10,1.0,0,validation
2011167N22089,2011-06-17T06:00:00,E:\Cyclone-x-prototype\datas\HURSAT_NI\2011\2011167N22089\2011167N22089.MISSING.2011.06.17.0600.32.FY2-E.035.hursat-b1.v06.nc,2011-06-17T06:00:00,0.0,1,Cyclonic Storm,HURSAT-B1 IRWIN/rad10,1.0,0,validation
2011167N22089,2011-06-17T06:00:00,E:\Cyclone-x-prototype\datas\HURSAT_NI\2011\2011167N22089\2011167N22089.MISSING.2011.06.17.0600.44.MET-7.035.hursat-b1.v06.nc,2011-06-17T06:00:00,0.0,1,Cyclonic Storm,HURSAT-B1 IRWIN/rad10,1.0,0,validation
2011167N22089,2011-06-17T06:00:00,E:\Cyclone-x-prototype\datas\HURSAT_NI\2011\2011167N22089\2011167N22089.MISSING.2011.06.17.0600.68.MTS-2.035.hursat-b1.v06.nc,2011-06-17T06:00:00,0.0,1,Cyclonic Storm,HURSAT-B1 IRWIN/rad10,1.0,0,validation
2011167N22089,2011-06-17T09:00:00,E:\Cyclone-x-prototype\datas\HURSAT_NI\2011\2011167N22089\2011167N22089.MISSING.2011.06.17.0900.32.FY2-E.030.hursat-b1.v06.nc,2011-06-17T06:00:00,3.0,1,Cyclonic Storm,HURSAT-B1 IRWIN/rad10,1.0,0,validation
2011167N22089,2011-06-17T09:00:00,E:\Cyclone-x-prototype\datas\HURSAT_NI\2011\2011167N22089\2011167N22089.MISSING.2011.06.17.0900.44.MET-7.030.hursat-b1.v06.nc,2011-06-17T06:00:00,3.0,1,Cyclonic Storm,HURSAT-B1 IRWIN/rad10,1.0,0,validation
2011167N22089,2011-06-17T09:00:00,E:\Cyclone-x-prototype\datas\HURSAT_NI\2011\2011167N22089\2011167N22089.MISSING.2011.06.17.0900.68.MTS-2.030.hursat-b1.v06.nc,2011-06-17T06:00:00,3.0,1,Cyclonic Storm,HURSAT-B1 IRWIN/rad10,1.0,0,validation
2011167N22089,2011-06-17T12:00:00,E:\Cyclone-x-prototype\datas\HURSAT_NI\2011\2011167N22089\2011167N22089.MISSING.2011.06.17.1200.33.FY2-E.025.hursat-b1.v06.nc,2011-06-17T12:00:00,0.0,0,Depression / Weak System,HURSAT-B1 IRWIN/rad10,1.0,0,validation
2011167N22089,2011-06-17T12:00:00,E:\Cyclone-x-prototype\datas\HURSAT_NI\2011\2011167N22089\2011167N22089.MISSING.2011.06.17.1200.44.MET-7.025.hursat-b1.v06.nc,2011-06-17T12:00:00,0.0,0,Depression / Weak System,HURSAT-B1 IRWIN/rad10,1.0,0,validation
2011167N22089,2011-06-17T12:00:00,E:\Cyclone-x-prototype\datas\HURSAT_NI\2011\2011167N22089\2011167N22089.MISSING.2011.06.17.1200.68.MTS-2.025.hursat-b1.v06.nc,2011-06-17T12:00:00,0.0,0,Depression / Weak System,HURSAT-B1 IRWIN/rad10,1.0,0,validation
2011167N22089,2011-06-17T15:00:00,E:\Cyclone-x-prototype\datas\HURSAT_NI\2011\2011167N22089\2011167N22089.MISSING.2011.06.17.1500.33.FY2-E.025.hursat-b1.v06.nc,2011-06-17T12:00:00,3.0,0,Depression / Weak System,HURSAT-B1 IRWIN/rad10,1.0,0,validation
2011167N22089,2011-06-17T15:00:00,E:\Cyclone-x-prototype\datas\HURSAT_NI\2011\2011167N22089\2011167N22089.MISSING.2011.06.17.1500.44.MET-7.025.hursat-b1.v06.nc,2011-06-17T12:00:00,3.0,0,Depression / Weak System,HURSAT-B1 IRWIN/rad10,1.0,0,validation
2011167N22089,2011-06-17T15:00:00,E:\Cyclone-x-prototype\datas\HURSAT_NI\2011\2011167N22089\2011167N22089.MISSING.2011.06.17.1500.68.MTS-2.025.hursat-b1.v06.nc,2011-06-17T12:00:00,3.0,0,Depression / Weak System,HURSAT-B1 IRWIN/rad10,1.0,0,validation
2011167N22089,2011-06-17T18:00:00,E:\Cyclone-x-prototype\datas\HURSAT_NI\2011\2011167N22089\2011167N22089.MISSING.2011.06.17.1800.33.FY2-E.025.hursat-b1.v06.nc,2011-06-17T18:00:00,0.0,0,Depression / Weak System,HURSAT-B1 IRWIN/rad10,1.0,0,validation
2011167N22089,2011-06-17T18:00:00,E:\Cyclone-x-prototype\datas\HURSAT_NI\2011\2011167N22089\2011167N22089.MISSING.2011.06.17.1800.44.MET-7.025.hursat-b1.v06.nc,2011-06-17T18:00:00,0.0,0,Depression / Weak System,HURSAT-B1 IRWIN/rad10,1.0,0,validation
2011167N22089,2011-06-17T18:00:00,E:\Cyclone-x-prototype\datas\HURSAT_NI\2011\2011167N22089\2011167N22089.MISSING.2011.06.17.1800.68.MTS-2.025.hursat-b1.v06.nc,2011-06-17T18:00:00,0.0,0,Depression / Weak System,HURSAT-B1 IRWIN/rad10,1.0,0,validation
2011167N22089,2011-06-17T21:00:00,E:\Cyclone-x-prototype\datas\HURSAT_NI\2011\2011167N22089\2011167N22089.MISSING.2011.06.17.2100.33.FY2-E.025.hursat-b1.v06.nc,2011-06-17T18:00:00,3.0,0,Depression / Weak System,HURSAT-B1 IRWIN/rad10,1.0,0,validation
2011167N22089,2011-06-17T21:00:00,E:\Cyclone-x-prototype\datas\HURSAT_NI\2011\2011167N22089\2011167N22089.MISSING.2011.06.17.2100.44.MET-7.025.hursat-b1.v06.nc,2011-06-17T18:00:00,3.0,0,Depression / Weak System,HURSAT-B1 IRWIN/rad10,1.0,0,validation
2011167N22089,2011-06-17T21:00:00,E:\Cyclone-x-prototype\datas\HURSAT_NI\2011\2011167N22089\2011167N22089.MISSING.2011.06.17.2100.69.MTS-2.025.hursat-b1.v06.nc,2011-06-17T18:00:00,3.0,0,Depression / Weak System,HURSAT-B1 IRWIN/rad10,1.0,0,validation
2011167N22089,2011-06-18T00:00:00,E:\Cyclone-x-prototype\datas\HURSAT_NI\2011\2011167N22089\2011167N22089.MISSING.2011.06.18.0000.33.FY2-E.025.hursat-b1.v06.nc,2011-06-18T00:00:00,0.0,0,Depression / Weak System,HURSAT-B1 IRWIN/rad10,1.0,0,validation
2011167N22089,2011-06-18T00:00:00,E:\Cyclone-x-prototype\datas\HURSAT_NI\2011\2011167N22089\2011167N22089.MISSING.2011.06.18.0000.44.MET-7.025.hursat-b1.v06.nc,2011-06-18T00:00:00,0.0,0,Depression / Weak System,HURSAT-B1 IRWIN/rad10,1.0,0,validation
2011167N22089,2011-06-18T00:00:00,E:\Cyclone-x-prototype\datas\HURSAT_NI\2011\2011167N22089\2011167N22089.MISSING.2011.06.18.0000.69.MTS-2.025.hursat-b1.v06.nc,2011-06-18T00:00:00,0.0,0,Depression / Weak System,HURSAT-B1 IRWIN/rad10,1.0,0,validation
2011167N22089,2011-06-18T03:00:00,E:\Cyclone-x-prototype\datas\HURSAT_NI\2011\2011167N22089\2011167N22089.MISSING.2011.06.18.0300.33.FY2-E.025.hursat-b1.v06.nc,2011-06-18T03:00:00,0.0,0,Depression / Weak System,HURSAT-B1 IRWIN/rad10,1.0,0,validation
2011167N22089,2011-06-18T03:00:00,E:\Cyclone-x-prototype\datas\HURSAT_NI\2011\2011167N22089\2011167N22089.MISSING.2011.06.18.0300.43.MET-7.025.hursat-b1.v06.nc,2011-06-18T03:00:00,0.0,0,Depression / Weak System,HURSAT-B1 IRWIN/rad10,1.0,0,validation
2011167N22089,2011-06-18T03:00:00,E:\Cyclone-x-prototype\datas\HURSAT_NI\2011\2011167N22089\2011167N22089.MISSING.2011.06.18.0300.69.MTS-2.025.hursat-b1.v06.nc,2011-06-18T03:00:00,0.0,0,Depression / Weak System,HURSAT-B1 IRWIN/rad10,1.0,0,validation
2011167N22089,2011-06-18T06:00:00,E:\Cyclone-x-prototype\datas\HURSAT_NI\2011\2011167N22089\2011167N22089.MISSING.2011.06.18.0600.33.FY2-E.025.hursat-b1.v06.nc,2011-06-18T06:00:00,0.0,0,Depression / Weak System,HURSAT-B1 IRWIN/rad10,1.0,0,validation
2011167N22089,2011-06-18T06:00:00,E:\Cyclone-x-prototype\datas\HURSAT_NI\2011\2011167N22089\2011167N22089.MISSING.2011.06.18.0600.43.MET-7.025.hursat-b1.v06.nc,2011-06-18T06:00:00,0.0,0,Depression / Weak System,HURSAT-B1 IRWIN/rad10,1.0,0,validation
2011167N22089,2011-06-18T06:00:00,E:\Cyclone-x-prototype\datas\HURSAT_NI\2011\2011167N22089\2011167N22089.MISSING.2011.06.18.0600.69.MTS-2.025.hursat-b1.v06.nc,2011-06-18T06:00:00,0.0,0,Depression / Weak System,HURSAT-B1 IRWIN/rad10,1.0,0,validation
2011167N22089,2011-06-18T09:00:00,E:\Cyclone-x-prototype\datas\HURSAT_NI\2011\2011167N22089\2011167N22089.MISSING.2011.06.18.0900.33.FY2-E.025.hursat-b1.v06.nc,2011-06-18T06:00:00,3.0,0,Depression / Weak System,HURSAT-B1 IRWIN/rad10,1.0,0,validation
2011167N22089,2011-06-18T09:00:00,E:\Cyclone-x-prototype\datas\HURSAT_NI\2011\2011167N22089\2011167N22089.MISSING.2011.06.18.0900.43.MET-7.025.hursat-b1.v06.nc,2011-06-18T06:00:00,3.0,0,Depression / Weak System,HURSAT-B1 IRWIN/rad10,1.0,0,validation
2011167N22089,2011-06-18T09:00:00,E:\Cyclone-x-prototype\datas\HURSAT_NI\2011\2011167N22089\2011167N22089.MISSING.2011.06.18.0900.69.MTS-2.025.hursat-b1.v06.nc,2011-06-18T06:00:00,3.0,0,Depression / Weak System,HURSAT-B1 IRWIN/rad10,1.0,0,validation
2011167N22089,2011-06-18T12:00:00,E:\Cyclone-x-prototype\datas\HURSAT_NI\2011\2011167N22089\2011167N22089.MISSING.2011.06.18.1200.33.FY2-E.025.hursat-b1.v06.nc,2011-06-18T12:00:00,0.0,0,Depression / Weak System,HURSAT-B1 IRWIN/rad10,1.0,0,validation
2011167N22089,2011-06-18T12:00:00,E:\Cyclone-x-prototype\datas\HURSAT_NI\2011\2011167N22089\2011167N22089.MISSING.2011.06.18.1200.43.MET-7.025.hursat-b1.v06.nc,2011-06-18T12:00:00,0.0,0,Depression / Weak System,HURSAT-B1 IRWIN/rad10,1.0,0,validation
2011167N22089,2011-06-18T12:00:00,E:\Cyclone-x-prototype\datas\HURSAT_NI\2011\2011167N22089\2011167N22089.MISSING.2011.06.18.1200.69.MTS-2.025.hursat-b1.v06.nc,2011-06-18T12:00:00,0.0,0,Depression / Weak System,HURSAT-B1 IRWIN/rad10,1.0,0,validation
2011167N22089,2011-06-18T15:00:00,E:\Cyclone-x-prototype\datas\HURSAT_NI\2011\2011167N22089\2011167N22089.MISSING.2011.06.18.1500.33.FY2-E.025.hursat-b1.v06.nc,2011-06-18T12:00:00,3.0,0,Depression / Weak System,HURSAT-B1 IRWIN/rad10,1.0,0,validation
2011167N22089,2011-06-18T15:00:00,E:\Cyclone-x-prototype\datas\HURSAT_NI\2011\2011167N22089\2011167N22089.MISSING.2011.06.18.1500.43.MET-7.025.hursat-b1.v06.nc,2011-06-18T12:00:00,3.0,0,Depression / Weak System,HURSAT-B1 IRWIN/rad10,1.0,0,validation
2011167N22089,2011-06-18T15:00:00,E:\Cyclone-x-prototype\datas\HURSAT_NI\2011\2011167N22089\2011167N22089.MISSING.2011.06.18.1500.70.MTS-2.025.hursat-b1.v06.nc,2011-06-18T12:00:00,3.0,0,Depression / Weak System,HURSAT-B1 IRWIN/rad10,1.0,0,validation
2011167N22089,2011-06-18T18:00:00,E:\Cyclone-x-prototype\datas\HURSAT_NI\2011\2011167N22089\2011167N22089.MISSING.2011.06.18.1800.34.FY2-E.025.hursat-b1.v06.nc,2011-06-18T18:00:00,0.0,0,Depression / Weak System,HURSAT-B1 IRWIN/rad10,1.0,0,validation
2011167N22089,2011-06-18T18:00:00,E:\Cyclone-x-prototype\datas\HURSAT_NI\2011\2011167N22089\2011167N22089.MISSING.2011.06.18.1800.43.MET-7.025.hursat-b1.v06.nc,2011-06-18T18:00:00,0.0,0,Depression / Weak System,HURSAT-B1 IRWIN/rad10,1.0,0,validation
2011167N22089,2011-06-18T18:00:00,E:\Cyclone-x-prototype\datas\HURSAT_NI\2011\2011167N22089\2011167N22089.MISSING.2011.06.18.1800.70.MTS-2.025.hursat-b1.v06.nc,2011-06-18T18:00:00,0.0,0,Depression / Weak System,HURSAT-B1 IRWIN/rad10,1.0,0,validation
2011167N22089,2011-06-18T21:00:00,E:\Cyclone-x-prototype\datas\HURSAT_NI\2011\2011167N22089\2011167N22089.MISSING.2011.06.18.2100.34.FY2-E.025.hursat-b1.v06.nc,2011-06-18T18:00:00,3.0,0,Depression / Weak System,HURSAT-B1 IRWIN/rad10,1.0,0,validation
2011167N22089,2011-06-18T21:00:00,E:\Cyclone-x-prototype\datas\HURSAT_NI\2011\2011167N22089\2011167N22089.MISSING.2011.06.18.2100.70.MTS-2.025.hursat-b1.v06.nc,2011-06-18T18:00:00,3.0,0,Depression / Weak System,HURSAT-B1 IRWIN/rad10,1.0,0,validation
2011167N22089,2011-06-19T00:00:00,E:\Cyclone-x-prototype\datas\HURSAT_NI\2011\2011167N22089\2011167N22089.MISSING.2011.06.19.0000.70.MTS-2.025.hursat-b1.v06.nc,2011-06-19T00:00:00,0.0,0,Depression / Weak System,HURSAT-B1 IRWIN/rad10,1.0,0,validation
2011167N22089,2011-06-19T03:00:00,E:\Cyclone-x-prototype\datas\HURSAT_NI\2011\2011167N22089\2011167N22089.MISSING.2011.06.19.0300.71.MTS-2.025.hursat-b1.v06.nc,2011-06-19T03:00:00,0.0,0,Depression / Weak System,HURSAT-B1 IRWIN/rad10,1.0,0,validation
2011167N22089,2011-06-19T06:00:00,E:\Cyclone-x-prototype\datas\HURSAT_NI\2011\2011167N22089\2011167N22089.MISSING.2011.06.19.0600.71.MTS-2.025.hursat-b1.v06.nc,2011-06-19T06:00:00,0.0,0,Depression / Weak System,HURSAT-B1 IRWIN/rad10,1.0,0,validation
2011167N22089,2011-06-19T09:00:00,E:\Cyclone-x-prototype\datas\HURSAT_NI\2011\2011167N22089\2011167N22089.MISSING.2011.06.19.0900.71.MTS-2.025.hursat-b1.v06.nc,2011-06-19T06:00:00,3.0,0,Depression / Weak System,HURSAT-B1 IRWIN/rad10,1.0,0,validation
2011167N22089,2011-06-19T12:00:00,E:\Cyclone-x-prototype\datas\HURSAT_NI\2011\2011167N22089\2011167N22089.MISSING.2011.06.19.1200.71.MTS-2.025.hursat-b1.v06.nc,2011-06-19T12:00:00,0.0,0,Depression / Weak System,HURSAT-B1 IRWIN/rad10,1.0,0,validation
2011167N22089,2011-06-19T15:00:00,E:\Cyclone-x-prototype\datas\HURSAT_NI\2011\2011167N22089\2011167N22089.MISSING.2011.06.19.1500.42.MET-7.025.hursat-b1.v06.nc,2011-06-19T12:00:00,3.0,0,Depression / Weak System,HURSAT-B1 IRWIN/rad10,1.0,0,validation
2011167N22089,2011-06-19T15:00:00,E:\Cyclone-x-prototype\datas\HURSAT_NI\2011\2011167N22089\2011167N22089.MISSING.2011.06.19.1500.72.MTS-2.025.hursat-b1.v06.nc,2011-06-19T12:00:00,3.0,0,Depression / Weak System,HURSAT-B1 IRWIN/rad10,1.0,0,validation
2011167N22089,2011-06-19T18:00:00,E:\Cyclone-x-prototype\datas\HURSAT_NI\2011\2011167N22089\2011167N22089.MISSING.2011.06.19.1800.41.MET-7.025.hursat-b1.v06.nc,2011-06-19T18:00:00,0.0,0,Depression / Weak System,HURSAT-B1 IRWIN/rad10,1.0,0,validation
2011167N22089,2011-06-19T18:00:00,E:\Cyclone-x-prototype\datas\HURSAT_NI\2011\2011167N22089\2011167N22089.MISSING.2011.06.19.1800.72.MTS-2.025.hursat-b1.v06.nc,2011-06-19T18:00:00,0.0,0,Depression / Weak System,HURSAT-B1 IRWIN/rad10,1.0,0,validation
2011167N22089,2011-06-19T21:00:00,E:\Cyclone-x-prototype\datas\HURSAT_NI\2011\2011167N22089\2011167N22089.MISSING.2011.06.19.2100.41.MET-7.025.hursat-b1.v06.nc,2011-06-19T18:00:00,3.0,0,Depression / Weak System,HURSAT-B1 IRWIN/rad10,1.0,0,validation
2011167N22089,2011-06-19T21:00:00,E:\Cyclone-x-prototype\datas\HURSAT_NI\2011\2011167N22089\2011167N22089.MISSING.2011.06.19.2100.72.MTS-2.025.hursat-b1.v06.nc,2011-06-19T18:00:00,3.0,0,Depression / Weak System,HURSAT-B1 IRWIN/rad10,1.0,0,validation
2011167N22089,2011-06-20T00:00:00,E:\Cyclone-x-prototype\datas\HURSAT_NI\2011\2011167N22089\2011167N22089.MISSING.2011.06.20.0000.36.FY2-E.025.hursat-b1.v06.nc,2011-06-20T00:00:00,0.0,0,Depression / Weak System,HURSAT-B1 IRWIN/rad10,1.0,0,validation
2011167N22089,2011-06-20T00:00:00,E:\Cyclone-x-prototype\datas\HURSAT_NI\2011\2011167N22089\2011167N22089.MISSING.2011.06.20.0000.41.MET-7.025.hursat-b1.v06.nc,2011-06-20T00:00:00,0.0,0,Depression / Weak System,HURSAT-B1 IRWIN/rad10,1.0,0,validation
2011167N22089,2011-06-20T00:00:00,E:\Cyclone-x-prototype\datas\HURSAT_NI\2011\2011167N22089\2011167N22089.MISSING.2011.06.20.0000.72.MTS-2.025.hursat-b1.v06.nc,2011-06-20T00:00:00,0.0,0,Depression / Weak System,HURSAT-B1 IRWIN/rad10,1.0,0,validation
2011167N22089,2011-06-20T03:00:00,E:\Cyclone-x-prototype\datas\HURSAT_NI\2011\2011167N22089\2011167N22089.MISSING.2011.06.20.0300.36.FY2-E.023.hursat-b1.v06.nc,2011-06-20T03:00:00,0.0,0,Depression / Weak System,HURSAT-B1 IRWIN/rad10,1.0,0,validation
2011167N22089,2011-06-20T03:00:00,E:\Cyclone-x-prototype\datas\HURSAT_NI\2011\2011167N22089\2011167N22089.MISSING.2011.06.20.0300.73.MTS-2.023.hursat-b1.v06.nc,2011-06-20T03:00:00,0.0,0,Depression / Weak System,HURSAT-B1 IRWIN/rad10,1.0,0,validation
2011167N22089,2011-06-20T06:00:00,E:\Cyclone-x-prototype\datas\HURSAT_NI\2011\2011167N22089\2011167N22089.MISSING.2011.06.20.0600.36.FY2-E.020.hursat-b1.v06.nc,2011-06-20T06:00:00,0.0,0,Depression / Weak System,HURSAT-B1 IRWIN/rad10,1.0,0,validation
2011167N22089,2011-06-20T06:00:00,E:\Cyclone-x-prototype\datas\HURSAT_NI\2011\2011167N22089\2011167N22089.MISSING.2011.06.20.0600.73.MTS-2.020.hursat-b1.v06.nc,2011-06-20T06:00:00,0.0,0,Depression / Weak System,HURSAT-B1 IRWIN/rad10,1.0,0,validation
2011167N22089,2011-06-20T09:00:00,E:\Cyclone-x-prototype\datas\HURSAT_NI\2011\2011167N22089\2011167N22089.MISSING.2011.06.20.0900.37.FY2-E.020.hursat-b1.v06.nc,2011-06-20T06:00:00,3.0,0,Depression / Weak System,HURSAT-B1 IRWIN/rad10,1.0,0,validation
2011167N22089,2011-06-20T09:00:00,E:\Cyclone-x-prototype\datas\HURSAT_NI\2011\2011167N22089\2011167N22089.MISSING.2011.06.20.0900.73.MTS-2.020.hursat-b1.v06.nc,2011-06-20T06:00:00,3.0,0,Depression / Weak System,HURSAT-B1 IRWIN/rad10,1.0,0,validation
2011167N22089,2011-06-20T12:00:00,E:\Cyclone-x-prototype\datas\HURSAT_NI\2011\2011167N22089\2011167N22089.MISSING.2011.06.20.1200.37.FY2-E.020.hursat-b1.v06.nc,2011-06-20T12:00:00,0.0,0,Depression / Weak System,HURSAT-B1 IRWIN/rad10,1.0,0,validation
2011167N22089,2011-06-20T12:00:00,E:\Cyclone-x-prototype\datas\HURSAT_NI\2011\2011167N22089\2011167N22089.MISSING.2011.06.20.1200.74.MTS-2.020.hursat-b1.v06.nc,2011-06-20T12:00:00,0.0,0,Depression / Weak System,HURSAT-B1 IRWIN/rad10,1.0,0,validation
2011167N22089,2011-06-20T15:00:00,E:\Cyclone-x-prototype\datas\HURSAT_NI\2011\2011167N22089\2011167N22089.MISSING.2011.06.20.1500.37.FY2-E.020.hursat-b1.v06.nc,2011-06-20T12:00:00,3.0,0,Depression / Weak System,HURSAT-B1 IRWIN/rad10,1.0,0,validation
2011167N22089,2011-06-20T15:00:00,E:\Cyclone-x-prototype\datas\HURSAT_NI\2011\2011167N22089\2011167N22089.MISSING.2011.06.20.1500.74.MTS-2.020.hursat-b1.v06.nc,2011-06-20T12:00:00,3.0,0,Depression / Weak System,HURSAT-B1 IRWIN/rad10,1.0,0,validation
2011167N22089,2011-06-20T18:00:00,E:\Cyclone-x-prototype\datas\HURSAT_NI\2011\2011167N22089\2011167N22089.MISSING.2011.06.20.1800.37.FY2-E.020.hursat-b1.v06.nc,2011-06-20T18:00:00,0.0,0,Depression / Weak System,HURSAT-B1 IRWIN/rad10,1.0,0,validation
2011167N22089,2011-06-20T18:00:00,E:\Cyclone-x-prototype\datas\HURSAT_NI\2011\2011167N22089\2011167N22089.MISSING.2011.06.20.1800.74.MTS-2.020.hursat-b1.v06.nc,2011-06-20T18:00:00,0.0,0,Depression / Weak System,HURSAT-B1 IRWIN/rad10,1.0,0,validation
2011167N22089,2011-06-20T21:00:00,E:\Cyclone-x-prototype\datas\HURSAT_NI\2011\2011167N22089\2011167N22089.MISSING.2011.06.20.2100.37.FY2-E.020.hursat-b1.v06.nc,2011-06-20T18:00:00,3.0,0,Depression / Weak System,HURSAT-B1 IRWIN/rad10,1.0,0,validation
2011167N22089,2011-06-20T21:00:00,E:\Cyclone-x-prototype\datas\HURSAT_NI\2011\2011167N22089\2011167N22089.MISSING.2011.06.20.2100.74.MTS-2.020.hursat-b1.v06.nc,2011-06-20T18:00:00,3.0,0,Depression / Weak System,HURSAT-B1 IRWIN/rad10,1.0,0,validation
2011167N22089,2011-06-21T00:00:00,E:\Cyclone-x-prototype\datas\HURSAT_NI\2011\2011167N22089\2011167N22089.MISSING.2011.06.21.0000.38.FY2-E.020.hursat-b1.v06.nc,2011-06-21T00:00:00,0.0,0,Depression / Weak System,HURSAT-B1 IRWIN/rad10,1.0,0,validation
2011167N22089,2011-06-21T00:00:00,E:\Cyclone-x-prototype\datas\HURSAT_NI\2011\2011167N22089\2011167N22089.MISSING.2011.06.21.0000.74.MTS-2.020.hursat-b1.v06.nc,2011-06-21T00:00:00,0.0,0,Depression / Weak System,HURSAT-B1 IRWIN/rad10,1.0,0,validation
2011167N22089,2011-06-21T03:00:00,E:\Cyclone-x-prototype\datas\HURSAT_NI\2011\2011167N22089\2011167N22089.MISSING.2011.06.21.0300.38.FY2-E.020.hursat-b1.v06.nc,2011-06-21T03:00:00,0.0,0,Depression / Weak System,HURSAT-B1 IRWIN/rad10,1.0,0,validation
2011167N22089,2011-06-21T03:00:00,E:\Cyclone-x-prototype\datas\HURSAT_NI\2011\2011167N22089\2011167N22089.MISSING.2011.06.21.0300.40.MET-7.020.hursat-b1.v06.nc,2011-06-21T03:00:00,0.0,0,Depression / Weak System,HURSAT-B1 IRWIN/rad10,1.0,0,validation
2011167N22089,2011-06-21T03:00:00,E:\Cyclone-x-prototype\datas\HURSAT_NI\2011\2011167N22089\2011167N22089.MISSING.2011.06.21.0300.75.MTS-2.020.hursat-b1.v06.nc,2011-06-21T03:00:00,0.0,0,Depression / Weak System,HURSAT-B1 IRWIN/rad10,1.0,0,validation
2011167N22089,2011-06-21T06:00:00,E:\Cyclone-x-prototype\datas\HURSAT_NI\2011\2011167N22089\2011167N22089.MISSING.2011.06.21.0600.38.FY2-E.020.hursat-b1.v06.nc,2011-06-21T06:00:00,0.0,0,Depression / Weak System,HURSAT-B1 IRWIN/rad10,1.0,0,validation
2011167N22089,2011-06-21T06:00:00,E:\Cyclone-x-prototype\datas\HURSAT_NI\2011\2011167N22089\2011167N22089.MISSING.2011.06.21.0600.40.MET-7.020.hursat-b1.v06.nc,2011-06-21T06:00:00,0.0,0,Depression / Weak System,HURSAT-B1 IRWIN/rad10,1.0,0,validation
2011167N22089,2011-06-21T06:00:00,E:\Cyclone-x-prototype\datas\HURSAT_NI\2011\2011167N22089\2011167N22089.MISSING.2011.06.21.0600.75.MTS-2.020.hursat-b1.v06.nc,2011-06-21T06:00:00,0.0,0,Depression / Weak System,HURSAT-B1 IRWIN/rad10,1.0,0,validation
2011167N22089,2011-06-21T09:00:00,E:\Cyclone-x-prototype\datas\HURSAT_NI\2011\2011167N22089\2011167N22089.MISSING.2011.06.21.0900.39.FY2-E.020.hursat-b1.v06.nc,2011-06-21T06:00:00,3.0,0,Depression / Weak System,HURSAT-B1 IRWIN/rad10,1.0,0,validation
2011167N22089,2011-06-21T09:00:00,E:\Cyclone-x-prototype\datas\HURSAT_NI\2011\2011167N22089\2011167N22089.MISSING.2011.06.21.0900.40.MET-7.020.hursat-b1.v06.nc,2011-06-21T06:00:00,3.0,0,Depression / Weak System,HURSAT-B1 IRWIN/rad10,1.0,0,validation
2011167N22089,2011-06-21T09:00:00,E:\Cyclone-x-prototype\datas\HURSAT_NI\2011\2011167N22089\2011167N22089.MISSING.2011.06.21.0900.75.MTS-2.020.hursat-b1.v06.nc,2011-06-21T06:00:00,3.0,0,Depression / Weak System,HURSAT-B1 IRWIN/rad10,1.0,0,validation
2011167N22089,2011-06-21T12:00:00,E:\Cyclone-x-prototype\datas\HURSAT_NI\2011\2011167N22089\2011167N22089.MISSING.2011.06.21.1200.39.MET-7.020.hursat-b1.v06.nc,2011-06-21T12:00:00,0.0,0,Depression / Weak System,HURSAT-B1 IRWIN/rad10,1.0,0,validation
2011167N22089,2011-06-21T12:00:00,E:\Cyclone-x-prototype\datas\HURSAT_NI\2011\2011167N22089\2011167N22089.MISSING.2011.06.21.1200.76.MTS-2.020.hursat-b1.v06.nc,2011-06-21T12:00:00,0.0,0,Depression / Weak System,HURSAT-B1 IRWIN/rad10,1.0,0,validation
2011167N22089,2011-06-21T15:00:00,E:\Cyclone-x-prototype\datas\HURSAT_NI\2011\2011167N22089\2011167N22089.MISSING.2011.06.21.1500.39.MET-7.020.hursat-b1.v06.nc,2011-06-21T12:00:00,3.0,0,Depression / Weak System,HURSAT-B1 IRWIN/rad10,1.0,0,validation
2011167N22089,2011-06-21T15:00:00,E:\Cyclone-x-prototype\datas\HURSAT_NI\2011\2011167N22089\2011167N22089.MISSING.2011.06.21.1500.76.MTS-2.020.hursat-b1.v06.nc,2011-06-21T12:00:00,3.0,0,Depression / Weak System,HURSAT-B1 IRWIN/rad10,1.0,0,validation
2011167N22089,2011-06-21T18:00:00,E:\Cyclone-x-prototype\datas\HURSAT_NI\2011\2011167N22089\2011167N22089.MISSING.2011.06.21.1800.39.MET-7.020.hursat-b1.v06.nc,2011-06-21T18:00:00,0.0,0,Depression / Weak System,HURSAT-B1 IRWIN/rad10,1.0,0,validation
2011167N22089,2011-06-21T18:00:00,E:\Cyclone-x-prototype\datas\HURSAT_NI\2011\2011167N22089\2011167N22089.MISSING.2011.06.21.1800.76.MTS-2.020.hursat-b1.v06.nc,2011-06-21T18:00:00,0.0,0,Depression / Weak System,HURSAT-B1 IRWIN/rad10,1.0,0,validation
2011167N22089,2011-06-21T21:00:00,E:\Cyclone-x-prototype\datas\HURSAT_NI\2011\2011167N22089\2011167N22089.MISSING.2011.06.21.2100.39.MET-7.020.hursat-b1.v06.nc,2011-06-21T18:00:00,3.0,0,Depression / Weak System,HURSAT-B1 IRWIN/rad10,1.0,0,validation
2011167N22089,2011-06-21T21:00:00,E:\Cyclone-x-prototype\datas\HURSAT_NI\2011\2011167N22089\2011167N22089.MISSING.2011.06.21.2100.76.MTS-2.020.hursat-b1.v06.nc,2011-06-21T18:00:00,3.0,0,Depression / Weak System,HURSAT-B1 IRWIN/rad10,1.0,0,validation
2011167N22089,2011-06-22T00:00:00,E:\Cyclone-x-prototype\datas\HURSAT_NI\2011\2011167N22089\2011167N22089.MISSING.2011.06.22.0000.39.FY2-E.020.hursat-b1.v06.nc,2011-06-22T00:00:00,0.0,0,Depression / Weak System,HURSAT-B1 IRWIN/rad10,1.0,0,validation
2011167N22089,2011-06-22T00:00:00,E:\Cyclone-x-prototype\datas\HURSAT_NI\2011\2011167N22089\2011167N22089.MISSING.2011.06.22.0000.39.MET-7.020.hursat-b1.v06.nc,2011-06-22T00:00:00,0.0,0,Depression / Weak System,HURSAT-B1 IRWIN/rad10,1.0,0,validation
2011167N22089,2011-06-22T00:00:00,E:\Cyclone-x-prototype\datas\HURSAT_NI\2011\2011167N22089\2011167N22089.MISSING.2011.06.22.0000.76.MTS-2.020.hursat-b1.v06.nc,2011-06-22T00:00:00,0.0,0,Depression / Weak System,HURSAT-B1 IRWIN/rad10,1.0,0,validation
2011167N22089,2011-06-22T03:00:00,E:\Cyclone-x-prototype\datas\HURSAT_NI\2011\2011167N22089\2011167N22089.MISSING.2011.06.22.0300.39.FY2-E.020.hursat-b1.v06.nc,2011-06-22T03:00:00,0.0,0,Depression / Weak System,HURSAT-B1 IRWIN/rad10,1.0,0,validation
2011167N22089,2011-06-22T03:00:00,E:\Cyclone-x-prototype\datas\HURSAT_NI\2011\2011167N22089\2011167N22089.MISSING.2011.06.22.0300.39.MET-7.020.hursat-b1.v06.nc,2011-06-22T03:00:00,0.0,0,Depression / Weak System,HURSAT-B1 IRWIN/rad10,1.0,0,validation
2011167N22089,2011-06-22T03:00:00,E:\Cyclone-x-prototype\datas\HURSAT_NI\2011\2011167N22089\2011167N22089.MISSING.2011.06.22.0300.76.MTS-2.020.hursat-b1.v06.nc,2011-06-22T03:00:00,0.0,0,Depression / Weak System,HURSAT-B1 IRWIN/rad10,1.0,0,validation
2011167N22089,2011-06-22T06:00:00,E:\Cyclone-x-prototype\datas\HURSAT_NI\2011\2011167N22089\2011167N22089.MISSING.2011.06.22.0600.39.FY2-E.020.hursat-b1.v06.nc,2011-06-22T06:00:00,0.0,0,Depression / Weak System,HURSAT-B1 IRWIN/rad10,1.0,0,validation
2011167N22089,2011-06-22T06:00:00,E:\Cyclone-x-prototype\datas\HURSAT_NI\2011\2011167N22089\2011167N22089.MISSING.2011.06.22.0600.39.MET-7.020.hursat-b1.v06.nc,2011-06-22T06:00:00,0.0,0,Depression / Weak System,HURSAT-B1 IRWIN/rad10,1.0,0,validation
2011290N15090,2011-10-18T21:00:00,E:\Cyclone-x-prototype\datas\HURSAT_NI\2011\2011290N15090\2011290N15090.TWO.2011.10.18.2100.45.MET-7.022.hursat-b1.v06.nc,2011-10-19T00:00:00,3.0,0,Depression / Weak System,HURSAT-B1 IRWIN/rad10,1.0,0,validation
2011290N15090,2011-10-18T21:00:00,E:\Cyclone-x-prototype\datas\HURSAT_NI\2011\2011290N15090\2011290N15090.TWO.2011.10.18.2100.65.MTS-2.022.hursat-b1.v06.nc,2011-10-19T00:00:00,3.0,0,Depression / Weak System,HURSAT-B1 IRWIN/rad10,1.0,0,validation
2011290N15090,2011-10-19T00:00:00,E:\Cyclone-x-prototype\datas\HURSAT_NI\2011\2011290N15090\2011290N15090.TWO.2011.10.19.0000.45.MET-7.017.hursat-b1.v06.nc,2011-10-19T00:00:00,0.0,0,Depression / Weak System,HURSAT-B1 IRWIN/rad10,1.0,0,validation
2011290N15090,2011-10-19T00:00:00,E:\Cyclone-x-prototype\datas\HURSAT_NI\2011\2011290N15090\2011290N15090.TWO.2011.10.19.0000.65.MTS-2.017.hursat-b1.v06.nc,2011-10-19T00:00:00,0.0,0,Depression / Weak System,HURSAT-B1 IRWIN/rad10,1.0,0,validation
2011290N15090,2011-10-19T03:00:00,E:\Cyclone-x-prototype\datas\HURSAT_NI\2011\2011290N15090\2011290N15090.TWO.2011.10.19.0300.46.MET-7.017.hursat-b1.v06.nc,2011-10-19T03:00:00,0.0,0,Depression / Weak System,HURSAT-B1 IRWIN/rad10,1.0,0,validation
2011290N15090,2011-10-19T03:00:00,E:\Cyclone-x-prototype\datas\HURSAT_NI\2011\2011290N15090\2011290N15090.TWO.2011.10.19.0300.65.MTS-2.017.hursat-b1.v06.nc,2011-10-19T03:00:00,0.0,0,Depression / Weak System,HURSAT-B1 IRWIN/rad10,1.0,0,validation
2011290N15090,2011-10-19T06:00:00,E:\Cyclone-x-prototype\datas\HURSAT_NI\2011\2011290N15090\2011290N15090.TWO.2011.10.19.0600.46.MET-7.018.hursat-b1.v06.nc,2011-10-19T06:00:00,0.0,0,Depression / Weak System,HURSAT-B1 IRWIN/rad10,1.0,0,validation
2011290N15090,2011-10-19T06:00:00,E:\Cyclone-x-prototype\datas\HURSAT_NI\2011\2011290N15090\2011290N15090.TWO.2011.10.19.0600.64.MTS-2.018.hursat-b1.v06.nc,2011-10-19T06:00:00,0.0,0,Depression / Weak System,HURSAT-B1 IRWIN/rad10,1.0,0,validation
2011290N15090,2011-10-19T09:00:00,E:\Cyclone-x-prototype\datas\HURSAT_NI\2011\2011290N15090\2011290N15090.TWO.2011.10.19.0900.46.MET-7.017.hursat-b1.v06.nc,2011-10-19T06:00:00,3.0,0,Depression / Weak System,HURSAT-B1 IRWIN/rad10,1.0,0,validation
2011290N15090,2011-10-19T09:00:00,E:\Cyclone-x-prototype\datas\HURSAT_NI\2011\2011290N15090\2011290N15090.TWO.2011.10.19.0900.64.MTS-2.017.hursat-b1.v06.nc,2011-10-19T06:00:00,3.0,0,Depression / Weak System,HURSAT-B1 IRWIN/rad10,1.0,0,validation
2011290N15090,2011-10-19T12:00:00,E:\Cyclone-x-prototype\datas\HURSAT_NI\2011\2011290N15090\2011290N15090.TWO.2011.10.19.1200.47.MET-7.016.hursat-b1.v06.nc,2011-10-19T12:00:00,0.0,0,Depression / Weak System,HURSAT-B1 IRWIN/rad10,1.0,0,validation
2011290N15090,2011-10-19T12:00:00,E:\Cyclone-x-prototype\datas\HURSAT_NI\2011\2011290N15090\2011290N15090.TWO.2011.10.19.1200.64.MTS-2.016.hursat-b1.v06.nc,2011-10-19T12:00:00,0.0,0,Depression / Weak System,HURSAT-B1 IRWIN/rad10,1.0,0,validation
2011290N15090,2011-10-19T15:00:00,E:\Cyclone-x-prototype\datas\HURSAT_NI\2011\2011290N15090\2011290N15090.TWO.2011.10.19.1500.47.MET-7.015.hursat-b1.v06.nc,2011-10-19T12:00:00,3.0,0,Depression / Weak System,HURSAT-B1 IRWIN/rad10,1.0,0,validation
2011290N15090,2011-10-19T15:00:00,E:\Cyclone-x-prototype\datas\HURSAT_NI\2011\2011290N15090\2011290N15090.TWO.2011.10.19.1500.64.MTS-2.015.hursat-b1.v06.nc,2011-10-19T12:00:00,3.0,0,Depression / Weak System,HURSAT-B1 IRWIN/rad10,1.0,0,validation
2011290N15090,2011-10-19T18:00:00,E:\Cyclone-x-prototype\datas\HURSAT_NI\2011\2011290N15090\2011290N15090.TWO.2011.10.19.1800.48.MET-7.014.hursat-b1.v06.nc,2011-10-19T18:00:00,0.0,0,Depression / Weak System,HURSAT-B1 IRWIN/rad10,1.0,0,validation
2011290N15090,2011-10-19T18:00:00,E:\Cyclone-x-prototype\datas\HURSAT_NI\2011\2011290N15090\2011290N15090.TWO.2011.10.19.1800.63.MTS-2.014.hursat-b1.v06.nc,2011-10-19T18:00:00,0.0,0,Depression / Weak System,HURSAT-B1 IRWIN/rad10,1.0,0,validation
2011290N15090,2011-10-19T21:00:00,E:\Cyclone-x-prototype\datas\HURSAT_NI\2011\2011290N15090\2011290N15090.TWO.2011.10.19.2100.48.MET-7.008.hursat-b1.v06.nc,2011-10-19T18:00:00,3.0,0,Depression / Weak System,HURSAT-B1 IRWIN/rad10,1.0,0,validation
2011290N15090,2011-10-19T21:00:00,E:\Cyclone-x-prototype\datas\HURSAT_NI\2011\2011290N15090\2011290N15090.TWO.2011.10.19.2100.63.MTS-2.008.hursat-b1.v06.nc,2011-10-19T18:00:00,3.0,0,Depression / Weak System,HURSAT-B1 IRWIN/rad10,1.0,0,validation
2011290N15090,2011-10-20T00:00:00,E:\Cyclone-x-prototype\datas\HURSAT_NI\2011\2011290N15090\2011290N15090.TWO.2011.10.20.0000.48.MET-7.003.hursat-b1.v06.nc,2011-10-20T00:00:00,0.0,0,Depression / Weak System,HURSAT-B1 IRWIN/rad10,1.0,0,validation
2011290N15090,2011-10-20T00:00:00,E:\Cyclone-x-prototype\datas\HURSAT_NI\2011\2011290N15090\2011290N15090.TWO.2011.10.20.0000.63.MTS-2.003.hursat-b1.v06.nc,2011-10-20T00:00:00,0.0,0,Depression / Weak System,HURSAT-B1 IRWIN/rad10,1.0,0,validation
2011302N13062,2011-10-29T06:00:00,E:\Cyclone-x-prototype\datas\HURSAT_NI\2011\2011302N13062\2011302N13062.KEILA.2011.10.29.0600.16.MET-7.025.hursat-b1.v06.nc,2011-10-29T06:00:00,0.0,0,Depression / Weak System,HURSAT-B1 IRWIN/rad10,1.0,0,train
2011302N13062,2011-10-29T06:00:00,E:\Cyclone-x-prototype\datas\HURSAT_NI\2011\2011302N13062\2011302N13062.KEILA.2011.10.29.0600.72.MSG-2.025.hursat-b1.v06.nc,2011-10-29T06:00:00,0.0,0,Depression / Weak System,HURSAT-B1 IRWIN/rad10,1.0,0,train
2011302N13062,2011-10-29T09:00:00,E:\Cyclone-x-prototype\datas\HURSAT_NI\2011\2011302N13062\2011302N13062.KEILA.2011.10.29.0900.16.MET-7.025.hursat-b1.v06.nc,2011-10-29T06:00:00,3.0,0,Depression / Weak System,HURSAT-B1 IRWIN/rad10,1.0,0,train
2011302N13062,2011-10-29T09:00:00,E:\Cyclone-x-prototype\datas\HURSAT_NI\2011\2011302N13062\2011302N13062.KEILA.2011.10.29.0900.71.MSG-2.025.hursat-b1.v06.nc,2011-10-29T06:00:00,3.0,0,Depression / Weak System,HURSAT-B1 IRWIN/rad10,1.0,0,train
2011302N13062,2011-10-29T12:00:00,E:\Cyclone-x-prototype\datas\HURSAT_NI\2011\2011302N13062\2011302N13062.KEILA.2011.10.29.1200.16.MET-7.025.hursat-b1.v06.nc,2011-10-29T12:00:00,0.0,0,Depression / Weak System,HURSAT-B1 IRWIN/rad10,1.0,0,train
2011302N13062,2011-10-29T12:00:00,E:\Cyclone-x-prototype\datas\HURSAT_NI\2011\2011302N13062\2011302N13062.KEILA.2011.10.29.1200.70.MSG-2.025.hursat-b1.v06.nc,2011-10-29T12:00:00,0.0,0,Depression / Weak System,HURSAT-B1 IRWIN/rad10,1.0,0,train
2011302N13062,2011-10-29T15:00:00,E:\Cyclone-x-prototype\datas\HURSAT_NI\2011\2011302N13062\2011302N13062.KEILA.2011.10.29.1500.16.MET-7.025.hursat-b1.v06.nc,2011-10-29T12:00:00,3.0,0,Depression / Weak System,HURSAT-B1 IRWIN/rad10,1.0,0,train
2011302N13062,2011-10-29T15:00:00,E:\Cyclone-x-prototype\datas\HURSAT_NI\2011\2011302N13062\2011302N13062.KEILA.2011.10.29.1500.70.MSG-2.025.hursat-b1.v06.nc,2011-10-29T12:00:00,3.0,0,Depression / Weak System,HURSAT-B1 IRWIN/rad10,1.0,0,train
2011302N13062,2011-10-29T18:00:00,E:\Cyclone-x-prototype\datas\HURSAT_NI\2011\2011302N13062\2011302N13062.KEILA.2011.10.29.1800.16.MET-7.025.hursat-b1.v06.nc,2011-10-29T18:00:00,0.0,0,Depression / Weak System,HURSAT-B1 IRWIN/rad10,1.0,0,train
2011302N13062,2011-10-29T18:00:00,E:\Cyclone-x-prototype\datas\HURSAT_NI\2011\2011302N13062\2011302N13062.KEILA.2011.10.29.1800.70.MSG-2.025.hursat-b1.v06.nc,2011-10-29T18:00:00,0.0,0,Depression / Weak System,HURSAT-B1 IRWIN/rad10,1.0,0,train
2011302N13062,2011-10-29T21:00:00,E:\Cyclone-x-prototype\datas\HURSAT_NI\2011\2011302N13062\2011302N13062.KEILA.2011.10.29.2100.16.MET-7.025.hursat-b1.v06.nc,2011-10-29T18:00:00,3.0,0,Depression / Weak System,HURSAT-B1 IRWIN/rad10,1.0,0,train
2011302N13062,2011-10-29T21:00:00,E:\Cyclone-x-prototype\datas\HURSAT_NI\2011\2011302N13062\2011302N13062.KEILA.2011.10.29.2100.70.MSG-2.025.hursat-b1.v06.nc,2011-10-29T18:00:00,3.0,0,Depression / Weak System,HURSAT-B1 IRWIN/rad10,1.0,0,train
2011302N13062,2011-10-30T00:00:00,E:\Cyclone-x-prototype\datas\HURSAT_NI\2011\2011302N13062\2011302N13062.KEILA.2011.10.30.0000.16.MET-7.025.hursat-b1.v06.nc,2011-10-30T00:00:00,0.0,0,Depression / Weak System,HURSAT-B1 IRWIN/rad10,1.0,0,train
2011302N13062,2011-10-30T00:00:00,E:\Cyclone-x-prototype\datas\HURSAT_NI\2011\2011302N13062\2011302N13062.KEILA.2011.10.30.0000.70.MSG-2.025.hursat-b1.v06.nc,2011-10-30T00:00:00,0.0,0,Depression / Weak System,HURSAT-B1 IRWIN/rad10,1.0,0,train
2011302N13062,2011-10-30T03:00:00,E:\Cyclone-x-prototype\datas\HURSAT_NI\2011\2011302N13062\2011302N13062.KEILA.2011.10.30.0300.16.MET-7.025.hursat-b1.v06.nc,2011-10-30T03:00:00,0.0,0,Depression / Weak System,HURSAT-B1 IRWIN/rad10,1.0,0,train
2011302N13062,2011-10-30T03:00:00,E:\Cyclone-x-prototype\datas\HURSAT_NI\2011\2011302N13062\2011302N13062.KEILA.2011.10.30.0300.70.MSG-2.025.hursat-b1.v06.nc,2011-10-30T03:00:00,0.0,0,Depression / Weak System,HURSAT-B1 IRWIN/rad10,1.0,0,train
2011302N13062,2011-10-30T06:00:00,E:\Cyclone-x-prototype\datas\HURSAT_NI\2011\2011302N13062\2011302N13062.KEILA.2011.10.30.0600.16.MET-7.025.hursat-b1.v06.nc,2011-10-30T06:00:00,0.0,0,Depression / Weak System,HURSAT-B1 IRWIN/rad10,1.0,0,train
2011302N13062,2011-10-30T06:00:00,E:\Cyclone-x-prototype\datas\HURSAT_NI\2011\2011302N13062\2011302N13062.KEILA.2011.10.30.0600.69.MSG-2.025.hursat-b1.v06.nc,2011-10-30T06:00:00,0.0,0,Depression / Weak System,HURSAT-B1 IRWIN/rad10,1.0,0,train
2011302N13062,2011-10-30T09:00:00,E:\Cyclone-x-prototype\datas\HURSAT_NI\2011\2011302N13062\2011302N13062.KEILA.2011.10.30.0900.16.MET-7.025.hursat-b1.v06.nc,2011-10-30T06:00:00,3.0,0,Depression / Weak System,HURSAT-B1 IRWIN/rad10,1.0,0,train
2011302N13062,2011-10-30T09:00:00,E:\Cyclone-x-prototype\datas\HURSAT_NI\2011\2011302N13062\2011302N13062.KEILA.2011.10.30.0900.69.MSG-2.025.hursat-b1.v06.nc,2011-10-30T06:00:00,3.0,0,Depression / Weak System,HURSAT-B1 IRWIN/rad10,1.0,0,train
2011302N13062,2011-10-30T12:00:00,E:\Cyclone-x-prototype\datas\HURSAT_NI\2011\2011302N13062\2011302N13062.KEILA.2011.10.30.1200.16.MET-7.025.hursat-b1.v06.nc,2011-10-30T12:00:00,0.0,0,Depression / Weak System,HURSAT-B1 IRWIN/rad10,1.0,0,train
2011302N13062,2011-10-30T12:00:00,E:\Cyclone-x-prototype\datas\HURSAT_NI\2011\2011302N13062\2011302N13062.KEILA.2011.10.30.1200.69.MSG-2.025.hursat-b1.v06.nc,2011-10-30T12:00:00,0.0,0,Depression / Weak System,HURSAT-B1 IRWIN/rad10,1.0,0,train
2011302N13062,2011-10-30T15:00:00,E:\Cyclone-x-prototype\datas\HURSAT_NI\2011\2011302N13062\2011302N13062.KEILA.2011.10.30.1500.16.MET-7.025.hursat-b1.v06.nc,2011-10-30T12:00:00,3.0,0,Depression / Weak System,HURSAT-B1 IRWIN/rad10,1.0,0,train
2011302N13062,2011-10-30T15:00:00,E:\Cyclone-x-prototype\datas\HURSAT_NI\2011\2011302N13062\2011302N13062.KEILA.2011.10.30.1500.69.MSG-2.025.hursat-b1.v06.nc,2011-10-30T12:00:00,3.0,0,Depression / Weak System,HURSAT-B1 IRWIN/rad10,1.0,0,train
2011302N13062,2011-10-30T18:00:00,E:\Cyclone-x-prototype\datas\HURSAT_NI\2011\2011302N13062\2011302N13062.KEILA.2011.10.30.1800.17.MET-7.025.hursat-b1.v06.nc,2011-10-30T18:00:00,0.0,0,Depression / Weak System,HURSAT-B1 IRWIN/rad10,1.0,0,train
2011302N13062,2011-10-30T18:00:00,E:\Cyclone-x-prototype\datas\HURSAT_NI\2011\2011302N13062\2011302N13062.KEILA.2011.10.30.1800.69.MSG-2.025.hursat-b1.v06.nc,2011-10-30T18:00:00,0.0,0,Depression / Weak System,HURSAT-B1 IRWIN/rad10,1.0,0,train
2011302N13062,2011-10-30T21:00:00,E:\Cyclone-x-prototype\datas\HURSAT_NI\2011\2011302N13062\2011302N13062.KEILA.2011.10.30.2100.17.MET-7.025.hursat-b1.v06.nc,2011-10-30T18:00:00,3.0,0,Depression / Weak System,HURSAT-B1 IRWIN/rad10,1.0,0,train
2011302N13062,2011-10-30T21:00:00,E:\Cyclone-x-prototype\datas\HURSAT_NI\2011\2011302N13062\2011302N13062.KEILA.2011.10.30.2100.69.MSG-2.025.hursat-b1.v06.nc,2011-10-30T18:00:00,3.0,0,Depression / Weak System,HURSAT-B1 IRWIN/rad10,1.0,0,train
2011302N13062,2011-10-31T00:00:00,E:\Cyclone-x-prototype\datas\HURSAT_NI\2011\2011302N13062\2011302N13062.KEILA.2011.10.31.0000.17.MET-7.025.hursat-b1.v06.nc,2011-10-31T00:00:00,0.0,0,Depression / Weak System,HURSAT-B1 IRWIN/rad10,1.0,0,train
2011302N13062,2011-10-31T00:00:00,E:\Cyclone-x-prototype\datas\HURSAT_NI\2011\2011302N13062\2011302N13062.KEILA.2011.10.31.0000.69.MSG-2.025.hursat-b1.v06.nc,2011-10-31T00:00:00,0.0,0,Depression / Weak System,HURSAT-B1 IRWIN/rad10,1.0,0,train
2011302N13062,2011-10-31T03:00:00,E:\Cyclone-x-prototype\datas\HURSAT_NI\2011\2011302N13062\2011302N13062.KEILA.2011.10.31.0300.18.MET-7.025.hursat-b1.v06.nc,2011-10-31T03:00:00,0.0,0,Depression / Weak System,HURSAT-B1 IRWIN/rad10,1.0,0,train
2011302N13062,2011-10-31T03:00:00,E:\Cyclone-x-prototype\datas\HURSAT_NI\2011\2011302N13062\2011302N13062.KEILA.2011.10.31.0300.68.MSG-2.025.hursat-b1.v06.nc,2011-10-31T03:00:00,0.0,0,Depression / Weak System,HURSAT-B1 IRWIN/rad10,1.0,0,train
2011302N13062,2011-10-31T06:00:00,E:\Cyclone-x-prototype\datas\HURSAT_NI\2011\2011302N13062\2011302N13062.KEILA.2011.10.31.0600.19.MET-7.025.hursat-b1.v06.nc,2011-10-31T06:00:00,0.0,0,Depression / Weak System,HURSAT-B1 IRWIN/rad10,1.0,0,train
2011302N13062,2011-10-31T06:00:00,E:\Cyclone-x-prototype\datas\HURSAT_NI\2011\2011302N13062\2011302N13062.KEILA.2011.10.31.0600.67.MSG-2.025.hursat-b1.v06.nc,2011-10-31T06:00:00,0.0,0,Depression / Weak System,HURSAT-B1 IRWIN/rad10,1.0,0,train
2011302N13062,2011-10-31T09:00:00,E:\Cyclone-x-prototype\datas\HURSAT_NI\2011\2011302N13062\2011302N13062.KEILA.2011.10.31.0900.19.MET-7.025.hursat-b1.v06.nc,2011-10-31T06:00:00,3.0,0,Depression / Weak System,HURSAT-B1 IRWIN/rad10,1.0,0,train
2011302N13062,2011-10-31T09:00:00,E:\Cyclone-x-prototype\datas\HURSAT_NI\2011\2011302N13062\2011302N13062.KEILA.2011.10.31.0900.67.MSG-2.025.hursat-b1.v06.nc,2011-10-31T06:00:00,3.0,0,Depression / Weak System,HURSAT-B1 IRWIN/rad10,1.0,0,train
2011302N13062,2011-10-31T12:00:00,E:\Cyclone-x-prototype\datas\HURSAT_NI\2011\2011302N13062\2011302N13062.KEILA.2011.10.31.1200.19.MET-7.025.hursat-b1.v06.nc,2011-10-31T12:00:00,0.0,0,Depression / Weak System,HURSAT-B1 IRWIN/rad10,1.0,0,train
2011302N13062,2011-10-31T12:00:00,E:\Cyclone-x-prototype\datas\HURSAT_NI\2011\2011302N13062\2011302N13062.KEILA.2011.10.31.1200.67.MSG-2.025.hursat-b1.v06.nc,2011-10-31T12:00:00,0.0,0,Depression / Weak System,HURSAT-B1 IRWIN/rad10,1.0,0,train
2011302N13062,2011-10-31T15:00:00,E:\Cyclone-x-prototype\datas\HURSAT_NI\2011\2011302N13062\2011302N13062.KEILA.2011.10.31.1500.19.MET-7.025.hursat-b1.v06.nc,2011-10-31T12:00:00,3.0,0,Depression / Weak System,HURSAT-B1 IRWIN/rad10,1.0,0,train
2011302N13062,2011-10-31T15:00:00,E:\Cyclone-x-prototype\datas\HURSAT_NI\2011\2011302N13062\2011302N13062.KEILA.2011.10.31.1500.67.MSG-2.025.hursat-b1.v06.nc,2011-10-31T12:00:00,3.0,0,Depression / Weak System,HURSAT-B1 IRWIN/rad10,1.0,0,train
2011302N13062,2011-10-31T18:00:00,E:\Cyclone-x-prototype\datas\HURSAT_NI\2011\2011302N13062\2011302N13062.KEILA.2011.10.31.1800.19.MET-7.025.hursat-b1.v06.nc,2011-10-31T18:00:00,0.0,0,Depression / Weak System,HURSAT-B1 IRWIN/rad10,1.0,0,train
2011302N13062,2011-10-31T18:00:00,E:\Cyclone-x-prototype\datas\HURSAT_NI\2011\2011302N13062\2011302N13062.KEILA.2011.10.31.1800.67.MSG-2.025.hursat-b1.v06.nc,2011-10-31T18:00:00,0.0,0,Depression / Weak System,HURSAT-B1 IRWIN/rad10,1.0,0,train
2011302N13062,2011-10-31T21:00:00,E:\Cyclone-x-prototype\datas\HURSAT_NI\2011\2011302N13062\2011302N13062.KEILA.2011.10.31.2100.19.MET-7.022.hursat-b1.v06.nc,2011-10-31T18:00:00,3.0,0,Depression / Weak System,HURSAT-B1 IRWIN/rad10,1.0,0,train
2011302N13062,2011-10-31T21:00:00,E:\Cyclone-x-prototype\datas\HURSAT_NI\2011\2011302N13062\2011302N13062.KEILA.2011.10.31.2100.67.MSG-2.022.hursat-b1.v06.nc,2011-10-31T18:00:00,3.0,0,Depression / Weak System,HURSAT-B1 IRWIN/rad10,1.0,0,train
2011302N13062,2011-11-01T00:00:00,E:\Cyclone-x-prototype\datas\HURSAT_NI\2011\2011302N13062\2011302N13062.KEILA.2011.11.01.0000.19.MET-7.019.hursat-b1.v06.nc,2011-11-01T00:00:00,0.0,0,Depression / Weak System,HURSAT-B1 IRWIN/rad10,1.0,0,train
2011302N13062,2011-11-01T00:00:00,E:\Cyclone-x-prototype\datas\HURSAT_NI\2011\2011302N13062\2011302N13062.KEILA.2011.11.01.0000.66.MSG-2.019.hursat-b1.v06.nc,2011-11-01T00:00:00,0.0,0,Depression / Weak System,HURSAT-B1 IRWIN/rad10,1.0,0,train
2011302N13062,2011-11-01T03:00:00,E:\Cyclone-x-prototype\datas\HURSAT_NI\2011\2011302N13062\2011302N13062.KEILA.2011.11.01.0300.19.MET-7.021.hursat-b1.v06.nc,2011-11-01T03:00:00,0.0,0,Depression / Weak System,HURSAT-B1 IRWIN/rad10,1.0,0,train
2011302N13062,2011-11-01T03:00:00,E:\Cyclone-x-prototype\datas\HURSAT_NI\2011\2011302N13062\2011302N13062.KEILA.2011.11.01.0300.66.MSG-2.021.hursat-b1.v06.nc,2011-11-01T03:00:00,0.0,0,Depression / Weak System,HURSAT-B1 IRWIN/rad10,1.0,0,train
2011302N13062,2011-11-01T06:00:00,E:\Cyclone-x-prototype\datas\HURSAT_NI\2011\2011302N13062\2011302N13062.KEILA.2011.11.01.0600.19.MET-7.024.hursat-b1.v06.nc,2011-11-01T06:00:00,0.0,0,Depression / Weak System,HURSAT-B1 IRWIN/rad10,1.0,0,train
2011302N13062,2011-11-01T06:00:00,E:\Cyclone-x-prototype\datas\HURSAT_NI\2011\2011302N13062\2011302N13062.KEILA.2011.11.01.0600.66.MSG-2.024.hursat-b1.v06.nc,2011-11-01T06:00:00,0.0,0,Depression / Weak System,HURSAT-B1 IRWIN/rad10,1.0,0,train
2011302N13062,2011-11-01T09:00:00,E:\Cyclone-x-prototype\datas\HURSAT_NI\2011\2011302N13062\2011302N13062.KEILA.2011.11.01.0900.19.MET-7.026.hursat-b1.v06.nc,2011-11-01T06:00:00,3.0,0,Depression / Weak System,HURSAT-B1 IRWIN/rad10,1.0,0,train
2011302N13062,2011-11-01T09:00:00,E:\Cyclone-x-prototype\datas\HURSAT_NI\2011\2011302N13062\2011302N13062.KEILA.2011.11.01.0900.66.MSG-2.026.hursat-b1.v06.nc,2011-11-01T06:00:00,3.0,0,Depression / Weak System,HURSAT-B1 IRWIN/rad10,1.0,0,train
2011302N13062,2011-11-01T12:00:00,E:\Cyclone-x-prototype\datas\HURSAT_NI\2011\2011302N13062\2011302N13062.KEILA.2011.11.01.1200.19.MET-7.028.hursat-b1.v06.nc,2011-11-01T12:00:00,0.0,0,Depression / Weak System,HURSAT-B1 IRWIN/rad10,1.0,0,train
2011302N13062,2011-11-01T12:00:00,E:\Cyclone-x-prototype\datas\HURSAT_NI\2011\2011302N13062\2011302N13062.KEILA.2011.11.01.1200.65.MSG-2.028.hursat-b1.v06.nc,2011-11-01T12:00:00,0.0,0,Depression / Weak System,HURSAT-B1 IRWIN/rad10,1.0,0,train
2011302N13062,2011-11-01T15:00:00,E:\Cyclone-x-prototype\datas\HURSAT_NI\2011\2011302N13062\2011302N13062.KEILA.2011.11.01.1500.19.MET-7.028.hursat-b1.v06.nc,2011-11-01T12:00:00,3.0,0,Depression / Weak System,HURSAT-B1 IRWIN/rad10,1.0,0,train
2011302N13062,2011-11-01T15:00:00,E:\Cyclone-x-prototype\datas\HURSAT_NI\2011\2011302N13062\2011302N13062.KEILA.2011.11.01.1500.65.MSG-2.028.hursat-b1.v06.nc,2011-11-01T12:00:00,3.0,0,Depression / Weak System,HURSAT-B1 IRWIN/rad10,1.0,0,train
2011302N13062,2011-11-01T18:00:00,E:\Cyclone-x-prototype\datas\HURSAT_NI\2011\2011302N13062\2011302N13062.KEILA.2011.11.01.1800.19.MET-7.028.hursat-b1.v06.nc,2011-11-01T18:00:00,0.0,0,Depression / Weak System,HURSAT-B1 IRWIN/rad10,1.0,0,train
2011302N13062,2011-11-01T18:00:00,E:\Cyclone-x-prototype\datas\HURSAT_NI\2011\2011302N13062\2011302N13062.KEILA.2011.11.01.1800.65.MSG-2.028.hursat-b1.v06.nc,2011-11-01T18:00:00,0.0,0,Depression / Weak System,HURSAT-B1 IRWIN/rad10,1.0,0,train
2011302N13062,2011-11-01T21:00:00,E:\Cyclone-x-prototype\datas\HURSAT_NI\2011\2011302N13062\2011302N13062.KEILA.2011.11.01.2100.19.MET-7.029.hursat-b1.v06.nc,2011-11-01T18:00:00,3.0,0,Depression / Weak System,HURSAT-B1 IRWIN/rad10,1.0,0,train
2011302N13062,2011-11-01T21:00:00,E:\Cyclone-x-prototype\datas\HURSAT_NI\2011\2011302N13062\2011302N13062.KEILA.2011.11.01.2100.65.MSG-2.029.hursat-b1.v06.nc,2011-11-01T18:00:00,3.0,0,Depression / Weak System,HURSAT-B1 IRWIN/rad10,1.0,0,train
2011302N13062,2011-11-02T00:00:00,E:\Cyclone-x-prototype\datas\HURSAT_NI\2011\2011302N13062\2011302N13062.KEILA.2011.11.02.0000.19.MET-7.030.hursat-b1.v06.nc,2011-11-02T00:00:00,0.0,0,Depression / Weak System,HURSAT-B1 IRWIN/rad10,1.0,0,train
2011302N13062,2011-11-02T00:00:00,E:\Cyclone-x-prototype\datas\HURSAT_NI\2011\2011302N13062\2011302N13062.KEILA.2011.11.02.0000.65.MSG-2.030.hursat-b1.v06.nc,2011-11-02T00:00:00,0.0,0,Depression / Weak System,HURSAT-B1 IRWIN/rad10,1.0,0,train
2011302N13062,2011-11-02T03:00:00,E:\Cyclone-x-prototype\datas\HURSAT_NI\2011\2011302N13062\2011302N13062.KEILA.2011.11.02.0300.19.MET-7.033.hursat-b1.v06.nc,2011-11-02T03:00:00,0.0,1,Cyclonic Storm,HURSAT-B1 IRWIN/rad10,1.0,0,train
2011302N13062,2011-11-02T03:00:00,E:\Cyclone-x-prototype\datas\HURSAT_NI\2011\2011302N13062\2011302N13062.KEILA.2011.11.02.0300.65.MSG-2.033.hursat-b1.v06.nc,2011-11-02T03:00:00,0.0,1,Cyclonic Storm,HURSAT-B1 IRWIN/rad10,1.0,0,train
2011302N13062,2011-11-02T06:00:00,E:\Cyclone-x-prototype\datas\HURSAT_NI\2011\2011302N13062\2011302N13062.KEILA.2011.11.02.0600.19.MET-7.035.hursat-b1.v06.nc,2011-11-02T06:00:00,0.0,1,Cyclonic Storm,HURSAT-B1 IRWIN/rad10,1.0,0,train
2011302N13062,2011-11-02T06:00:00,E:\Cyclone-x-prototype\datas\HURSAT_NI\2011\2011302N13062\2011302N13062.KEILA.2011.11.02.0600.65.MSG-2.035.hursat-b1.v06.nc,2011-11-02T06:00:00,0.0,1,Cyclonic Storm,HURSAT-B1 IRWIN/rad10,1.0,0,train
2011302N13062,2011-11-02T12:00:00,E:\Cyclone-x-prototype\datas\HURSAT_NI\2011\2011302N13062\2011302N13062.KEILA.2011.11.02.1200.20.MET-7.035.hursat-b1.v06.nc,2011-11-02T12:00:00,0.0,1,Cyclonic Storm,HURSAT-B1 IRWIN/rad10,1.0,0,train
2011302N13062,2011-11-02T12:00:00,E:\Cyclone-x-prototype\datas\HURSAT_NI\2011\2011302N13062\2011302N13062.KEILA.2011.11.02.1200.65.MSG-2.035.hursat-b1.v06.nc,2011-11-02T12:00:00,0.0,1,Cyclonic Storm,HURSAT-B1 IRWIN/rad10,1.0,0,train
2011302N13062,2011-11-02T15:00:00,E:\Cyclone-x-prototype\datas\HURSAT_NI\2011\2011302N13062\2011302N13062.KEILA.2011.11.02.1500.20.MET-7.035.hursat-b1.v06.nc,2011-11-02T15:00:00,0.0,1,Cyclonic Storm,HURSAT-B1 IRWIN/rad10,1.0,0,train
2011302N13062,2011-11-02T15:00:00,E:\Cyclone-x-prototype\datas\HURSAT_NI\2011\2011302N13062\2011302N13062.KEILA.2011.11.02.1500.65.MSG-2.035.hursat-b1.v06.nc,2011-11-02T15:00:00,0.0,1,Cyclonic Storm,HURSAT-B1 IRWIN/rad10,1.0,0,train
2011302N13062,2011-11-02T18:00:00,E:\Cyclone-x-prototype\datas\HURSAT_NI\2011\2011302N13062\2011302N13062.KEILA.2011.11.02.1800.20.MET-7.035.hursat-b1.v06.nc,2011-11-02T18:00:00,0.0,0,Depression / Weak System,HURSAT-B1 IRWIN/rad10,1.0,0,train
2011302N13062,2011-11-02T18:00:00,E:\Cyclone-x-prototype\datas\HURSAT_NI\2011\2011302N13062\2011302N13062.KEILA.2011.11.02.1800.64.MSG-2.035.hursat-b1.v06.nc,2011-11-02T18:00:00,0.0,0,Depression / Weak System,HURSAT-B1 IRWIN/rad10,1.0,0,train
2011302N13062,2011-11-02T21:00:00,E:\Cyclone-x-prototype\datas\HURSAT_NI\2011\2011302N13062\2011302N13062.KEILA.2011.11.02.2100.20.MET-7.036.hursat-b1.v06.nc,2011-11-02T18:00:00,3.0,0,Depression / Weak System,HURSAT-B1 IRWIN/rad10,1.0,0,train
2011302N13062,2011-11-02T21:00:00,E:\Cyclone-x-prototype\datas\HURSAT_NI\2011\2011302N13062\2011302N13062.KEILA.2011.11.02.2100.64.MSG-2.036.hursat-b1.v06.nc,2011-11-02T18:00:00,3.0,0,Depression / Weak System,HURSAT-B1 IRWIN/rad10,1.0,0,train
2011302N13062,2011-11-03T00:00:00,E:\Cyclone-x-prototype\datas\HURSAT_NI\2011\2011302N13062\2011302N13062.KEILA.2011.11.03.0000.20.MET-7.037.hursat-b1.v06.nc,2011-11-03T00:00:00,0.0,0,Depression / Weak System,HURSAT-B1 IRWIN/rad10,1.0,0,train
2011302N13062,2011-11-03T00:00:00,E:\Cyclone-x-prototype\datas\HURSAT_NI\2011\2011302N13062\2011302N13062.KEILA.2011.11.03.0000.65.MSG-2.037.hursat-b1.v06.nc,2011-11-03T00:00:00,0.0,0,Depression / Weak System,HURSAT-B1 IRWIN/rad10,1.0,0,train
2011302N13062,2011-11-03T03:00:00,E:\Cyclone-x-prototype\datas\HURSAT_NI\2011\2011302N13062\2011302N13062.KEILA.2011.11.03.0300.20.MET-7.038.hursat-b1.v06.nc,2011-11-03T03:00:00,0.0,0,Depression / Weak System,HURSAT-B1 IRWIN/rad10,1.0,0,train
2011302N13062,2011-11-03T03:00:00,E:\Cyclone-x-prototype\datas\HURSAT_NI\2011\2011302N13062\2011302N13062.KEILA.2011.11.03.0300.65.MSG-2.038.hursat-b1.v06.nc,2011-11-03T03:00:00,0.0,0,Depression / Weak System,HURSAT-B1 IRWIN/rad10,1.0,0,train
2011302N13062,2011-11-03T06:00:00,E:\Cyclone-x-prototype\datas\HURSAT_NI\2011\2011302N13062\2011302N13062.KEILA.2011.11.03.0600.20.MET-7.039.hursat-b1.v06.nc,2011-11-03T06:00:00,0.0,0,Depression / Weak System,HURSAT-B1 IRWIN/rad10,1.0,0,train
2011302N13062,2011-11-03T06:00:00,E:\Cyclone-x-prototype\datas\HURSAT_NI\2011\2011302N13062\2011302N13062.KEILA.2011.11.03.0600.65.MSG-2.039.hursat-b1.v06.nc,2011-11-03T06:00:00,0.0,0,Depression / Weak System,HURSAT-B1 IRWIN/rad10,1.0,0,train
2011302N13062,2011-11-03T09:00:00,E:\Cyclone-x-prototype\datas\HURSAT_NI\2011\2011302N13062\2011302N13062.KEILA.2011.11.03.0900.65.MSG-2.038.hursat-b1.v06.nc,2011-11-03T06:00:00,3.0,0,Depression / Weak System,HURSAT-B1 IRWIN/rad10,1.0,0,train
2011302N13062,2011-11-03T12:00:00,E:\Cyclone-x-prototype\datas\HURSAT_NI\2011\2011302N13062\2011302N13062.KEILA.2011.11.03.1200.20.MET-7.037.hursat-b1.v06.nc,2011-11-03T12:00:00,0.0,0,Depression / Weak System,HURSAT-B1 IRWIN/rad10,1.0,0,train
2011302N13062,2011-11-03T12:00:00,E:\Cyclone-x-prototype\datas\HURSAT_NI\2011\2011302N13062\2011302N13062.KEILA.2011.11.03.1200.65.MSG-2.037.hursat-b1.v06.nc,2011-11-03T12:00:00,0.0,0,Depression / Weak System,HURSAT-B1 IRWIN/rad10,1.0,0,train
2011302N13062,2011-11-03T15:00:00,E:\Cyclone-x-prototype\datas\HURSAT_NI\2011\2011302N13062\2011302N13062.KEILA.2011.11.03.1500.20.MET-7.036.hursat-b1.v06.nc,2011-11-03T12:00:00,3.0,0,Depression / Weak System,HURSAT-B1 IRWIN/rad10,1.0,0,train
2011302N13062,2011-11-03T15:00:00,E:\Cyclone-x-prototype\datas\HURSAT_NI\2011\2011302N13062\2011302N13062.KEILA.2011.11.03.1500.65.MSG-2.036.hursat-b1.v06.nc,2011-11-03T12:00:00,3.0,0,Depression / Weak System,HURSAT-B1 IRWIN/rad10,1.0,0,train
2011302N13062,2011-11-03T18:00:00,E:\Cyclone-x-prototype\datas\HURSAT_NI\2011\2011302N13062\2011302N13062.KEILA.2011.11.03.1800.20.MET-7.035.hursat-b1.v06.nc,2011-11-03T18:00:00,0.0,0,Depression / Weak System,HURSAT-B1 IRWIN/rad10,1.0,0,train
2011302N13062,2011-11-03T18:00:00,E:\Cyclone-x-prototype\datas\HURSAT_NI\2011\2011302N13062\2011302N13062.KEILA.2011.11.03.1800.65.MSG-2.035.hursat-b1.v06.nc,2011-11-03T18:00:00,0.0,0,Depression / Weak System,HURSAT-B1 IRWIN/rad10,1.0,0,train
2011302N13062,2011-11-03T21:00:00,E:\Cyclone-x-prototype\datas\HURSAT_NI\2011\2011302N13062\2011302N13062.KEILA.2011.11.03.2100.20.MET-7.034.hursat-b1.v06.nc,2011-11-03T18:00:00,3.0,0,Depression / Weak System,HURSAT-B1 IRWIN/rad10,1.0,0,train
2011302N13062,2011-11-03T21:00:00,E:\Cyclone-x-prototype\datas\HURSAT_NI\2011\2011302N13062\2011302N13062.KEILA.2011.11.03.2100.65.MSG-2.034.hursat-b1.v06.nc,2011-11-03T18:00:00,3.0,0,Depression / Weak System,HURSAT-B1 IRWIN/rad10,1.0,0,train
2011302N13062,2011-11-04T00:00:00,E:\Cyclone-x-prototype\datas\HURSAT_NI\2011\2011302N13062\2011302N13062.KEILA.2011.11.04.0000.20.MET-7.033.hursat-b1.v06.nc,2011-11-04T00:00:00,0.0,0,Depression / Weak System,HURSAT-B1 IRWIN/rad10,1.0,0,train
2011302N13062,2011-11-04T00:00:00,E:\Cyclone-x-prototype\datas\HURSAT_NI\2011\2011302N13062\2011302N13062.KEILA.2011.11.04.0000.65.MSG-2.033.hursat-b1.v06.nc,2011-11-04T00:00:00,0.0,0,Depression / Weak System,HURSAT-B1 IRWIN/rad10,1.0,0,train
2011302N13062,2011-11-04T03:00:00,E:\Cyclone-x-prototype\datas\HURSAT_NI\2011\2011302N13062\2011302N13062.KEILA.2011.11.04.0300.20.MET-7.029.hursat-b1.v06.nc,2011-11-04T03:00:00,0.0,0,Depression / Weak System,HURSAT-B1 IRWIN/rad10,1.0,0,train
2011302N13062,2011-11-04T03:00:00,E:\Cyclone-x-prototype\datas\HURSAT_NI\2011\2011302N13062\2011302N13062.KEILA.2011.11.04.0300.65.MSG-2.029.hursat-b1.v06.nc,2011-11-04T03:00:00,0.0,0,Depression / Weak System,HURSAT-B1 IRWIN/rad10,1.0,0,train
2011302N13062,2011-11-04T06:00:00,E:\Cyclone-x-prototype\datas\HURSAT_NI\2011\2011302N13062\2011302N13062.KEILA.2011.11.04.0600.19.MET-7.026.hursat-b1.v06.nc,2011-11-04T03:00:00,3.0,0,Depression / Weak System,HURSAT-B1 IRWIN/rad10,1.0,0,train
2011302N13062,2011-11-04T06:00:00,E:\Cyclone-x-prototype\datas\HURSAT_NI\2011\2011302N13062\2011302N13062.KEILA.2011.11.04.0600.64.MSG-2.026.hursat-b1.v06.nc,2011-11-04T03:00:00,3.0,0,Depression / Weak System,HURSAT-B1 IRWIN/rad10,1.0,0,train
2011310N11066,2011-11-06T06:00:00,E:\Cyclone-x-prototype\datas\HURSAT_NI\2011\2011310N11066\2011310N11066.FOUR.2011.11.06.0600.16.MET-7.025.hursat-b1.v06.nc,2011-11-06T06:00:00,0.0,0,Depression / Weak System,HURSAT-B1 IRWIN/rad10,1.0,0,validation
2011310N11066,2011-11-06T06:00:00,E:\Cyclone-x-prototype\datas\HURSAT_NI\2011\2011310N11066\2011310N11066.FOUR.2011.11.06.0600.75.MSG-2.025.hursat-b1.v06.nc,2011-11-06T06:00:00,0.0,0,Depression / Weak System,HURSAT-B1 IRWIN/rad10,1.0,0,validation
2011310N11066,2011-11-06T09:00:00,E:\Cyclone-x-prototype\datas\HURSAT_NI\2011\2011310N11066\2011310N11066.FOUR.2011.11.06.0900.16.MET-7.025.hursat-b1.v06.nc,2011-11-06T06:00:00,3.0,0,Depression / Weak System,HURSAT-B1 IRWIN/rad10,1.0,0,validation
2011310N11066,2011-11-06T09:00:00,E:\Cyclone-x-prototype\datas\HURSAT_NI\2011\2011310N11066\2011310N11066.FOUR.2011.11.06.0900.75.MSG-2.025.hursat-b1.v06.nc,2011-11-06T06:00:00,3.0,0,Depression / Weak System,HURSAT-B1 IRWIN/rad10,1.0,0,validation
2011310N11066,2011-11-06T12:00:00,E:\Cyclone-x-prototype\datas\HURSAT_NI\2011\2011310N11066\2011310N11066.FOUR.2011.11.06.1200.16.MET-7.025.hursat-b1.v06.nc,2011-11-06T12:00:00,0.0,0,Depression / Weak System,HURSAT-B1 IRWIN/rad10,1.0,0,validation
2011310N11066,2011-11-06T12:00:00,E:\Cyclone-x-prototype\datas\HURSAT_NI\2011\2011310N11066\2011310N11066.FOUR.2011.11.06.1200.75.MSG-2.025.hursat-b1.v06.nc,2011-11-06T12:00:00,0.0,0,Depression / Weak System,HURSAT-B1 IRWIN/rad10,1.0,0,validation
2011310N11066,2011-11-06T15:00:00,E:\Cyclone-x-prototype\datas\HURSAT_NI\2011\2011310N11066\2011310N11066.FOUR.2011.11.06.1500.16.MET-7.025.hursat-b1.v06.nc,2011-11-06T12:00:00,3.0,0,Depression / Weak System,HURSAT-B1 IRWIN/rad10,1.0,0,validation
2011310N11066,2011-11-06T15:00:00,E:\Cyclone-x-prototype\datas\HURSAT_NI\2011\2011310N11066\2011310N11066.FOUR.2011.11.06.1500.74.MSG-2.025.hursat-b1.v06.nc,2011-11-06T12:00:00,3.0,0,Depression / Weak System,HURSAT-B1 IRWIN/rad10,1.0,0,validation
2011310N11066,2011-11-06T18:00:00,E:\Cyclone-x-prototype\datas\HURSAT_NI\2011\2011310N11066\2011310N11066.FOUR.2011.11.06.1800.16.MET-7.025.hursat-b1.v06.nc,2011-11-06T18:00:00,0.0,0,Depression / Weak System,HURSAT-B1 IRWIN/rad10,1.0,0,validation
2011310N11066,2011-11-06T18:00:00,E:\Cyclone-x-prototype\datas\HURSAT_NI\2011\2011310N11066\2011310N11066.FOUR.2011.11.06.1800.74.MSG-2.025.hursat-b1.v06.nc,2011-11-06T18:00:00,0.0,0,Depression / Weak System,HURSAT-B1 IRWIN/rad10,1.0,0,validation
2011310N11066,2011-11-06T21:00:00,E:\Cyclone-x-prototype\datas\HURSAT_NI\2011\2011310N11066\2011310N11066.FOUR.2011.11.06.2100.16.MET-7.025.hursat-b1.v06.nc,2011-11-06T18:00:00,3.0,0,Depression / Weak System,HURSAT-B1 IRWIN/rad10,1.0,0,validation
2011310N11066,2011-11-06T21:00:00,E:\Cyclone-x-prototype\datas\HURSAT_NI\2011\2011310N11066\2011310N11066.FOUR.2011.11.06.2100.74.MSG-2.025.hursat-b1.v06.nc,2011-11-06T18:00:00,3.0,0,Depression / Weak System,HURSAT-B1 IRWIN/rad10,1.0,0,validation
2011310N11066,2011-11-07T00:00:00,E:\Cyclone-x-prototype\datas\HURSAT_NI\2011\2011310N11066\2011310N11066.FOUR.2011.11.07.0000.16.MET-7.025.hursat-b1.v06.nc,2011-11-07T00:00:00,0.0,0,Depression / Weak System,HURSAT-B1 IRWIN/rad10,1.0,0,validation
2011310N11066,2011-11-07T00:00:00,E:\Cyclone-x-prototype\datas\HURSAT_NI\2011\2011310N11066\2011310N11066.FOUR.2011.11.07.0000.73.MSG-2.025.hursat-b1.v06.nc,2011-11-07T00:00:00,0.0,0,Depression / Weak System,HURSAT-B1 IRWIN/rad10,1.0,0,validation
2011310N11066,2011-11-07T03:00:00,E:\Cyclone-x-prototype\datas\HURSAT_NI\2011\2011310N11066\2011310N11066.FOUR.2011.11.07.0300.16.MET-7.025.hursat-b1.v06.nc,2011-11-07T03:00:00,0.0,0,Depression / Weak System,HURSAT-B1 IRWIN/rad10,1.0,0,validation
2011310N11066,2011-11-07T03:00:00,E:\Cyclone-x-prototype\datas\HURSAT_NI\2011\2011310N11066\2011310N11066.FOUR.2011.11.07.0300.73.MSG-2.025.hursat-b1.v06.nc,2011-11-07T03:00:00,0.0,0,Depression / Weak System,HURSAT-B1 IRWIN/rad10,1.0,0,validation
2011310N11066,2011-11-07T06:00:00,E:\Cyclone-x-prototype\datas\HURSAT_NI\2011\2011310N11066\2011310N11066.FOUR.2011.11.07.0600.16.MET-7.025.hursat-b1.v06.nc,2011-11-07T06:00:00,0.0,0,Depression / Weak System,HURSAT-B1 IRWIN/rad10,1.0,0,validation
2011310N11066,2011-11-07T06:00:00,E:\Cyclone-x-prototype\datas\HURSAT_NI\2011\2011310N11066\2011310N11066.FOUR.2011.11.07.0600.71.MSG-2.025.hursat-b1.v06.nc,2011-11-07T06:00:00,0.0,0,Depression / Weak System,HURSAT-B1 IRWIN/rad10,1.0,0,validation
2011310N11066,2011-11-07T09:00:00,E:\Cyclone-x-prototype\datas\HURSAT_NI\2011\2011310N11066\2011310N11066.FOUR.2011.11.07.0900.16.MET-7.023.hursat-b1.v06.nc,2011-11-07T06:00:00,3.0,0,Depression / Weak System,HURSAT-B1 IRWIN/rad10,1.0,0,validation
2011310N11066,2011-11-07T09:00:00,E:\Cyclone-x-prototype\datas\HURSAT_NI\2011\2011310N11066\2011310N11066.FOUR.2011.11.07.0900.71.MSG-2.023.hursat-b1.v06.nc,2011-11-07T06:00:00,3.0,0,Depression / Weak System,HURSAT-B1 IRWIN/rad10,1.0,0,validation
2011310N11066,2011-11-07T12:00:00,E:\Cyclone-x-prototype\datas\HURSAT_NI\2011\2011310N11066\2011310N11066.FOUR.2011.11.07.1200.16.MET-7.021.hursat-b1.v06.nc,2011-11-07T12:00:00,0.0,0,Depression / Weak System,HURSAT-B1 IRWIN/rad10,1.0,0,validation
2011310N11066,2011-11-07T12:00:00,E:\Cyclone-x-prototype\datas\HURSAT_NI\2011\2011310N11066\2011310N11066.FOUR.2011.11.07.1200.70.MSG-2.021.hursat-b1.v06.nc,2011-11-07T12:00:00,0.0,0,Depression / Weak System,HURSAT-B1 IRWIN/rad10,1.0,0,validation
2011310N11066,2011-11-07T15:00:00,E:\Cyclone-x-prototype\datas\HURSAT_NI\2011\2011310N11066\2011310N11066.FOUR.2011.11.07.1500.16.MET-7.022.hursat-b1.v06.nc,2011-11-07T12:00:00,3.0,0,Depression / Weak System,HURSAT-B1 IRWIN/rad10,1.0,0,validation
2011310N11066,2011-11-07T15:00:00,E:\Cyclone-x-prototype\datas\HURSAT_NI\2011\2011310N11066\2011310N11066.FOUR.2011.11.07.1500.70.MSG-2.022.hursat-b1.v06.nc,2011-11-07T12:00:00,3.0,0,Depression / Weak System,HURSAT-B1 IRWIN/rad10,1.0,0,validation
2011310N11066,2011-11-07T18:00:00,E:\Cyclone-x-prototype\datas\HURSAT_NI\2011\2011310N11066\2011310N11066.FOUR.2011.11.07.1800.16.MET-7.024.hursat-b1.v06.nc,2011-11-07T18:00:00,0.0,0,Depression / Weak System,HURSAT-B1 IRWIN/rad10,1.0,0,validation
2011310N11066,2011-11-07T18:00:00,E:\Cyclone-x-prototype\datas\HURSAT_NI\2011\2011310N11066\2011310N11066.FOUR.2011.11.07.1800.70.MSG-2.024.hursat-b1.v06.nc,2011-11-07T18:00:00,0.0,0,Depression / Weak System,HURSAT-B1 IRWIN/rad10,1.0,0,validation
2011310N11066,2011-11-07T21:00:00,E:\Cyclone-x-prototype\datas\HURSAT_NI\2011\2011310N11066\2011310N11066.FOUR.2011.11.07.2100.16.MET-7.025.hursat-b1.v06.nc,2011-11-07T18:00:00,3.0,0,Depression / Weak System,HURSAT-B1 IRWIN/rad10,1.0,0,validation
2011310N11066,2011-11-07T21:00:00,E:\Cyclone-x-prototype\datas\HURSAT_NI\2011\2011310N11066\2011310N11066.FOUR.2011.11.07.2100.70.MSG-2.025.hursat-b1.v06.nc,2011-11-07T18:00:00,3.0,0,Depression / Weak System,HURSAT-B1 IRWIN/rad10,1.0,0,validation
2011310N11066,2011-11-08T00:00:00,E:\Cyclone-x-prototype\datas\HURSAT_NI\2011\2011310N11066\2011310N11066.FOUR.2011.11.08.0000.16.MET-7.026.hursat-b1.v06.nc,2011-11-08T00:00:00,0.0,0,Depression / Weak System,HURSAT-B1 IRWIN/rad10,1.0,0,validation
2011310N11066,2011-11-08T00:00:00,E:\Cyclone-x-prototype\datas\HURSAT_NI\2011\2011310N11066\2011310N11066.FOUR.2011.11.08.0000.69.MSG-2.026.hursat-b1.v06.nc,2011-11-08T00:00:00,0.0,0,Depression / Weak System,HURSAT-B1 IRWIN/rad10,1.0,0,validation
2011310N11066,2011-11-08T03:00:00,E:\Cyclone-x-prototype\datas\HURSAT_NI\2011\2011310N11066\2011310N11066.FOUR.2011.11.08.0300.16.MET-7.027.hursat-b1.v06.nc,2011-11-08T03:00:00,0.0,0,Depression / Weak System,HURSAT-B1 IRWIN/rad10,1.0,0,validation
2011310N11066,2011-11-08T03:00:00,E:\Cyclone-x-prototype\datas\HURSAT_NI\2011\2011310N11066\2011310N11066.FOUR.2011.11.08.0300.69.MSG-2.027.hursat-b1.v06.nc,2011-11-08T03:00:00,0.0,0,Depression / Weak System,HURSAT-B1 IRWIN/rad10,1.0,0,validation
2011310N11066,2011-11-08T06:00:00,E:\Cyclone-x-prototype\datas\HURSAT_NI\2011\2011310N11066\2011310N11066.FOUR.2011.11.08.0600.16.MET-7.028.hursat-b1.v06.nc,2011-11-08T06:00:00,0.0,0,Depression / Weak System,HURSAT-B1 IRWIN/rad10,1.0,0,validation
2011310N11066,2011-11-08T06:00:00,E:\Cyclone-x-prototype\datas\HURSAT_NI\2011\2011310N11066\2011310N11066.FOUR.2011.11.08.0600.69.MSG-2.028.hursat-b1.v06.nc,2011-11-08T06:00:00,0.0,0,Depression / Weak System,HURSAT-B1 IRWIN/rad10,1.0,0,validation
2011310N11066,2011-11-08T09:00:00,E:\Cyclone-x-prototype\datas\HURSAT_NI\2011\2011310N11066\2011310N11066.FOUR.2011.11.08.0900.17.MET-7.029.hursat-b1.v06.nc,2011-11-08T06:00:00,3.0,0,Depression / Weak System,HURSAT-B1 IRWIN/rad10,1.0,0,validation
2011310N11066,2011-11-08T09:00:00,E:\Cyclone-x-prototype\datas\HURSAT_NI\2011\2011310N11066\2011310N11066.FOUR.2011.11.08.0900.69.MSG-2.029.hursat-b1.v06.nc,2011-11-08T06:00:00,3.0,0,Depression / Weak System,HURSAT-B1 IRWIN/rad10,1.0,0,validation
2011310N11066,2011-11-08T12:00:00,E:\Cyclone-x-prototype\datas\HURSAT_NI\2011\2011310N11066\2011310N11066.FOUR.2011.11.08.1200.17.MET-7.030.hursat-b1.v06.nc,2011-11-08T12:00:00,0.0,0,Depression / Weak System,HURSAT-B1 IRWIN/rad10,1.0,0,validation
2011310N11066,2011-11-08T12:00:00,E:\Cyclone-x-prototype\datas\HURSAT_NI\2011\2011310N11066\2011310N11066.FOUR.2011.11.08.1200.69.MSG-2.030.hursat-b1.v06.nc,2011-11-08T12:00:00,0.0,0,Depression / Weak System,HURSAT-B1 IRWIN/rad10,1.0,0,validation
2011310N11066,2011-11-08T15:00:00,E:\Cyclone-x-prototype\datas\HURSAT_NI\2011\2011310N11066\2011310N11066.FOUR.2011.11.08.1500.17.MET-7.030.hursat-b1.v06.nc,2011-11-08T12:00:00,3.0,0,Depression / Weak System,HURSAT-B1 IRWIN/rad10,1.0,0,validation
2011310N11066,2011-11-08T15:00:00,E:\Cyclone-x-prototype\datas\HURSAT_NI\2011\2011310N11066\2011310N11066.FOUR.2011.11.08.1500.68.MSG-2.030.hursat-b1.v06.nc,2011-11-08T12:00:00,3.0,0,Depression / Weak System,HURSAT-B1 IRWIN/rad10,1.0,0,validation
2011310N11066,2011-11-08T18:00:00,E:\Cyclone-x-prototype\datas\HURSAT_NI\2011\2011310N11066\2011310N11066.FOUR.2011.11.08.1800.17.MET-7.030.hursat-b1.v06.nc,2011-11-08T18:00:00,0.0,0,Depression / Weak System,HURSAT-B1 IRWIN/rad10,1.0,0,validation
2011310N11066,2011-11-08T18:00:00,E:\Cyclone-x-prototype\datas\HURSAT_NI\2011\2011310N11066\2011310N11066.FOUR.2011.11.08.1800.68.MSG-2.030.hursat-b1.v06.nc,2011-11-08T18:00:00,0.0,0,Depression / Weak System,HURSAT-B1 IRWIN/rad10,1.0,0,validation
2011310N11066,2011-11-08T21:00:00,E:\Cyclone-x-prototype\datas\HURSAT_NI\2011\2011310N11066\2011310N11066.FOUR.2011.11.08.2100.18.MET-7.030.hursat-b1.v06.nc,2011-11-08T18:00:00,3.0,0,Depression / Weak System,HURSAT-B1 IRWIN/rad10,1.0,0,validation
2011310N11066,2011-11-08T21:00:00,E:\Cyclone-x-prototype\datas\HURSAT_NI\2011\2011310N11066\2011310N11066.FOUR.2011.11.08.2100.68.MSG-2.030.hursat-b1.v06.nc,2011-11-08T18:00:00,3.0,0,Depression / Weak System,HURSAT-B1 IRWIN/rad10,1.0,0,validation
2011310N11066,2011-11-09T00:00:00,E:\Cyclone-x-prototype\datas\HURSAT_NI\2011\2011310N11066\2011310N11066.FOUR.2011.11.09.0000.18.MET-7.030.hursat-b1.v06.nc,2011-11-09T00:00:00,0.0,0,Depression / Weak System,HURSAT-B1 IRWIN/rad10,1.0,0,validation
2011310N11066,2011-11-09T00:00:00,E:\Cyclone-x-prototype\datas\HURSAT_NI\2011\2011310N11066\2011310N11066.FOUR.2011.11.09.0000.68.MSG-2.030.hursat-b1.v06.nc,2011-11-09T00:00:00,0.0,0,Depression / Weak System,HURSAT-B1 IRWIN/rad10,1.0,0,validation
2011310N11066,2011-11-09T03:00:00,E:\Cyclone-x-prototype\datas\HURSAT_NI\2011\2011310N11066\2011310N11066.FOUR.2011.11.09.0300.18.MET-7.029.hursat-b1.v06.nc,2011-11-09T03:00:00,0.0,0,Depression / Weak System,HURSAT-B1 IRWIN/rad10,1.0,0,validation
2011310N11066,2011-11-09T03:00:00,E:\Cyclone-x-prototype\datas\HURSAT_NI\2011\2011310N11066\2011310N11066.FOUR.2011.11.09.0300.68.MSG-2.029.hursat-b1.v06.nc,2011-11-09T03:00:00,0.0,0,Depression / Weak System,HURSAT-B1 IRWIN/rad10,1.0,0,validation
2011310N11066,2011-11-09T06:00:00,E:\Cyclone-x-prototype\datas\HURSAT_NI\2011\2011310N11066\2011310N11066.FOUR.2011.11.09.0600.18.MET-7.028.hursat-b1.v06.nc,2011-11-09T06:00:00,0.0,0,Depression / Weak System,HURSAT-B1 IRWIN/rad10,1.0,0,validation
2011310N11066,2011-11-09T06:00:00,E:\Cyclone-x-prototype\datas\HURSAT_NI\2011\2011310N11066\2011310N11066.FOUR.2011.11.09.0600.68.MSG-2.028.hursat-b1.v06.nc,2011-11-09T06:00:00,0.0,0,Depression / Weak System,HURSAT-B1 IRWIN/rad10,1.0,0,validation
2011310N11066,2011-11-09T09:00:00,E:\Cyclone-x-prototype\datas\HURSAT_NI\2011\2011310N11066\2011310N11066.FOUR.2011.11.09.0900.18.MET-7.027.hursat-b1.v06.nc,2011-11-09T06:00:00,3.0,0,Depression / Weak System,HURSAT-B1 IRWIN/rad10,1.0,0,validation
2011310N11066,2011-11-09T09:00:00,E:\Cyclone-x-prototype\datas\HURSAT_NI\2011\2011310N11066\2011310N11066.FOUR.2011.11.09.0900.68.MSG-2.027.hursat-b1.v06.nc,2011-11-09T06:00:00,3.0,0,Depression / Weak System,HURSAT-B1 IRWIN/rad10,1.0,0,validation
2011310N11066,2011-11-09T12:00:00,E:\Cyclone-x-prototype\datas\HURSAT_NI\2011\2011310N11066\2011310N11066.FOUR.2011.11.09.1200.19.MET-7.026.hursat-b1.v06.nc,2011-11-09T12:00:00,0.0,0,Depression / Weak System,HURSAT-B1 IRWIN/rad10,1.0,0,validation
2011310N11066,2011-11-09T12:00:00,E:\Cyclone-x-prototype\datas\HURSAT_NI\2011\2011310N11066\2011310N11066.FOUR.2011.11.09.1200.68.MSG-2.026.hursat-b1.v06.nc,2011-11-09T12:00:00,0.0,0,Depression / Weak System,HURSAT-B1 IRWIN/rad10,1.0,0,validation
2011310N11066,2011-11-09T15:00:00,E:\Cyclone-x-prototype\datas\HURSAT_NI\2011\2011310N11066\2011310N11066.FOUR.2011.11.09.1500.19.MET-7.025.hursat-b1.v06.nc,2011-11-09T12:00:00,3.0,0,Depression / Weak System,HURSAT-B1 IRWIN/rad10,1.0,0,validation
2011310N11066,2011-11-09T15:00:00,E:\Cyclone-x-prototype\datas\HURSAT_NI\2011\2011310N11066\2011310N11066.FOUR.2011.11.09.1500.68.MSG-2.025.hursat-b1.v06.nc,2011-11-09T12:00:00,3.0,0,Depression / Weak System,HURSAT-B1 IRWIN/rad10,1.0,0,validation
2011310N11066,2011-11-09T18:00:00,E:\Cyclone-x-prototype\datas\HURSAT_NI\2011\2011310N11066\2011310N11066.FOUR.2011.11.09.1800.19.MET-7.024.hursat-b1.v06.nc,2011-11-09T18:00:00,0.0,0,Depression / Weak System,HURSAT-B1 IRWIN/rad10,1.0,0,validation
2011310N11066,2011-11-09T18:00:00,E:\Cyclone-x-prototype\datas\HURSAT_NI\2011\2011310N11066\2011310N11066.FOUR.2011.11.09.1800.68.MSG-2.024.hursat-b1.v06.nc,2011-11-09T18:00:00,0.0,0,Depression / Weak System,HURSAT-B1 IRWIN/rad10,1.0,0,validation
2011310N11066,2011-11-09T21:00:00,E:\Cyclone-x-prototype\datas\HURSAT_NI\2011\2011310N11066\2011310N11066.FOUR.2011.11.09.2100.19.MET-7.024.hursat-b1.v06.nc,2011-11-09T18:00:00,3.0,0,Depression / Weak System,HURSAT-B1 IRWIN/rad10,1.0,0,validation
2011310N11066,2011-11-09T21:00:00,E:\Cyclone-x-prototype\datas\HURSAT_NI\2011\2011310N11066\2011310N11066.FOUR.2011.11.09.2100.68.MSG-2.024.hursat-b1.v06.nc,2011-11-09T18:00:00,3.0,0,Depression / Weak System,HURSAT-B1 IRWIN/rad10,1.0,0,validation
2011310N11066,2011-11-10T00:00:00,E:\Cyclone-x-prototype\datas\HURSAT_NI\2011\2011310N11066\2011310N11066.FOUR.2011.11.10.0000.19.MET-7.024.hursat-b1.v06.nc,2011-11-10T00:00:00,0.0,0,Depression / Weak System,HURSAT-B1 IRWIN/rad10,1.0,0,validation
2011310N11066,2011-11-10T00:00:00,E:\Cyclone-x-prototype\datas\HURSAT_NI\2011\2011310N11066\2011310N11066.FOUR.2011.11.10.0000.68.MSG-2.024.hursat-b1.v06.nc,2011-11-10T00:00:00,0.0,0,Depression / Weak System,HURSAT-B1 IRWIN/rad10,1.0,0,validation
2011310N11066,2011-11-10T03:00:00,E:\Cyclone-x-prototype\datas\HURSAT_NI\2011\2011310N11066\2011310N11066.FOUR.2011.11.10.0300.19.MET-7.024.hursat-b1.v06.nc,2011-11-10T03:00:00,0.0,0,Depression / Weak System,HURSAT-B1 IRWIN/rad10,1.0,0,validation
2011310N11066,2011-11-10T03:00:00,E:\Cyclone-x-prototype\datas\HURSAT_NI\2011\2011310N11066\2011310N11066.FOUR.2011.11.10.0300.68.MSG-2.024.hursat-b1.v06.nc,2011-11-10T03:00:00,0.0,0,Depression / Weak System,HURSAT-B1 IRWIN/rad10,1.0,0,validation
2011310N11066,2011-11-10T06:00:00,E:\Cyclone-x-prototype\datas\HURSAT_NI\2011\2011310N11066\2011310N11066.FOUR.2011.11.10.0600.19.MET-7.024.hursat-b1.v06.nc,2011-11-10T03:00:00,3.0,0,Depression / Weak System,HURSAT-B1 IRWIN/rad10,1.0,0,validation
2011310N11066,2011-11-10T06:00:00,E:\Cyclone-x-prototype\datas\HURSAT_NI\2011\2011310N11066\2011310N11066.FOUR.2011.11.10.0600.68.MSG-2.024.hursat-b1.v06.nc,2011-11-10T03:00:00,3.0,0,Depression / Weak System,HURSAT-B1 IRWIN/rad10,1.0,0,validation
2011330N06078,2011-11-26T00:00:00,E:\Cyclone-x-prototype\datas\HURSAT_NI\2011\2011330N06078\2011330N06078.FIVE.2011.11.26.0000.24.MET-7.026.hursat-b1.v06.nc,2011-11-26T03:00:00,3.0,0,Depression / Weak System,HURSAT-B1 IRWIN/rad10,1.0,0,train
2011330N06078,2011-11-26T00:00:00,E:\Cyclone-x-prototype\datas\HURSAT_NI\2011\2011330N06078\2011330N06078.FIVE.2011.11.26.0000.73.MTS-1.026.hursat-b1.v06.nc,2011-11-26T03:00:00,3.0,0,Depression / Weak System,HURSAT-B1 IRWIN/rad10,1.0,0,train
2011330N06078,2011-11-26T03:00:00,E:\Cyclone-x-prototype\datas\HURSAT_NI\2011\2011330N06078\2011330N06078.FIVE.2011.11.26.0300.24.MET-7.026.hursat-b1.v06.nc,2011-11-26T03:00:00,0.0,0,Depression / Weak System,HURSAT-B1 IRWIN/rad10,1.0,0,train
2011330N06078,2011-11-26T03:00:00,E:\Cyclone-x-prototype\datas\HURSAT_NI\2011\2011330N06078\2011330N06078.FIVE.2011.11.26.0300.73.MTS-1.026.hursat-b1.v06.nc,2011-11-26T03:00:00,0.0,0,Depression / Weak System,HURSAT-B1 IRWIN/rad10,1.0,0,train
2011330N06078,2011-11-26T06:00:00,E:\Cyclone-x-prototype\datas\HURSAT_NI\2011\2011330N06078\2011330N06078.FIVE.2011.11.26.0600.24.MET-7.026.hursat-b1.v06.nc,2011-11-26T06:00:00,0.0,0,Depression / Weak System,HURSAT-B1 IRWIN/rad10,1.0,0,train
2011330N06078,2011-11-26T06:00:00,E:\Cyclone-x-prototype\datas\HURSAT_NI\2011\2011330N06078\2011330N06078.FIVE.2011.11.26.0600.74.MTS-1.026.hursat-b1.v06.nc,2011-11-26T06:00:00,0.0,0,Depression / Weak System,HURSAT-B1 IRWIN/rad10,1.0,0,train
2011330N06078,2011-11-26T09:00:00,E:\Cyclone-x-prototype\datas\HURSAT_NI\2011\2011330N06078\2011330N06078.FIVE.2011.11.26.0900.24.MET-7.026.hursat-b1.v06.nc,2011-11-26T06:00:00,3.0,0,Depression / Weak System,HURSAT-B1 IRWIN/rad10,1.0,0,train
2011330N06078,2011-11-26T09:00:00,E:\Cyclone-x-prototype\datas\HURSAT_NI\2011\2011330N06078\2011330N06078.FIVE.2011.11.26.0900.74.MTS-1.026.hursat-b1.v06.nc,2011-11-26T06:00:00,3.0,0,Depression / Weak System,HURSAT-B1 IRWIN/rad10,1.0,0,train
2011330N06078,2011-11-26T12:00:00,E:\Cyclone-x-prototype\datas\HURSAT_NI\2011\2011330N06078\2011330N06078.FIVE.2011.11.26.1200.23.MET-7.026.hursat-b1.v06.nc,2011-11-26T12:00:00,0.0,0,Depression / Weak System,HURSAT-B1 IRWIN/rad10,1.0,0,train
2011330N06078,2011-11-26T12:00:00,E:\Cyclone-x-prototype\datas\HURSAT_NI\2011\2011330N06078\2011330N06078.FIVE.2011.11.26.1200.74.MTS-1.026.hursat-b1.v06.nc,2011-11-26T12:00:00,0.0,0,Depression / Weak System,HURSAT-B1 IRWIN/rad10,1.0,0,train
2011330N06078,2011-11-26T15:00:00,E:\Cyclone-x-prototype\datas\HURSAT_NI\2011\2011330N06078\2011330N06078.FIVE.2011.11.26.1500.23.MET-7.026.hursat-b1.v06.nc,2011-11-26T12:00:00,3.0,0,Depression / Weak System,HURSAT-B1 IRWIN/rad10,1.0,0,train
2011330N06078,2011-11-26T15:00:00,E:\Cyclone-x-prototype\datas\HURSAT_NI\2011\2011330N06078\2011330N06078.FIVE.2011.11.26.1500.75.MTS-1.026.hursat-b1.v06.nc,2011-11-26T12:00:00,3.0,0,Depression / Weak System,HURSAT-B1 IRWIN/rad10,1.0,0,train
2011330N06078,2011-11-26T18:00:00,E:\Cyclone-x-prototype\datas\HURSAT_NI\2011\2011330N06078\2011330N06078.FIVE.2011.11.26.1800.23.MET-7.026.hursat-b1.v06.nc,2011-11-26T18:00:00,0.0,0,Depression / Weak System,HURSAT-B1 IRWIN/rad10,1.0,0,train
2011330N06078,2011-11-26T18:00:00,E:\Cyclone-x-prototype\datas\HURSAT_NI\2011\2011330N06078\2011330N06078.FIVE.2011.11.26.1800.75.MTS-1.026.hursat-b1.v06.nc,2011-11-26T18:00:00,0.0,0,Depression / Weak System,HURSAT-B1 IRWIN/rad10,1.0,0,train
2011330N06078,2011-11-26T21:00:00,E:\Cyclone-x-prototype\datas\HURSAT_NI\2011\2011330N06078\2011330N06078.FIVE.2011.11.26.2100.23.MET-7.026.hursat-b1.v06.nc,2011-11-26T18:00:00,3.0,0,Depression / Weak System,HURSAT-B1 IRWIN/rad10,1.0,0,train
2011330N06078,2011-11-26T21:00:00,E:\Cyclone-x-prototype\datas\HURSAT_NI\2011\2011330N06078\2011330N06078.FIVE.2011.11.26.2100.75.MTS-1.026.hursat-b1.v06.nc,2011-11-26T18:00:00,3.0,0,Depression / Weak System,HURSAT-B1 IRWIN/rad10,1.0,0,train
2011330N06078,2011-11-27T00:00:00,E:\Cyclone-x-prototype\datas\HURSAT_NI\2011\2011330N06078\2011330N06078.FIVE.2011.11.27.0000.23.MET-7.026.hursat-b1.v06.nc,2011-11-27T00:00:00,0.0,0,Depression / Weak System,HURSAT-B1 IRWIN/rad10,1.0,0,train
2011330N06078,2011-11-27T00:00:00,E:\Cyclone-x-prototype\datas\HURSAT_NI\2011\2011330N06078\2011330N06078.FIVE.2011.11.27.0000.76.MTS-1.026.hursat-b1.v06.nc,2011-11-27T00:00:00,0.0,0,Depression / Weak System,HURSAT-B1 IRWIN/rad10,1.0,0,train
2011330N06078,2011-11-27T03:00:00,E:\Cyclone-x-prototype\datas\HURSAT_NI\2011\2011330N06078\2011330N06078.FIVE.2011.11.27.0300.22.MET-7.026.hursat-b1.v06.nc,2011-11-27T03:00:00,0.0,0,Depression / Weak System,HURSAT-B1 IRWIN/rad10,1.0,0,train
2011330N06078,2011-11-27T03:00:00,E:\Cyclone-x-prototype\datas\HURSAT_NI\2011\2011330N06078\2011330N06078.FIVE.2011.11.27.0300.77.MTS-1.026.hursat-b1.v06.nc,2011-11-27T03:00:00,0.0,0,Depression / Weak System,HURSAT-B1 IRWIN/rad10,1.0,0,train
2011330N06078,2011-11-27T06:00:00,E:\Cyclone-x-prototype\datas\HURSAT_NI\2011\2011330N06078\2011330N06078.FIVE.2011.11.27.0600.22.MET-7.026.hursat-b1.v06.nc,2011-11-27T06:00:00,0.0,0,Depression / Weak System,HURSAT-B1 IRWIN/rad10,1.0,0,train
2011330N06078,2011-11-27T06:00:00,E:\Cyclone-x-prototype\datas\HURSAT_NI\2011\2011330N06078\2011330N06078.FIVE.2011.11.27.0600.77.MTS-1.026.hursat-b1.v06.nc,2011-11-27T06:00:00,0.0,0,Depression / Weak System,HURSAT-B1 IRWIN/rad10,1.0,0,train
2011330N06078,2011-11-27T09:00:00,E:\Cyclone-x-prototype\datas\HURSAT_NI\2011\2011330N06078\2011330N06078.FIVE.2011.11.27.0900.22.MET-7.026.hursat-b1.v06.nc,2011-11-27T06:00:00,3.0,0,Depression / Weak System,HURSAT-B1 IRWIN/rad10,1.0,0,train
2011330N06078,2011-11-27T09:00:00,E:\Cyclone-x-prototype\datas\HURSAT_NI\2011\2011330N06078\2011330N06078.FIVE.2011.11.27.0900.78.MTS-1.026.hursat-b1.v06.nc,2011-11-27T06:00:00,3.0,0,Depression / Weak System,HURSAT-B1 IRWIN/rad10,1.0,0,train
2011330N06078,2011-11-27T12:00:00,E:\Cyclone-x-prototype\datas\HURSAT_NI\2011\2011330N06078\2011330N06078.FIVE.2011.11.27.1200.22.MET-7.026.hursat-b1.v06.nc,2011-11-27T12:00:00,0.0,0,Depression / Weak System,HURSAT-B1 IRWIN/rad10,1.0,0,train
2011330N06078,2011-11-27T12:00:00,E:\Cyclone-x-prototype\datas\HURSAT_NI\2011\2011330N06078\2011330N06078.FIVE.2011.11.27.1200.78.MTS-1.026.hursat-b1.v06.nc,2011-11-27T12:00:00,0.0,0,Depression / Weak System,HURSAT-B1 IRWIN/rad10,1.0,0,train
2011330N06078,2011-11-27T15:00:00,E:\Cyclone-x-prototype\datas\HURSAT_NI\2011\2011330N06078\2011330N06078.FIVE.2011.11.27.1500.22.MET-7.026.hursat-b1.v06.nc,2011-11-27T12:00:00,3.0,0,Depression / Weak System,HURSAT-B1 IRWIN/rad10,1.0,0,train
2011330N06078,2011-11-27T15:00:00,E:\Cyclone-x-prototype\datas\HURSAT_NI\2011\2011330N06078\2011330N06078.FIVE.2011.11.27.1500.79.MTS-1.026.hursat-b1.v06.nc,2011-11-27T12:00:00,3.0,0,Depression / Weak System,HURSAT-B1 IRWIN/rad10,1.0,0,train
2011330N06078,2011-11-27T18:00:00,E:\Cyclone-x-prototype\datas\HURSAT_NI\2011\2011330N06078\2011330N06078.FIVE.2011.11.27.1800.22.MET-7.026.hursat-b1.v06.nc,2011-11-27T18:00:00,0.0,0,Depression / Weak System,HURSAT-B1 IRWIN/rad10,1.0,0,train
2011330N06078,2011-11-27T18:00:00,E:\Cyclone-x-prototype\datas\HURSAT_NI\2011\2011330N06078\2011330N06078.FIVE.2011.11.27.1800.79.MTS-1.026.hursat-b1.v06.nc,2011-11-27T18:00:00,0.0,0,Depression / Weak System,HURSAT-B1 IRWIN/rad10,1.0,0,train
2011330N06078,2011-11-27T21:00:00,E:\Cyclone-x-prototype\datas\HURSAT_NI\2011\2011330N06078\2011330N06078.FIVE.2011.11.27.2100.22.MET-7.027.hursat-b1.v06.nc,2011-11-27T18:00:00,3.0,0,Depression / Weak System,HURSAT-B1 IRWIN/rad10,1.0,0,train
2011330N06078,2011-11-27T21:00:00,E:\Cyclone-x-prototype\datas\HURSAT_NI\2011\2011330N06078\2011330N06078.FIVE.2011.11.27.2100.80.MTS-1.027.hursat-b1.v06.nc,2011-11-27T18:00:00,3.0,0,Depression / Weak System,HURSAT-B1 IRWIN/rad10,1.0,0,train
2011330N06078,2011-11-28T00:00:00,E:\Cyclone-x-prototype\datas\HURSAT_NI\2011\2011330N06078\2011330N06078.FIVE.2011.11.28.0000.22.MET-7.028.hursat-b1.v06.nc,2011-11-28T00:00:00,0.0,0,Depression / Weak System,HURSAT-B1 IRWIN/rad10,1.0,0,train
2011330N06078,2011-11-28T00:00:00,E:\Cyclone-x-prototype\datas\HURSAT_NI\2011\2011330N06078\2011330N06078.FIVE.2011.11.28.0000.80.MSG-2.028.hursat-b1.v06.nc,2011-11-28T00:00:00,0.0,0,Depression / Weak System,HURSAT-B1 IRWIN/rad10,1.0,0,train
2011330N06078,2011-11-28T03:00:00,E:\Cyclone-x-prototype\datas\HURSAT_NI\2011\2011330N06078\2011330N06078.FIVE.2011.11.28.0300.22.MET-7.029.hursat-b1.v06.nc,2011-11-28T03:00:00,0.0,0,Depression / Weak System,HURSAT-B1 IRWIN/rad10,1.0,0,train
2011330N06078,2011-11-28T03:00:00,E:\Cyclone-x-prototype\datas\HURSAT_NI\2011\2011330N06078\2011330N06078.FIVE.2011.11.28.0300.79.MSG-2.029.hursat-b1.v06.nc,2011-11-28T03:00:00,0.0,0,Depression / Weak System,HURSAT-B1 IRWIN/rad10,1.0,0,train
2011330N06078,2011-11-28T06:00:00,E:\Cyclone-x-prototype\datas\HURSAT_NI\2011\2011330N06078\2011330N06078.FIVE.2011.11.28.0600.22.MET-7.030.hursat-b1.v06.nc,2011-11-28T06:00:00,0.0,0,Depression / Weak System,HURSAT-B1 IRWIN/rad10,1.0,0,train
2011330N06078,2011-11-28T06:00:00,E:\Cyclone-x-prototype\datas\HURSAT_NI\2011\2011330N06078\2011330N06078.FIVE.2011.11.28.0600.79.MSG-2.030.hursat-b1.v06.nc,2011-11-28T06:00:00,0.0,0,Depression / Weak System,HURSAT-B1 IRWIN/rad10,1.0,0,train
2011330N06078,2011-11-28T09:00:00,E:\Cyclone-x-prototype\datas\HURSAT_NI\2011\2011330N06078\2011330N06078.FIVE.2011.11.28.0900.22.MET-7.030.hursat-b1.v06.nc,2011-11-28T06:00:00,3.0,0,Depression / Weak System,HURSAT-B1 IRWIN/rad10,1.0,0,train
2011330N06078,2011-11-28T09:00:00,E:\Cyclone-x-prototype\datas\HURSAT_NI\2011\2011330N06078\2011330N06078.FIVE.2011.11.28.0900.78.MSG-2.030.hursat-b1.v06.nc,2011-11-28T06:00:00,3.0,0,Depression / Weak System,HURSAT-B1 IRWIN/rad10,1.0,0,train
2011330N06078,2011-11-28T12:00:00,E:\Cyclone-x-prototype\datas\HURSAT_NI\2011\2011330N06078\2011330N06078.FIVE.2011.11.28.1200.22.MET-7.030.hursat-b1.v06.nc,2011-11-28T12:00:00,0.0,0,Depression / Weak System,HURSAT-B1 IRWIN/rad10,1.0,0,train
2011330N06078,2011-11-28T12:00:00,E:\Cyclone-x-prototype\datas\HURSAT_NI\2011\2011330N06078\2011330N06078.FIVE.2011.11.28.1200.78.MSG-2.030.hursat-b1.v06.nc,2011-11-28T12:00:00,0.0,0,Depression / Weak System,HURSAT-B1 IRWIN/rad10,1.0,0,train
2011330N06078,2011-11-28T15:00:00,E:\Cyclone-x-prototype\datas\HURSAT_NI\2011\2011330N06078\2011330N06078.FIVE.2011.11.28.1500.22.MET-7.030.hursat-b1.v06.nc,2011-11-28T12:00:00,3.0,0,Depression / Weak System,HURSAT-B1 IRWIN/rad10,1.0,0,train
2011330N06078,2011-11-28T15:00:00,E:\Cyclone-x-prototype\datas\HURSAT_NI\2011\2011330N06078\2011330N06078.FIVE.2011.11.28.1500.78.MSG-2.030.hursat-b1.v06.nc,2011-11-28T12:00:00,3.0,0,Depression / Weak System,HURSAT-B1 IRWIN/rad10,1.0,0,train
2011330N06078,2011-11-28T18:00:00,E:\Cyclone-x-prototype\datas\HURSAT_NI\2011\2011330N06078\2011330N06078.FIVE.2011.11.28.1800.22.MET-7.030.hursat-b1.v06.nc,2011-11-28T18:00:00,0.0,0,Depression / Weak System,HURSAT-B1 IRWIN/rad10,1.0,0,train
2011330N06078,2011-11-28T18:00:00,E:\Cyclone-x-prototype\datas\HURSAT_NI\2011\2011330N06078\2011330N06078.FIVE.2011.11.28.1800.78.MSG-2.030.hursat-b1.v06.nc,2011-11-28T18:00:00,0.0,0,Depression / Weak System,HURSAT-B1 IRWIN/rad10,1.0,0,train
2011330N06078,2011-11-28T21:00:00,E:\Cyclone-x-prototype\datas\HURSAT_NI\2011\2011330N06078\2011330N06078.FIVE.2011.11.28.2100.22.MET-7.029.hursat-b1.v06.nc,2011-11-28T18:00:00,3.0,0,Depression / Weak System,HURSAT-B1 IRWIN/rad10,1.0,0,train
2011330N06078,2011-11-28T21:00:00,E:\Cyclone-x-prototype\datas\HURSAT_NI\2011\2011330N06078\2011330N06078.FIVE.2011.11.28.2100.77.MSG-2.029.hursat-b1.v06.nc,2011-11-28T18:00:00,3.0,0,Depression / Weak System,HURSAT-B1 IRWIN/rad10,1.0,0,train
2011330N06078,2011-11-29T00:00:00,E:\Cyclone-x-prototype\datas\HURSAT_NI\2011\2011330N06078\2011330N06078.FIVE.2011.11.29.0000.22.MET-7.028.hursat-b1.v06.nc,2011-11-29T00:00:00,0.0,0,Depression / Weak System,HURSAT-B1 IRWIN/rad10,1.0,0,train
2011330N06078,2011-11-29T00:00:00,E:\Cyclone-x-prototype\datas\HURSAT_NI\2011\2011330N06078\2011330N06078.FIVE.2011.11.29.0000.77.MSG-2.028.hursat-b1.v06.nc,2011-11-29T00:00:00,0.0,0,Depression / Weak System,HURSAT-B1 IRWIN/rad10,1.0,0,train
2011330N06078,2011-11-29T03:00:00,E:\Cyclone-x-prototype\datas\HURSAT_NI\2011\2011330N06078\2011330N06078.FIVE.2011.11.29.0300.22.MET-7.028.hursat-b1.v06.nc,2011-11-29T03:00:00,0.0,0,Depression / Weak System,HURSAT-B1 IRWIN/rad10,1.0,0,train
2011330N06078,2011-11-29T03:00:00,E:\Cyclone-x-prototype\datas\HURSAT_NI\2011\2011330N06078\2011330N06078.FIVE.2011.11.29.0300.77.MSG-2.028.hursat-b1.v06.nc,2011-11-29T03:00:00,0.0,0,Depression / Weak System,HURSAT-B1 IRWIN/rad10,1.0,0,train
2011330N06078,2011-11-29T06:00:00,E:\Cyclone-x-prototype\datas\HURSAT_NI\2011\2011330N06078\2011330N06078.FIVE.2011.11.29.0600.22.MET-7.028.hursat-b1.v06.nc,2011-11-29T06:00:00,0.0,0,Depression / Weak System,HURSAT-B1 IRWIN/rad10,1.0,0,train
2011330N06078,2011-11-29T06:00:00,E:\Cyclone-x-prototype\datas\HURSAT_NI\2011\2011330N06078\2011330N06078.FIVE.2011.11.29.0600.77.MSG-2.028.hursat-b1.v06.nc,2011-11-29T06:00:00,0.0,0,Depression / Weak System,HURSAT-B1 IRWIN/rad10,1.0,0,train
2011330N06078,2011-11-29T09:00:00,E:\Cyclone-x-prototype\datas\HURSAT_NI\2011\2011330N06078\2011330N06078.FIVE.2011.11.29.0900.22.MET-7.027.hursat-b1.v06.nc,2011-11-29T06:00:00,3.0,0,Depression / Weak System,HURSAT-B1 IRWIN/rad10,1.0,0,train
2011330N06078,2011-11-29T09:00:00,E:\Cyclone-x-prototype\datas\HURSAT_NI\2011\2011330N06078\2011330N06078.FIVE.2011.11.29.0900.77.MSG-2.027.hursat-b1.v06.nc,2011-11-29T06:00:00,3.0,0,Depression / Weak System,HURSAT-B1 IRWIN/rad10,1.0,0,train
2011330N06078,2011-11-29T12:00:00,E:\Cyclone-x-prototype\datas\HURSAT_NI\2011\2011330N06078\2011330N06078.FIVE.2011.11.29.1200.22.MET-7.026.hursat-b1.v06.nc,2011-11-29T12:00:00,0.0,0,Depression / Weak System,HURSAT-B1 IRWIN/rad10,1.0,0,train
2011330N06078,2011-11-29T12:00:00,E:\Cyclone-x-prototype\datas\HURSAT_NI\2011\2011330N06078\2011330N06078.FIVE.2011.11.29.1200.76.MSG-2.026.hursat-b1.v06.nc,2011-11-29T12:00:00,0.0,0,Depression / Weak System,HURSAT-B1 IRWIN/rad10,0.8861160079638164,0,train
2011330N06078,2011-11-29T15:00:00,E:\Cyclone-x-prototype\datas\HURSAT_NI\2011\2011330N06078\2011330N06078.FIVE.2011.11.29.1500.22.MET-7.025.hursat-b1.v06.nc,2011-11-29T12:00:00,3.0,0,Depression / Weak System,HURSAT-B1 IRWIN/rad10,1.0,0,train
2011330N06078,2011-11-29T15:00:00,E:\Cyclone-x-prototype\datas\HURSAT_NI\2011\2011330N06078\2011330N06078.FIVE.2011.11.29.1500.76.MSG-2.025.hursat-b1.v06.nc,2011-11-29T12:00:00,3.0,0,Depression / Weak System,HURSAT-B1 IRWIN/rad10,1.0,0,train
2011330N06078,2011-11-29T18:00:00,E:\Cyclone-x-prototype\datas\HURSAT_NI\2011\2011330N06078\2011330N06078.FIVE.2011.11.29.1800.22.MET-7.024.hursat-b1.v06.nc,2011-11-29T18:00:00,0.0,0,Depression / Weak System,HURSAT-B1 IRWIN/rad10,1.0,0,train
2011330N06078,2011-11-29T18:00:00,E:\Cyclone-x-prototype\datas\HURSAT_NI\2011\2011330N06078\2011330N06078.FIVE.2011.11.29.1800.76.MSG-2.024.hursat-b1.v06.nc,2011-11-29T18:00:00,0.0,0,Depression / Weak System,HURSAT-B1 IRWIN/rad10,1.0,0,train
2011330N06078,2011-11-29T21:00:00,E:\Cyclone-x-prototype\datas\HURSAT_NI\2011\2011330N06078\2011330N06078.FIVE.2011.11.29.2100.22.MET-7.024.hursat-b1.v06.nc,2011-11-29T18:00:00,3.0,0,Depression / Weak System,HURSAT-B1 IRWIN/rad10,1.0,0,train
2011330N06078,2011-11-29T21:00:00,E:\Cyclone-x-prototype\datas\HURSAT_NI\2011\2011330N06078\2011330N06078.FIVE.2011.11.29.2100.75.MSG-2.024.hursat-b1.v06.nc,2011-11-29T18:00:00,3.0,0,Depression / Weak System,HURSAT-B1 IRWIN/rad10,1.0,0,train
2011330N06078,2011-11-30T00:00:00,E:\Cyclone-x-prototype\datas\HURSAT_NI\2011\2011330N06078\2011330N06078.FIVE.2011.11.30.0000.22.MET-7.024.hursat-b1.v06.nc,2011-11-30T00:00:00,0.0,0,Depression / Weak System,HURSAT-B1 IRWIN/rad10,1.0,0,train
2011330N06078,2011-11-30T00:00:00,E:\Cyclone-x-prototype\datas\HURSAT_NI\2011\2011330N06078\2011330N06078.FIVE.2011.11.30.0000.75.MSG-2.024.hursat-b1.v06.nc,2011-11-30T00:00:00,0.0,0,Depression / Weak System,HURSAT-B1 IRWIN/rad10,0.9757992426554363,0,train
2011330N06078,2011-11-30T03:00:00,E:\Cyclone-x-prototype\datas\HURSAT_NI\2011\2011330N06078\2011330N06078.FIVE.2011.11.30.0300.22.MET-7.024.hursat-b1.v06.nc,2011-11-30T03:00:00,0.0,0,Depression / Weak System,HURSAT-B1 IRWIN/rad10,1.0,0,train
2011330N06078,2011-11-30T03:00:00,E:\Cyclone-x-prototype\datas\HURSAT_NI\2011\2011330N06078\2011330N06078.FIVE.2011.11.30.0300.74.MSG-2.024.hursat-b1.v06.nc,2011-11-30T03:00:00,0.0,0,Depression / Weak System,HURSAT-B1 IRWIN/rad10,1.0,0,train
2011330N06078,2011-11-30T06:00:00,E:\Cyclone-x-prototype\datas\HURSAT_NI\2011\2011330N06078\2011330N06078.FIVE.2011.11.30.0600.22.MET-7.024.hursat-b1.v06.nc,2011-11-30T06:00:00,0.0,0,Depression / Weak System,HURSAT-B1 IRWIN/rad10,1.0,0,train
2011330N06078,2011-11-30T06:00:00,E:\Cyclone-x-prototype\datas\HURSAT_NI\2011\2011330N06078\2011330N06078.FIVE.2011.11.30.0600.74.MSG-2.024.hursat-b1.v06.nc,2011-11-30T06:00:00,0.0,0,Depression / Weak System,HURSAT-B1 IRWIN/rad10,1.0,0,train
2011330N06078,2011-11-30T09:00:00,E:\Cyclone-x-prototype\datas\HURSAT_NI\2011\2011330N06078\2011330N06078.FIVE.2011.11.30.0900.23.MET-7.024.hursat-b1.v06.nc,2011-11-30T06:00:00,3.0,0,Depression / Weak System,HURSAT-B1 IRWIN/rad10,1.0,0,train
2011330N06078,2011-11-30T09:00:00,E:\Cyclone-x-prototype\datas\HURSAT_NI\2011\2011330N06078\2011330N06078.FIVE.2011.11.30.0900.74.MSG-2.024.hursat-b1.v06.nc,2011-11-30T06:00:00,3.0,0,Depression / Weak System,HURSAT-B1 IRWIN/rad10,1.0,0,train
2011330N06078,2011-11-30T12:00:00,E:\Cyclone-x-prototype\datas\HURSAT_NI\2011\2011330N06078\2011330N06078.FIVE.2011.11.30.1200.23.MET-7.024.hursat-b1.v06.nc,2011-11-30T12:00:00,0.0,0,Depression / Weak System,HURSAT-B1 IRWIN/rad10,1.0,0,train
2011330N06078,2011-11-30T12:00:00,E:\Cyclone-x-prototype\datas\HURSAT_NI\2011\2011330N06078\2011330N06078.FIVE.2011.11.30.1200.74.MSG-2.024.hursat-b1.v06.nc,2011-11-30T12:00:00,0.0,0,Depression / Weak System,HURSAT-B1 IRWIN/rad10,1.0,0,train
2011330N06078,2011-11-30T15:00:00,E:\Cyclone-x-prototype\datas\HURSAT_NI\2011\2011330N06078\2011330N06078.FIVE.2011.11.30.1500.23.MET-7.024.hursat-b1.v06.nc,2011-11-30T12:00:00,3.0,0,Depression / Weak System,HURSAT-B1 IRWIN/rad10,1.0,0,train
2011330N06078,2011-11-30T15:00:00,E:\Cyclone-x-prototype\datas\HURSAT_NI\2011\2011330N06078\2011330N06078.FIVE.2011.11.30.1500.73.MSG-2.024.hursat-b1.v06.nc,2011-11-30T12:00:00,3.0,0,Depression / Weak System,HURSAT-B1 IRWIN/rad10,1.0,0,train
2011330N06078,2011-11-30T18:00:00,E:\Cyclone-x-prototype\datas\HURSAT_NI\2011\2011330N06078\2011330N06078.FIVE.2011.11.30.1800.23.MET-7.024.hursat-b1.v06.nc,2011-11-30T18:00:00,0.0,0,Depression / Weak System,HURSAT-B1 IRWIN/rad10,1.0,0,train
2011330N06078,2011-11-30T18:00:00,E:\Cyclone-x-prototype\datas\HURSAT_NI\2011\2011330N06078\2011330N06078.FIVE.2011.11.30.1800.73.MSG-2.024.hursat-b1.v06.nc,2011-11-30T18:00:00,0.0,0,Depression / Weak System,HURSAT-B1 IRWIN/rad10,1.0,0,train
2011330N06078,2011-11-30T21:00:00,E:\Cyclone-x-prototype\datas\HURSAT_NI\2011\2011330N06078\2011330N06078.FIVE.2011.11.30.2100.23.MET-7.024.hursat-b1.v06.nc,2011-11-30T18:00:00,3.0,0,Depression / Weak System,HURSAT-B1 IRWIN/rad10,1.0,0,train
2011330N06078,2011-11-30T21:00:00,E:\Cyclone-x-prototype\datas\HURSAT_NI\2011\2011330N06078\2011330N06078.FIVE.2011.11.30.2100.73.MSG-2.024.hursat-b1.v06.nc,2011-11-30T18:00:00,3.0,0,Depression / Weak System,HURSAT-B1 IRWIN/rad10,1.0,0,train
2011330N06078,2011-12-01T00:00:00,E:\Cyclone-x-prototype\datas\HURSAT_NI\2011\2011330N06078\2011330N06078.FIVE.2011.12.01.0000.24.MET-7.024.hursat-b1.v06.nc,2011-12-01T00:00:00,0.0,0,Depression / Weak System,HURSAT-B1 IRWIN/rad10,1.0,0,train
2011330N06078,2011-12-01T00:00:00,E:\Cyclone-x-prototype\datas\HURSAT_NI\2011\2011330N06078\2011330N06078.FIVE.2011.12.01.0000.73.MSG-2.024.hursat-b1.v06.nc,2011-12-01T00:00:00,0.0,0,Depression / Weak System,HURSAT-B1 IRWIN/rad10,1.0,0,train
2011330N06078,2011-12-01T03:00:00,E:\Cyclone-x-prototype\datas\HURSAT_NI\2011\2011330N06078\2011330N06078.FIVE.2011.12.01.0300.24.MET-7.021.hursat-b1.v06.nc,2011-12-01T03:00:00,0.0,0,Depression / Weak System,HURSAT-B1 IRWIN/rad10,1.0,0,train
2011330N06078,2011-12-01T03:00:00,E:\Cyclone-x-prototype\datas\HURSAT_NI\2011\2011330N06078\2011330N06078.FIVE.2011.12.01.0300.73.MSG-2.021.hursat-b1.v06.nc,2011-12-01T03:00:00,0.0,0,Depression / Weak System,HURSAT-B1 IRWIN/rad10,1.0,0,train
2011330N06078,2011-12-01T06:00:00,E:\Cyclone-x-prototype\datas\HURSAT_NI\2011\2011330N06078\2011330N06078.FIVE.2011.12.01.0600.24.MET-7.018.hursat-b1.v06.nc,2011-12-01T03:00:00,3.0,0,Depression / Weak System,HURSAT-B1 IRWIN/rad10,1.0,0,train
2011330N06078,2011-12-01T06:00:00,E:\Cyclone-x-prototype\datas\HURSAT_NI\2011\2011330N06078\2011330N06078.FIVE.2011.12.01.0600.73.MSG-2.018.hursat-b1.v06.nc,2011-12-01T03:00:00,3.0,0,Depression / Weak System,HURSAT-B1 IRWIN/rad10,1.0,0,train
2011360N09088,2011-12-25T12:00:00,E:\Cyclone-x-prototype\datas\HURSAT_NI\2011\2011360N09088\2011360N09088.THANE.2011.12.25.1200.38.MET-7.026.hursat-b1.v06.nc,2011-12-25T12:00:00,0.0,0,Depression / Weak System,HURSAT-B1 IRWIN/rad10,1.0,0,test
2011360N09088,2011-12-25T12:00:00,E:\Cyclone-x-prototype\datas\HURSAT_NI\2011\2011360N09088\2011360N09088.THANE.2011.12.25.1200.60.MTS-1.026.hursat-b1.v06.nc,2011-12-25T12:00:00,0.0,0,Depression / Weak System,HURSAT-B1 IRWIN/rad10,1.0,0,test
2011360N09088,2011-12-25T15:00:00,E:\Cyclone-x-prototype\datas\HURSAT_NI\2011\2011360N09088\2011360N09088.THANE.2011.12.25.1500.38.MET-7.026.hursat-b1.v06.nc,2011-12-25T12:00:00,3.0,0,Depression / Weak System,HURSAT-B1 IRWIN/rad10,1.0,0,test
2011360N09088,2011-12-25T15:00:00,E:\Cyclone-x-prototype\datas\HURSAT_NI\2011\2011360N09088\2011360N09088.THANE.2011.12.25.1500.60.MTS-1.026.hursat-b1.v06.nc,2011-12-25T12:00:00,3.0,0,Depression / Weak System,HURSAT-B1 IRWIN/rad10,1.0,0,test
2011360N09088,2011-12-25T18:00:00,E:\Cyclone-x-prototype\datas\HURSAT_NI\2011\2011360N09088\2011360N09088.THANE.2011.12.25.1800.38.MET-7.026.hursat-b1.v06.nc,2011-12-25T18:00:00,0.0,0,Depression / Weak System,HURSAT-B1 IRWIN/rad10,1.0,0,test
2011360N09088,2011-12-25T18:00:00,E:\Cyclone-x-prototype\datas\HURSAT_NI\2011\2011360N09088\2011360N09088.THANE.2011.12.25.1800.60.MTS-1.026.hursat-b1.v06.nc,2011-12-25T18:00:00,0.0,0,Depression / Weak System,HURSAT-B1 IRWIN/rad10,1.0,0,test
2011360N09088,2011-12-25T21:00:00,E:\Cyclone-x-prototype\datas\HURSAT_NI\2011\2011360N09088\2011360N09088.THANE.2011.12.25.2100.38.MET-7.027.hursat-b1.v06.nc,2011-12-25T18:00:00,3.0,0,Depression / Weak System,HURSAT-B1 IRWIN/rad10,1.0,0,test
2011360N09088,2011-12-25T21:00:00,E:\Cyclone-x-prototype\datas\HURSAT_NI\2011\2011360N09088\2011360N09088.THANE.2011.12.25.2100.60.MTS-1.027.hursat-b1.v06.nc,2011-12-25T18:00:00,3.0,0,Depression / Weak System,HURSAT-B1 IRWIN/rad10,1.0,0,test
2011360N09088,2011-12-26T00:00:00,E:\Cyclone-x-prototype\datas\HURSAT_NI\2011\2011360N09088\2011360N09088.THANE.2011.12.26.0000.38.MET-7.028.hursat-b1.v06.nc,2011-12-26T00:00:00,0.0,0,Depression / Weak System,HURSAT-B1 IRWIN/rad10,1.0,0,test
2011360N09088,2011-12-26T00:00:00,E:\Cyclone-x-prototype\datas\HURSAT_NI\2011\2011360N09088\2011360N09088.THANE.2011.12.26.0000.61.MTS-1.028.hursat-b1.v06.nc,2011-12-26T00:00:00,0.0,0,Depression / Weak System,HURSAT-B1 IRWIN/rad10,1.0,0,test
2011360N09088,2011-12-26T03:00:00,E:\Cyclone-x-prototype\datas\HURSAT_NI\2011\2011360N09088\2011360N09088.THANE.2011.12.26.0300.38.MET-7.030.hursat-b1.v06.nc,2011-12-26T03:00:00,0.0,0,Depression / Weak System,HURSAT-B1 IRWIN/rad10,1.0,0,test
2011360N09088,2011-12-26T03:00:00,E:\Cyclone-x-prototype\datas\HURSAT_NI\2011\2011360N09088\2011360N09088.THANE.2011.12.26.0300.61.MTS-1.030.hursat-b1.v06.nc,2011-12-26T03:00:00,0.0,0,Depression / Weak System,HURSAT-B1 IRWIN/rad10,1.0,0,test
2011360N09088,2011-12-26T06:00:00,E:\Cyclone-x-prototype\datas\HURSAT_NI\2011\2011360N09088\2011360N09088.THANE.2011.12.26.0600.38.MET-7.033.hursat-b1.v06.nc,2011-12-26T06:00:00,0.0,0,Depression / Weak System,HURSAT-B1 IRWIN/rad10,1.0,0,test
2011360N09088,2011-12-26T06:00:00,E:\Cyclone-x-prototype\datas\HURSAT_NI\2011\2011360N09088\2011360N09088.THANE.2011.12.26.0600.66.MTS-2.033.hursat-b1.v06.nc,2011-12-26T06:00:00,0.0,0,Depression / Weak System,HURSAT-B1 IRWIN/rad10,1.0,0,test
2011360N09088,2011-12-26T09:00:00,E:\Cyclone-x-prototype\datas\HURSAT_NI\2011\2011360N09088\2011360N09088.THANE.2011.12.26.0900.38.MET-7.035.hursat-b1.v06.nc,2011-12-26T06:00:00,3.0,0,Depression / Weak System,HURSAT-B1 IRWIN/rad10,1.0,0,test
2011360N09088,2011-12-26T09:00:00,E:\Cyclone-x-prototype\datas\HURSAT_NI\2011\2011360N09088\2011360N09088.THANE.2011.12.26.0900.66.MTS-2.035.hursat-b1.v06.nc,2011-12-26T06:00:00,3.0,0,Depression / Weak System,HURSAT-B1 IRWIN/rad10,1.0,0,test
2011360N09088,2011-12-26T12:00:00,E:\Cyclone-x-prototype\datas\HURSAT_NI\2011\2011360N09088\2011360N09088.THANE.2011.12.26.1200.38.MET-7.037.hursat-b1.v06.nc,2011-12-26T12:00:00,0.0,0,Depression / Weak System,HURSAT-B1 IRWIN/rad10,1.0,0,test
2011360N09088,2011-12-26T12:00:00,E:\Cyclone-x-prototype\datas\HURSAT_NI\2011\2011360N09088\2011360N09088.THANE.2011.12.26.1200.66.MTS-2.037.hursat-b1.v06.nc,2011-12-26T12:00:00,0.0,0,Depression / Weak System,HURSAT-B1 IRWIN/rad10,1.0,0,test
2011360N09088,2011-12-26T15:00:00,E:\Cyclone-x-prototype\datas\HURSAT_NI\2011\2011360N09088\2011360N09088.THANE.2011.12.26.1500.38.MET-7.038.hursat-b1.v06.nc,2011-12-26T12:00:00,3.0,0,Depression / Weak System,HURSAT-B1 IRWIN/rad10,1.0,0,test
2011360N09088,2011-12-26T15:00:00,E:\Cyclone-x-prototype\datas\HURSAT_NI\2011\2011360N09088\2011360N09088.THANE.2011.12.26.1500.66.MTS-2.038.hursat-b1.v06.nc,2011-12-26T12:00:00,3.0,0,Depression / Weak System,HURSAT-B1 IRWIN/rad10,1.0,0,test
2011360N09088,2011-12-26T18:00:00,E:\Cyclone-x-prototype\datas\HURSAT_NI\2011\2011360N09088\2011360N09088.THANE.2011.12.26.1800.38.MET-7.040.hursat-b1.v06.nc,2011-12-26T18:00:00,0.0,1,Cyclonic Storm,HURSAT-B1 IRWIN/rad10,1.0,0,test
2011360N09088,2011-12-26T18:00:00,E:\Cyclone-x-prototype\datas\HURSAT_NI\2011\2011360N09088\2011360N09088.THANE.2011.12.26.1800.66.MTS-2.040.hursat-b1.v06.nc,2011-12-26T18:00:00,0.0,1,Cyclonic Storm,HURSAT-B1 IRWIN/rad10,1.0,0,test
2011360N09088,2011-12-26T21:00:00,E:\Cyclone-x-prototype\datas\HURSAT_NI\2011\2011360N09088\2011360N09088.THANE.2011.12.26.2100.38.MET-7.041.hursat-b1.v06.nc,2011-12-26T21:00:00,0.0,1,Cyclonic Storm,HURSAT-B1 IRWIN/rad10,1.0,0,test
2011360N09088,2011-12-26T21:00:00,E:\Cyclone-x-prototype\datas\HURSAT_NI\2011\2011360N09088\2011360N09088.THANE.2011.12.26.2100.67.MTS-2.041.hursat-b1.v06.nc,2011-12-26T21:00:00,0.0,1,Cyclonic Storm,HURSAT-B1 IRWIN/rad10,1.0,0,test
2011360N09088,2011-12-27T00:00:00,E:\Cyclone-x-prototype\datas\HURSAT_NI\2011\2011360N09088\2011360N09088.THANE.2011.12.27.0000.38.MET-7.042.hursat-b1.v06.nc,2011-12-27T00:00:00,0.0,1,Cyclonic Storm,HURSAT-B1 IRWIN/rad10,1.0,0,test
2011360N09088,2011-12-27T00:00:00,E:\Cyclone-x-prototype\datas\HURSAT_NI\2011\2011360N09088\2011360N09088.THANE.2011.12.27.0000.67.MTS-2.042.hursat-b1.v06.nc,2011-12-27T00:00:00,0.0,1,Cyclonic Storm,HURSAT-B1 IRWIN/rad10,1.0,0,test
2011360N09088,2011-12-27T03:00:00,E:\Cyclone-x-prototype\datas\HURSAT_NI\2011\2011360N09088\2011360N09088.THANE.2011.12.27.0300.38.MET-7.042.hursat-b1.v06.nc,2011-12-27T03:00:00,0.0,1,Cyclonic Storm,HURSAT-B1 IRWIN/rad10,1.0,0,test
2011360N09088,2011-12-27T03:00:00,E:\Cyclone-x-prototype\datas\HURSAT_NI\2011\2011360N09088\2011360N09088.THANE.2011.12.27.0300.67.MTS-2.042.hursat-b1.v06.nc,2011-12-27T03:00:00,0.0,1,Cyclonic Storm,HURSAT-B1 IRWIN/rad10,1.0,0,test
2011360N09088,2011-12-27T06:00:00,E:\Cyclone-x-prototype\datas\HURSAT_NI\2011\2011360N09088\2011360N09088.THANE.2011.12.27.0600.38.MET-7.042.hursat-b1.v06.nc,2011-12-27T06:00:00,0.0,1,Cyclonic Storm,HURSAT-B1 IRWIN/rad10,1.0,0,test
2011360N09088,2011-12-27T06:00:00,E:\Cyclone-x-prototype\datas\HURSAT_NI\2011\2011360N09088\2011360N09088.THANE.2011.12.27.0600.67.MTS-2.042.hursat-b1.v06.nc,2011-12-27T06:00:00,0.0,1,Cyclonic Storm,HURSAT-B1 IRWIN/rad10,1.0,0,test
2011360N09088,2011-12-27T09:00:00,E:\Cyclone-x-prototype\datas\HURSAT_NI\2011\2011360N09088\2011360N09088.THANE.2011.12.27.0900.37.MET-7.043.hursat-b1.v06.nc,2011-12-27T09:00:00,0.0,1,Cyclonic Storm,HURSAT-B1 IRWIN/rad10,1.0,0,test
2011360N09088,2011-12-27T09:00:00,E:\Cyclone-x-prototype\datas\HURSAT_NI\2011\2011360N09088\2011360N09088.THANE.2011.12.27.0900.67.MTS-2.043.hursat-b1.v06.nc,2011-12-27T09:00:00,0.0,1,Cyclonic Storm,HURSAT-B1 IRWIN/rad10,1.0,0,test
2011360N09088,2011-12-27T12:00:00,E:\Cyclone-x-prototype\datas\HURSAT_NI\2011\2011360N09088\2011360N09088.THANE.2011.12.27.1200.37.MET-7.044.hursat-b1.v06.nc,2011-12-27T12:00:00,0.0,1,Cyclonic Storm,HURSAT-B1 IRWIN/rad10,1.0,0,test
2011360N09088,2011-12-27T12:00:00,E:\Cyclone-x-prototype\datas\HURSAT_NI\2011\2011360N09088\2011360N09088.THANE.2011.12.27.1200.68.MTS-2.044.hursat-b1.v06.nc,2011-12-27T12:00:00,0.0,1,Cyclonic Storm,HURSAT-B1 IRWIN/rad10,1.0,0,test
2011360N09088,2011-12-27T15:00:00,E:\Cyclone-x-prototype\datas\HURSAT_NI\2011\2011360N09088\2011360N09088.THANE.2011.12.27.1500.37.MET-7.047.hursat-b1.v06.nc,2011-12-27T15:00:00,0.0,1,Cyclonic Storm,HURSAT-B1 IRWIN/rad10,1.0,0,test
2011360N09088,2011-12-27T15:00:00,E:\Cyclone-x-prototype\datas\HURSAT_NI\2011\2011360N09088\2011360N09088.THANE.2011.12.27.1500.68.MTS-2.047.hursat-b1.v06.nc,2011-12-27T15:00:00,0.0,1,Cyclonic Storm,HURSAT-B1 IRWIN/rad10,1.0,0,test
2011360N09088,2011-12-27T18:00:00,E:\Cyclone-x-prototype\datas\HURSAT_NI\2011\2011360N09088\2011360N09088.THANE.2011.12.27.1800.37.MET-7.049.hursat-b1.v06.nc,2011-12-27T18:00:00,0.0,1,Cyclonic Storm,HURSAT-B1 IRWIN/rad10,1.0,0,test
2011360N09088,2011-12-27T18:00:00,E:\Cyclone-x-prototype\datas\HURSAT_NI\2011\2011360N09088\2011360N09088.THANE.2011.12.27.1800.68.MTS-2.049.hursat-b1.v06.nc,2011-12-27T18:00:00,0.0,1,Cyclonic Storm,HURSAT-B1 IRWIN/rad10,1.0,0,test
2011360N09088,2011-12-27T21:00:00,E:\Cyclone-x-prototype\datas\HURSAT_NI\2011\2011360N09088\2011360N09088.THANE.2011.12.27.2100.36.MET-7.050.hursat-b1.v06.nc,2011-12-27T21:00:00,0.0,1,Cyclonic Storm,HURSAT-B1 IRWIN/rad10,1.0,0,test
2011360N09088,2011-12-27T21:00:00,E:\Cyclone-x-prototype\datas\HURSAT_NI\2011\2011360N09088\2011360N09088.THANE.2011.12.27.2100.69.MTS-2.050.hursat-b1.v06.nc,2011-12-27T21:00:00,0.0,1,Cyclonic Storm,HURSAT-B1 IRWIN/rad10,1.0,0,test
2011360N09088,2011-12-28T00:00:00,E:\Cyclone-x-prototype\datas\HURSAT_NI\2011\2011360N09088\2011360N09088.THANE.2011.12.28.0000.36.MET-7.051.hursat-b1.v06.nc,2011-12-28T00:00:00,0.0,1,Cyclonic Storm,HURSAT-B1 IRWIN/rad10,1.0,0,test
2011360N09088,2011-12-28T00:00:00,E:\Cyclone-x-prototype\datas\HURSAT_NI\2011\2011360N09088\2011360N09088.THANE.2011.12.28.0000.69.MTS-2.051.hursat-b1.v06.nc,2011-12-28T00:00:00,0.0,1,Cyclonic Storm,HURSAT-B1 IRWIN/rad10,1.0,0,test
2011360N09088,2011-12-28T03:00:00,E:\Cyclone-x-prototype\datas\HURSAT_NI\2011\2011360N09088\2011360N09088.THANE.2011.12.28.0300.36.MET-7.052.hursat-b1.v06.nc,2011-12-28T03:00:00,0.0,1,Cyclonic Storm,HURSAT-B1 IRWIN/rad10,1.0,0,test
2011360N09088,2011-12-28T03:00:00,E:\Cyclone-x-prototype\datas\HURSAT_NI\2011\2011360N09088\2011360N09088.THANE.2011.12.28.0300.69.MTS-2.052.hursat-b1.v06.nc,2011-12-28T03:00:00,0.0,1,Cyclonic Storm,HURSAT-B1 IRWIN/rad10,1.0,0,test
2011360N09088,2011-12-28T06:00:00,E:\Cyclone-x-prototype\datas\HURSAT_NI\2011\2011360N09088\2011360N09088.THANE.2011.12.28.0600.35.MET-7.053.hursat-b1.v06.nc,2011-12-28T06:00:00,0.0,1,Cyclonic Storm,HURSAT-B1 IRWIN/rad10,1.0,0,test
2011360N09088,2011-12-28T06:00:00,E:\Cyclone-x-prototype\datas\HURSAT_NI\2011\2011360N09088\2011360N09088.THANE.2011.12.28.0600.69.MTS-2.053.hursat-b1.v06.nc,2011-12-28T06:00:00,0.0,1,Cyclonic Storm,HURSAT-B1 IRWIN/rad10,1.0,0,test
2011360N09088,2011-12-28T09:00:00,E:\Cyclone-x-prototype\datas\HURSAT_NI\2011\2011360N09088\2011360N09088.THANE.2011.12.28.0900.35.MET-7.059.hursat-b1.v06.nc,2011-12-28T09:00:00,0.0,1,Cyclonic Storm,HURSAT-B1 IRWIN/rad10,1.0,0,test
2011360N09088,2011-12-28T09:00:00,E:\Cyclone-x-prototype\datas\HURSAT_NI\2011\2011360N09088\2011360N09088.THANE.2011.12.28.0900.70.MTS-2.059.hursat-b1.v06.nc,2011-12-28T09:00:00,0.0,1,Cyclonic Storm,HURSAT-B1 IRWIN/rad10,1.0,0,test
2011360N09088,2011-12-28T12:00:00,E:\Cyclone-x-prototype\datas\HURSAT_NI\2011\2011360N09088\2011360N09088.THANE.2011.12.28.1200.35.MET-7.066.hursat-b1.v06.nc,2011-12-28T12:00:00,0.0,2,Severe Cyclone,HURSAT-B1 IRWIN/rad10,1.0,0,test
2011360N09088,2011-12-28T12:00:00,E:\Cyclone-x-prototype\datas\HURSAT_NI\2011\2011360N09088\2011360N09088.THANE.2011.12.28.1200.70.MTS-2.066.hursat-b1.v06.nc,2011-12-28T12:00:00,0.0,2,Severe Cyclone,HURSAT-B1 IRWIN/rad10,1.0,0,test
2011360N09088,2011-12-28T15:00:00,E:\Cyclone-x-prototype\datas\HURSAT_NI\2011\2011360N09088\2011360N09088.THANE.2011.12.28.1500.35.MET-7.066.hursat-b1.v06.nc,2011-12-28T15:00:00,0.0,2,Severe Cyclone,HURSAT-B1 IRWIN/rad10,1.0,0,test
2011360N09088,2011-12-28T15:00:00,E:\Cyclone-x-prototype\datas\HURSAT_NI\2011\2011360N09088\2011360N09088.THANE.2011.12.28.1500.70.MTS-2.066.hursat-b1.v06.nc,2011-12-28T15:00:00,0.0,2,Severe Cyclone,HURSAT-B1 IRWIN/rad10,1.0,0,test
2011360N09088,2011-12-28T18:00:00,E:\Cyclone-x-prototype\datas\HURSAT_NI\2011\2011360N09088\2011360N09088.THANE.2011.12.28.1800.34.MET-7.066.hursat-b1.v06.nc,2011-12-28T18:00:00,0.0,2,Severe Cyclone,HURSAT-B1 IRWIN/rad10,1.0,0,test
2011360N09088,2011-12-28T18:00:00,E:\Cyclone-x-prototype\datas\HURSAT_NI\2011\2011360N09088\2011360N09088.THANE.2011.12.28.1800.71.MTS-2.066.hursat-b1.v06.nc,2011-12-28T18:00:00,0.0,2,Severe Cyclone,HURSAT-B1 IRWIN/rad10,1.0,0,test
2011360N09088,2011-12-28T21:00:00,E:\Cyclone-x-prototype\datas\HURSAT_NI\2011\2011360N09088\2011360N09088.THANE.2011.12.28.2100.34.MET-7.069.hursat-b1.v06.nc,2011-12-28T21:00:00,0.0,2,Severe Cyclone,HURSAT-B1 IRWIN/rad10,1.0,0,test
2011360N09088,2011-12-28T21:00:00,E:\Cyclone-x-prototype\datas\HURSAT_NI\2011\2011360N09088\2011360N09088.THANE.2011.12.28.2100.71.MTS-2.069.hursat-b1.v06.nc,2011-12-28T21:00:00,0.0,2,Severe Cyclone,HURSAT-B1 IRWIN/rad10,1.0,0,test
2011360N09088,2011-12-29T00:00:00,E:\Cyclone-x-prototype\datas\HURSAT_NI\2011\2011360N09088\2011360N09088.THANE.2011.12.29.0000.33.MET-7.072.hursat-b1.v06.nc,2011-12-29T00:00:00,0.0,2,Severe Cyclone,HURSAT-B1 IRWIN/rad10,1.0,0,test
2011360N09088,2011-12-29T00:00:00,E:\Cyclone-x-prototype\datas\HURSAT_NI\2011\2011360N09088\2011360N09088.THANE.2011.12.29.0000.72.MTS-2.072.hursat-b1.v06.nc,2011-12-29T00:00:00,0.0,2,Severe Cyclone,HURSAT-B1 IRWIN/rad10,1.0,0,test
2011360N09088,2011-12-29T03:00:00,E:\Cyclone-x-prototype\datas\HURSAT_NI\2011\2011360N09088\2011360N09088.THANE.2011.12.29.0300.33.MET-7.075.hursat-b1.v06.nc,2011-12-29T03:00:00,0.0,2,Severe Cyclone,HURSAT-B1 IRWIN/rad10,1.0,0,test
2011360N09088,2011-12-29T03:00:00,E:\Cyclone-x-prototype\datas\HURSAT_NI\2011\2011360N09088\2011360N09088.THANE.2011.12.29.0300.72.MTS-2.075.hursat-b1.v06.nc,2011-12-29T03:00:00,0.0,2,Severe Cyclone,HURSAT-B1 IRWIN/rad10,1.0,0,test
2011360N09088,2011-12-29T06:00:00,E:\Cyclone-x-prototype\datas\HURSAT_NI\2011\2011360N09088\2011360N09088.THANE.2011.12.29.0600.32.MET-7.077.hursat-b1.v06.nc,2011-12-29T06:00:00,0.0,2,Severe Cyclone,HURSAT-B1 IRWIN/rad10,1.0,0,test
2011360N09088,2011-12-29T06:00:00,E:\Cyclone-x-prototype\datas\HURSAT_NI\2011\2011360N09088\2011360N09088.THANE.2011.12.29.0600.72.MTS-2.077.hursat-b1.v06.nc,2011-12-29T06:00:00,0.0,2,Severe Cyclone,HURSAT-B1 IRWIN/rad10,1.0,0,test
2011360N09088,2011-12-29T09:00:00,E:\Cyclone-x-prototype\datas\HURSAT_NI\2011\2011360N09088\2011360N09088.THANE.2011.12.29.0900.32.MET-7.075.hursat-b1.v06.nc,2011-12-29T09:00:00,0.0,2,Severe Cyclone,HURSAT-B1 IRWIN/rad10,1.0,0,test
2011360N09088,2011-12-29T09:00:00,E:\Cyclone-x-prototype\datas\HURSAT_NI\2011\2011360N09088\2011360N09088.THANE.2011.12.29.0900.73.MTS-2.075.hursat-b1.v06.nc,2011-12-29T09:00:00,0.0,2,Severe Cyclone,HURSAT-B1 IRWIN/rad10,1.0,0,test
2011360N09088,2011-12-29T12:00:00,E:\Cyclone-x-prototype\datas\HURSAT_NI\2011\2011360N09088\2011360N09088.THANE.2011.12.29.1200.32.MET-7.073.hursat-b1.v06.nc,2011-12-29T12:00:00,0.0,2,Severe Cyclone,HURSAT-B1 IRWIN/rad10,1.0,0,test
2011360N09088,2011-12-29T12:00:00,E:\Cyclone-x-prototype\datas\HURSAT_NI\2011\2011360N09088\2011360N09088.THANE.2011.12.29.1200.73.MTS-2.073.hursat-b1.v06.nc,2011-12-29T12:00:00,0.0,2,Severe Cyclone,HURSAT-B1 IRWIN/rad10,1.0,0,test
2011360N09088,2011-12-29T15:00:00,E:\Cyclone-x-prototype\datas\HURSAT_NI\2011\2011360N09088\2011360N09088.THANE.2011.12.29.1500.31.MET-7.072.hursat-b1.v06.nc,2011-12-29T15:00:00,0.0,2,Severe Cyclone,HURSAT-B1 IRWIN/rad10,1.0,0,test
2011360N09088,2011-12-29T15:00:00,E:\Cyclone-x-prototype\datas\HURSAT_NI\2011\2011360N09088\2011360N09088.THANE.2011.12.29.1500.74.MTS-2.072.hursat-b1.v06.nc,2011-12-29T15:00:00,0.0,2,Severe Cyclone,HURSAT-B1 IRWIN/rad10,1.0,0,test
2011360N09088,2011-12-29T18:00:00,E:\Cyclone-x-prototype\datas\HURSAT_NI\2011\2011360N09088\2011360N09088.THANE.2011.12.29.1800.31.MET-7.071.hursat-b1.v06.nc,2011-12-29T18:00:00,0.0,2,Severe Cyclone,HURSAT-B1 IRWIN/rad10,1.0,0,test
2011360N09088,2011-12-29T18:00:00,E:\Cyclone-x-prototype\datas\HURSAT_NI\2011\2011360N09088\2011360N09088.THANE.2011.12.29.1800.74.MTS-2.071.hursat-b1.v06.nc,2011-12-29T18:00:00,0.0,2,Severe Cyclone,HURSAT-B1 IRWIN/rad10,1.0,0,test
2011360N09088,2011-12-29T21:00:00,E:\Cyclone-x-prototype\datas\HURSAT_NI\2011\2011360N09088\2011360N09088.THANE.2011.12.29.2100.30.MET-7.068.hursat-b1.v06.nc,2011-12-29T21:00:00,0.0,2,Severe Cyclone,HURSAT-B1 IRWIN/rad10,1.0,0,test
2011360N09088,2011-12-29T21:00:00,E:\Cyclone-x-prototype\datas\HURSAT_NI\2011\2011360N09088\2011360N09088.THANE.2011.12.29.2100.74.MTS-2.068.hursat-b1.v06.nc,2011-12-29T21:00:00,0.0,2,Severe Cyclone,HURSAT-B1 IRWIN/rad10,1.0,0,test
2011360N09088,2011-12-30T00:00:00,E:\Cyclone-x-prototype\datas\HURSAT_NI\2011\2011360N09088\2011360N09088.THANE.2011.12.30.0000.30.MET-7.066.hursat-b1.v06.nc,2011-12-30T00:00:00,0.0,2,Severe Cyclone,HURSAT-B1 IRWIN/rad10,1.0,0,test
2011360N09088,2011-12-30T00:00:00,E:\Cyclone-x-prototype\datas\HURSAT_NI\2011\2011360N09088\2011360N09088.THANE.2011.12.30.0000.75.MTS-2.066.hursat-b1.v06.nc,2011-12-30T00:00:00,0.0,2,Severe Cyclone,HURSAT-B1 IRWIN/rad10,1.0,0,test
2011360N09088,2011-12-30T03:00:00,E:\Cyclone-x-prototype\datas\HURSAT_NI\2011\2011360N09088\2011360N09088.THANE.2011.12.30.0300.30.MET-7.052.hursat-b1.v06.nc,2011-12-30T03:00:00,0.0,1,Cyclonic Storm,HURSAT-B1 IRWIN/rad10,1.0,0,test
2011360N09088,2011-12-30T03:00:00,E:\Cyclone-x-prototype\datas\HURSAT_NI\2011\2011360N09088\2011360N09088.THANE.2011.12.30.0300.75.MTS-2.052.hursat-b1.v06.nc,2011-12-30T03:00:00,0.0,1,Cyclonic Storm,HURSAT-B1 IRWIN/rad10,1.0,0,test
2011360N09088,2011-12-30T06:00:00,E:\Cyclone-x-prototype\datas\HURSAT_NI\2011\2011360N09088\2011360N09088.THANE.2011.12.30.0600.29.MET-7.037.hursat-b1.v06.nc,2011-12-30T06:00:00,0.0,0,Depression / Weak System,HURSAT-B1 IRWIN/rad10,1.0,0,test
2011360N09088,2011-12-30T06:00:00,E:\Cyclone-x-prototype\datas\HURSAT_NI\2011\2011360N09088\2011360N09088.THANE.2011.12.30.0600.75.MTS-2.037.hursat-b1.v06.nc,2011-12-30T06:00:00,0.0,0,Depression / Weak System,HURSAT-B1 IRWIN/rad10,1.0,0,test
2011360N09088,2011-12-30T09:00:00,E:\Cyclone-x-prototype\datas\HURSAT_NI\2011\2011360N09088\2011360N09088.THANE.2011.12.30.0900.29.MET-7.034.hursat-b1.v06.nc,2011-12-30T06:00:00,3.0,0,Depression / Weak System,HURSAT-B1 IRWIN/rad10,1.0,0,test
2011360N09088,2011-12-30T09:00:00,E:\Cyclone-x-prototype\datas\HURSAT_NI\2011\2011360N09088\2011360N09088.THANE.2011.12.30.0900.76.MTS-2.034.hursat-b1.v06.nc,2011-12-30T06:00:00,3.0,0,Depression / Weak System,HURSAT-B1 IRWIN/rad10,1.0,0,test
2011360N09088,2011-12-30T12:00:00,E:\Cyclone-x-prototype\datas\HURSAT_NI\2011\2011360N09088\2011360N09088.THANE.2011.12.30.1200.29.MET-7.030.hursat-b1.v06.nc,2011-12-30T12:00:00,0.0,0,Depression / Weak System,HURSAT-B1 IRWIN/rad10,1.0,0,test
2011360N09088,2011-12-30T12:00:00,E:\Cyclone-x-prototype\datas\HURSAT_NI\2011\2011360N09088\2011360N09088.THANE.2011.12.30.1200.76.MTS-2.030.hursat-b1.v06.nc,2011-12-30T12:00:00,0.0,0,Depression / Weak System,HURSAT-B1 IRWIN/rad10,1.0,0,test
2012285N21091,2012-10-10T12:00:00,E:\Cyclone-x-prototype\datas\HURSAT_NI\2012\2012285N21091\2012285N21091.MISSING.2012.10.10.1200.46.MET-7.025.hursat-b1.v06.nc,2012-10-10T12:00:00,0.0,0,Depression / Weak System,HURSAT-B1 IRWIN/rad10,1.0,0,train
2012285N21091,2012-10-10T12:00:00,E:\Cyclone-x-prototype\datas\HURSAT_NI\2012\2012285N21091\2012285N21091.MISSING.2012.10.10.1200.65.MTS-2.025.hursat-b1.v06.nc,2012-10-10T12:00:00,0.0,0,Depression / Weak System,HURSAT-B1 IRWIN/rad10,1.0,0,train
2012285N21091,2012-10-10T15:00:00,E:\Cyclone-x-prototype\datas\HURSAT_NI\2012\2012285N21091\2012285N21091.MISSING.2012.10.10.1500.46.MET-7.028.hursat-b1.v06.nc,2012-10-10T15:00:00,0.0,0,Depression / Weak System,HURSAT-B1 IRWIN/rad10,1.0,0,train
2012285N21091,2012-10-10T15:00:00,E:\Cyclone-x-prototype\datas\HURSAT_NI\2012\2012285N21091\2012285N21091.MISSING.2012.10.10.1500.65.MTS-2.028.hursat-b1.v06.nc,2012-10-10T15:00:00,0.0,0,Depression / Weak System,HURSAT-B1 IRWIN/rad10,1.0,0,train
2012285N21091,2012-10-10T18:00:00,E:\Cyclone-x-prototype\datas\HURSAT_NI\2012\2012285N21091\2012285N21091.MISSING.2012.10.10.1800.46.MET-7.030.hursat-b1.v06.nc,2012-10-10T18:00:00,0.0,0,Depression / Weak System,HURSAT-B1 IRWIN/rad10,1.0,0,train
2012285N21091,2012-10-10T18:00:00,E:\Cyclone-x-prototype\datas\HURSAT_NI\2012\2012285N21091\2012285N21091.MISSING.2012.10.10.1800.65.MTS-2.030.hursat-b1.v06.nc,2012-10-10T18:00:00,0.0,0,Depression / Weak System,HURSAT-B1 IRWIN/rad10,1.0,0,train
2012285N21091,2012-10-10T21:00:00,E:\Cyclone-x-prototype\datas\HURSAT_NI\2012\2012285N21091\2012285N21091.MISSING.2012.10.10.2100.46.MET-7.030.hursat-b1.v06.nc,2012-10-10T18:00:00,3.0,0,Depression / Weak System,HURSAT-B1 IRWIN/rad10,1.0,0,train
2012285N21091,2012-10-10T21:00:00,E:\Cyclone-x-prototype\datas\HURSAT_NI\2012\2012285N21091\2012285N21091.MISSING.2012.10.10.2100.65.MTS-2.030.hursat-b1.v06.nc,2012-10-10T18:00:00,3.0,0,Depression / Weak System,HURSAT-B1 IRWIN/rad10,1.0,0,train
2012285N21091,2012-10-11T00:00:00,E:\Cyclone-x-prototype\datas\HURSAT_NI\2012\2012285N21091\2012285N21091.MISSING.2012.10.11.0000.47.MET-7.030.hursat-b1.v06.nc,2012-10-11T00:00:00,0.0,0,Depression / Weak System,HURSAT-B1 IRWIN/rad10,1.0,0,train
2012285N21091,2012-10-11T00:00:00,E:\Cyclone-x-prototype\datas\HURSAT_NI\2012\2012285N21091\2012285N21091.MISSING.2012.10.11.0000.65.MTS-2.030.hursat-b1.v06.nc,2012-10-11T00:00:00,0.0,0,Depression / Weak System,HURSAT-B1 IRWIN/rad10,1.0,0,train
2012285N21091,2012-10-11T03:00:00,E:\Cyclone-x-prototype\datas\HURSAT_NI\2012\2012285N21091\2012285N21091.MISSING.2012.10.11.0300.47.MET-7.025.hursat-b1.v06.nc,2012-10-11T03:00:00,0.0,0,Depression / Weak System,HURSAT-B1 IRWIN/rad10,1.0,0,train
2012285N21091,2012-10-11T03:00:00,E:\Cyclone-x-prototype\datas\HURSAT_NI\2012\2012285N21091\2012285N21091.MISSING.2012.10.11.0300.65.MTS-2.025.hursat-b1.v06.nc,2012-10-11T03:00:00,0.0,0,Depression / Weak System,HURSAT-B1 IRWIN/rad10,1.0,0,train
2012285N21091,2012-10-11T06:00:00,E:\Cyclone-x-prototype\datas\HURSAT_NI\2012\2012285N21091\2012285N21091.MISSING.2012.10.11.0600.48.MET-7.020.hursat-b1.v06.nc,2012-10-11T03:00:00,3.0,0,Depression / Weak System,HURSAT-B1 IRWIN/rad10,1.0,0,train
2012285N21091,2012-10-11T06:00:00,E:\Cyclone-x-prototype\datas\HURSAT_NI\2012\2012285N21091\2012285N21091.MISSING.2012.10.11.0600.65.MTS-2.020.hursat-b1.v06.nc,2012-10-11T03:00:00,3.0,0,Depression / Weak System,HURSAT-B1 IRWIN/rad10,1.0,0,train
2012301N11087,2012-10-28T03:00:00,E:\Cyclone-x-prototype\datas\HURSAT_NI\2012\2012301N11087\2012301N11087.NILAM.2012.10.28.0300.25.FY2-E.023.hursat-b1.v06.nc,2012-10-28T06:00:00,3.0,0,Depression / Weak System,HURSAT-B1 IRWIN/rad10,1.0,0,train
2012301N11087,2012-10-28T03:00:00,E:\Cyclone-x-prototype\datas\HURSAT_NI\2012\2012301N11087\2012301N11087.NILAM.2012.10.28.0300.35.MET-7.023.hursat-b1.v06.nc,2012-10-28T06:00:00,3.0,0,Depression / Weak System,HURSAT-B1 IRWIN/rad10,1.0,0,train
2012301N11087,2012-10-28T03:00:00,E:\Cyclone-x-prototype\datas\HURSAT_NI\2012\2012301N11087\2012301N11087.NILAM.2012.10.28.0300.63.MTS-1.023.hursat-b1.v06.nc,2012-10-28T06:00:00,3.0,0,Depression / Weak System,HURSAT-B1 IRWIN/rad10,1.0,0,train
2012301N11087,2012-10-28T06:00:00,E:\Cyclone-x-prototype\datas\HURSAT_NI\2012\2012301N11087\2012301N11087.NILAM.2012.10.28.0600.25.FY2-E.024.hursat-b1.v06.nc,2012-10-28T06:00:00,0.0,0,Depression / Weak System,HURSAT-B1 IRWIN/rad10,1.0,0,train
2012301N11087,2012-10-28T06:00:00,E:\Cyclone-x-prototype\datas\HURSAT_NI\2012\2012301N11087\2012301N11087.NILAM.2012.10.28.0600.35.MET-7.024.hursat-b1.v06.nc,2012-10-28T06:00:00,0.0,0,Depression / Weak System,HURSAT-B1 IRWIN/rad10,1.0,0,train
2012301N11087,2012-10-28T06:00:00,E:\Cyclone-x-prototype\datas\HURSAT_NI\2012\2012301N11087\2012301N11087.NILAM.2012.10.28.0600.63.MTS-1.024.hursat-b1.v06.nc,2012-10-28T06:00:00,0.0,0,Depression / Weak System,HURSAT-B1 IRWIN/rad10,1.0,0,train
2012301N11087,2012-10-28T09:00:00,E:\Cyclone-x-prototype\datas\HURSAT_NI\2012\2012301N11087\2012301N11087.NILAM.2012.10.28.0900.25.FY2-E.024.hursat-b1.v06.nc,2012-10-28T06:00:00,3.0,0,Depression / Weak System,HURSAT-B1 IRWIN/rad10,1.0,0,train
2012301N11087,2012-10-28T09:00:00,E:\Cyclone-x-prototype\datas\HURSAT_NI\2012\2012301N11087\2012301N11087.NILAM.2012.10.28.0900.35.MET-7.024.hursat-b1.v06.nc,2012-10-28T06:00:00,3.0,0,Depression / Weak System,HURSAT-B1 IRWIN/rad10,1.0,0,train
2012301N11087,2012-10-28T09:00:00,E:\Cyclone-x-prototype\datas\HURSAT_NI\2012\2012301N11087\2012301N11087.NILAM.2012.10.28.0900.63.MTS-1.024.hursat-b1.v06.nc,2012-10-28T06:00:00,3.0,0,Depression / Weak System,HURSAT-B1 IRWIN/rad10,1.0,0,train
2012301N11087,2012-10-28T12:00:00,E:\Cyclone-x-prototype\datas\HURSAT_NI\2012\2012301N11087\2012301N11087.NILAM.2012.10.28.1200.25.FY2-E.024.hursat-b1.v06.nc,2012-10-28T12:00:00,0.0,0,Depression / Weak System,HURSAT-B1 IRWIN/rad10,1.0,0,train
2012301N11087,2012-10-28T12:00:00,E:\Cyclone-x-prototype\datas\HURSAT_NI\2012\2012301N11087\2012301N11087.NILAM.2012.10.28.1200.34.MET-7.024.hursat-b1.v06.nc,2012-10-28T12:00:00,0.0,0,Depression / Weak System,HURSAT-B1 IRWIN/rad10,1.0,0,train
2012301N11087,2012-10-28T12:00:00,E:\Cyclone-x-prototype\datas\HURSAT_NI\2012\2012301N11087\2012301N11087.NILAM.2012.10.28.1200.64.MTS-1.024.hursat-b1.v06.nc,2012-10-28T12:00:00,0.0,0,Depression / Weak System,HURSAT-B1 IRWIN/rad10,1.0,0,train
2012301N11087,2012-10-28T15:00:00,E:\Cyclone-x-prototype\datas\HURSAT_NI\2012\2012301N11087\2012301N11087.NILAM.2012.10.28.1500.25.FY2-E.025.hursat-b1.v06.nc,2012-10-28T12:00:00,3.0,0,Depression / Weak System,HURSAT-B1 IRWIN/rad10,1.0,0,train
2012301N11087,2012-10-28T15:00:00,E:\Cyclone-x-prototype\datas\HURSAT_NI\2012\2012301N11087\2012301N11087.NILAM.2012.10.28.1500.34.MET-7.025.hursat-b1.v06.nc,2012-10-28T12:00:00,3.0,0,Depression / Weak System,HURSAT-B1 IRWIN/rad10,1.0,0,train
2012301N11087,2012-10-28T15:00:00,E:\Cyclone-x-prototype\datas\HURSAT_NI\2012\2012301N11087\2012301N11087.NILAM.2012.10.28.1500.64.MTS-1.025.hursat-b1.v06.nc,2012-10-28T12:00:00,3.0,0,Depression / Weak System,HURSAT-B1 IRWIN/rad10,1.0,0,train
2012301N11087,2012-10-28T18:00:00,E:\Cyclone-x-prototype\datas\HURSAT_NI\2012\2012301N11087\2012301N11087.NILAM.2012.10.28.1800.26.FY2-E.026.hursat-b1.v06.nc,2012-10-28T18:00:00,0.0,0,Depression / Weak System,HURSAT-B1 IRWIN/rad10,1.0,0,train
2012301N11087,2012-10-28T18:00:00,E:\Cyclone-x-prototype\datas\HURSAT_NI\2012\2012301N11087\2012301N11087.NILAM.2012.10.28.1800.34.MET-7.026.hursat-b1.v06.nc,2012-10-28T18:00:00,0.0,0,Depression / Weak System,HURSAT-B1 IRWIN/rad10,1.0,0,train
2012301N11087,2012-10-28T18:00:00,E:\Cyclone-x-prototype\datas\HURSAT_NI\2012\2012301N11087\2012301N11087.NILAM.2012.10.28.1800.64.MTS-1.026.hursat-b1.v06.nc,2012-10-28T18:00:00,0.0,0,Depression / Weak System,HURSAT-B1 IRWIN/rad10,1.0,0,train
2012301N11087,2012-10-28T21:00:00,E:\Cyclone-x-prototype\datas\HURSAT_NI\2012\2012301N11087\2012301N11087.NILAM.2012.10.28.2100.26.FY2-E.027.hursat-b1.v06.nc,2012-10-28T18:00:00,3.0,0,Depression / Weak System,HURSAT-B1 IRWIN/rad10,1.0,0,train
2012301N11087,2012-10-28T21:00:00,E:\Cyclone-x-prototype\datas\HURSAT_NI\2012\2012301N11087\2012301N11087.NILAM.2012.10.28.2100.33.MET-7.027.hursat-b1.v06.nc,2012-10-28T18:00:00,3.0,0,Depression / Weak System,HURSAT-B1 IRWIN/rad10,1.0,0,train
2012301N11087,2012-10-28T21:00:00,E:\Cyclone-x-prototype\datas\HURSAT_NI\2012\2012301N11087\2012301N11087.NILAM.2012.10.28.2100.65.MTS-1.027.hursat-b1.v06.nc,2012-10-28T18:00:00,3.0,0,Depression / Weak System,HURSAT-B1 IRWIN/rad10,1.0,0,train
2012301N11087,2012-10-29T00:00:00,E:\Cyclone-x-prototype\datas\HURSAT_NI\2012\2012301N11087\2012301N11087.NILAM.2012.10.29.0000.33.MET-7.028.hursat-b1.v06.nc,2012-10-29T00:00:00,0.0,0,Depression / Weak System,HURSAT-B1 IRWIN/rad10,1.0,0,train
2012301N11087,2012-10-29T00:00:00,E:\Cyclone-x-prototype\datas\HURSAT_NI\2012\2012301N11087\2012301N11087.NILAM.2012.10.29.0000.65.MTS-1.028.hursat-b1.v06.nc,2012-10-29T00:00:00,0.0,0,Depression / Weak System,HURSAT-B1 IRWIN/rad10,1.0,0,train
2012301N11087,2012-10-29T03:00:00,E:\Cyclone-x-prototype\datas\HURSAT_NI\2012\2012301N11087\2012301N11087.NILAM.2012.10.29.0300.33.MET-7.028.hursat-b1.v06.nc,2012-10-29T03:00:00,0.0,0,Depression / Weak System,HURSAT-B1 IRWIN/rad10,1.0,0,train
2012301N11087,2012-10-29T03:00:00,E:\Cyclone-x-prototype\datas\HURSAT_NI\2012\2012301N11087\2012301N11087.NILAM.2012.10.29.0300.65.MTS-1.028.hursat-b1.v06.nc,2012-10-29T03:00:00,0.0,0,Depression / Weak System,HURSAT-B1 IRWIN/rad10,1.0,0,train
2012301N11087,2012-10-29T06:00:00,E:\Cyclone-x-prototype\datas\HURSAT_NI\2012\2012301N11087\2012301N11087.NILAM.2012.10.29.0600.32.MET-7.028.hursat-b1.v06.nc,2012-10-29T06:00:00,0.0,0,Depression / Weak System,HURSAT-B1 IRWIN/rad10,1.0,0,train
2012301N11087,2012-10-29T06:00:00,E:\Cyclone-x-prototype\datas\HURSAT_NI\2012\2012301N11087\2012301N11087.NILAM.2012.10.29.0600.66.MTS-1.028.hursat-b1.v06.nc,2012-10-29T06:00:00,0.0,0,Depression / Weak System,HURSAT-B1 IRWIN/rad10,1.0,0,train
2012301N11087,2012-10-29T09:00:00,E:\Cyclone-x-prototype\datas\HURSAT_NI\2012\2012301N11087\2012301N11087.NILAM.2012.10.29.0900.32.MET-7.029.hursat-b1.v06.nc,2012-10-29T06:00:00,3.0,0,Depression / Weak System,HURSAT-B1 IRWIN/rad10,1.0,0,train
2012301N11087,2012-10-29T09:00:00,E:\Cyclone-x-prototype\datas\HURSAT_NI\2012\2012301N11087\2012301N11087.NILAM.2012.10.29.0900.66.MTS-1.029.hursat-b1.v06.nc,2012-10-29T06:00:00,3.0,0,Depression / Weak System,HURSAT-B1 IRWIN/rad10,1.0,0,train
2012301N11087,2012-10-29T12:00:00,E:\Cyclone-x-prototype\datas\HURSAT_NI\2012\2012301N11087\2012301N11087.NILAM.2012.10.29.1200.31.MET-7.030.hursat-b1.v06.nc,2012-10-29T12:00:00,0.0,0,Depression / Weak System,HURSAT-B1 IRWIN/rad10,1.0,0,train
2012301N11087,2012-10-29T12:00:00,E:\Cyclone-x-prototype\datas\HURSAT_NI\2012\2012301N11087\2012301N11087.NILAM.2012.10.29.1200.66.MTS-1.030.hursat-b1.v06.nc,2012-10-29T12:00:00,0.0,0,Depression / Weak System,HURSAT-B1 IRWIN/rad10,1.0,0,train
2012301N11087,2012-10-29T15:00:00,E:\Cyclone-x-prototype\datas\HURSAT_NI\2012\2012301N11087\2012301N11087.NILAM.2012.10.29.1500.31.MET-7.032.hursat-b1.v06.nc,2012-10-29T12:00:00,3.0,0,Depression / Weak System,HURSAT-B1 IRWIN/rad10,1.0,0,train
2012301N11087,2012-10-29T15:00:00,E:\Cyclone-x-prototype\datas\HURSAT_NI\2012\2012301N11087\2012301N11087.NILAM.2012.10.29.1500.66.MTS-1.032.hursat-b1.v06.nc,2012-10-29T12:00:00,3.0,0,Depression / Weak System,HURSAT-B1 IRWIN/rad10,1.0,0,train
2012301N11087,2012-10-29T18:00:00,E:\Cyclone-x-prototype\datas\HURSAT_NI\2012\2012301N11087\2012301N11087.NILAM.2012.10.29.1800.31.MET-7.033.hursat-b1.v06.nc,2012-10-29T18:00:00,0.0,0,Depression / Weak System,HURSAT-B1 IRWIN/rad10,1.0,0,train
2012301N11087,2012-10-29T18:00:00,E:\Cyclone-x-prototype\datas\HURSAT_NI\2012\2012301N11087\2012301N11087.NILAM.2012.10.29.1800.66.MTS-1.033.hursat-b1.v06.nc,2012-10-29T18:00:00,0.0,0,Depression / Weak System,HURSAT-B1 IRWIN/rad10,1.0,0,train
2012301N11087,2012-10-29T21:00:00,E:\Cyclone-x-prototype\datas\HURSAT_NI\2012\2012301N11087\2012301N11087.NILAM.2012.10.29.2100.32.MET-7.033.hursat-b1.v06.nc,2012-10-29T18:00:00,3.0,0,Depression / Weak System,HURSAT-B1 IRWIN/rad10,1.0,0,train
2012301N11087,2012-10-29T21:00:00,E:\Cyclone-x-prototype\datas\HURSAT_NI\2012\2012301N11087\2012301N11087.NILAM.2012.10.29.2100.66.MTS-1.033.hursat-b1.v06.nc,2012-10-29T18:00:00,3.0,0,Depression / Weak System,HURSAT-B1 IRWIN/rad10,1.0,0,train
2012301N11087,2012-10-30T00:00:00,E:\Cyclone-x-prototype\datas\HURSAT_NI\2012\2012301N11087\2012301N11087.NILAM.2012.10.30.0000.32.MET-7.033.hursat-b1.v06.nc,2012-10-30T00:00:00,0.0,0,Depression / Weak System,HURSAT-B1 IRWIN/rad10,1.0,0,train
2012301N11087,2012-10-30T00:00:00,E:\Cyclone-x-prototype\datas\HURSAT_NI\2012\2012301N11087\2012301N11087.NILAM.2012.10.30.0000.66.MTS-1.033.hursat-b1.v06.nc,2012-10-30T00:00:00,0.0,0,Depression / Weak System,HURSAT-B1 IRWIN/rad10,1.0,0,train
2012301N11087,2012-10-30T03:00:00,E:\Cyclone-x-prototype\datas\HURSAT_NI\2012\2012301N11087\2012301N11087.NILAM.2012.10.30.0300.32.MET-7.035.hursat-b1.v06.nc,2012-10-30T03:00:00,0.0,1,Cyclonic Storm,HURSAT-B1 IRWIN/rad10,1.0,0,train
2012301N11087,2012-10-30T03:00:00,E:\Cyclone-x-prototype\datas\HURSAT_NI\2012\2012301N11087\2012301N11087.NILAM.2012.10.30.0300.66.MTS-1.035.hursat-b1.v06.nc,2012-10-30T03:00:00,0.0,1,Cyclonic Storm,HURSAT-B1 IRWIN/rad10,1.0,0,train
2012301N11087,2012-10-30T06:00:00,E:\Cyclone-x-prototype\datas\HURSAT_NI\2012\2012301N11087\2012301N11087.NILAM.2012.10.30.0600.32.MET-7.037.hursat-b1.v06.nc,2012-10-30T06:00:00,0.0,1,Cyclonic Storm,HURSAT-B1 IRWIN/rad10,1.0,0,train
2012301N11087,2012-10-30T06:00:00,E:\Cyclone-x-prototype\datas\HURSAT_NI\2012\2012301N11087\2012301N11087.NILAM.2012.10.30.0600.66.MTS-1.037.hursat-b1.v06.nc,2012-10-30T06:00:00,0.0,1,Cyclonic Storm,HURSAT-B1 IRWIN/rad10,1.0,0,train
2012301N11087,2012-10-30T09:00:00,E:\Cyclone-x-prototype\datas\HURSAT_NI\2012\2012301N11087\2012301N11087.NILAM.2012.10.30.0900.32.MET-7.039.hursat-b1.v06.nc,2012-10-30T09:00:00,0.0,1,Cyclonic Storm,HURSAT-B1 IRWIN/rad10,1.0,0,train
2012301N11087,2012-10-30T09:00:00,E:\Cyclone-x-prototype\datas\HURSAT_NI\2012\2012301N11087\2012301N11087.NILAM.2012.10.30.0900.66.MTS-1.039.hursat-b1.v06.nc,2012-10-30T09:00:00,0.0,1,Cyclonic Storm,HURSAT-B1 IRWIN/rad10,1.0,0,train
2012301N11087,2012-10-30T12:00:00,E:\Cyclone-x-prototype\datas\HURSAT_NI\2012\2012301N11087\2012301N11087.NILAM.2012.10.30.1200.32.MET-7.040.hursat-b1.v06.nc,2012-10-30T12:00:00,0.0,1,Cyclonic Storm,HURSAT-B1 IRWIN/rad10,1.0,0,train
2012301N11087,2012-10-30T12:00:00,E:\Cyclone-x-prototype\datas\HURSAT_NI\2012\2012301N11087\2012301N11087.NILAM.2012.10.30.1200.66.MTS-1.040.hursat-b1.v06.nc,2012-10-30T12:00:00,0.0,1,Cyclonic Storm,HURSAT-B1 IRWIN/rad10,1.0,0,train
2012301N11087,2012-10-30T15:00:00,E:\Cyclone-x-prototype\datas\HURSAT_NI\2012\2012301N11087\2012301N11087.NILAM.2012.10.30.1500.32.MET-7.041.hursat-b1.v06.nc,2012-10-30T15:00:00,0.0,1,Cyclonic Storm,HURSAT-B1 IRWIN/rad10,1.0,0,train
2012301N11087,2012-10-30T15:00:00,E:\Cyclone-x-prototype\datas\HURSAT_NI\2012\2012301N11087\2012301N11087.NILAM.2012.10.30.1500.66.MTS-1.041.hursat-b1.v06.nc,2012-10-30T15:00:00,0.0,1,Cyclonic Storm,HURSAT-B1 IRWIN/rad10,1.0,0,train
2012301N11087,2012-10-30T18:00:00,E:\Cyclone-x-prototype\datas\HURSAT_NI\2012\2012301N11087\2012301N11087.NILAM.2012.10.30.1800.32.MET-7.042.hursat-b1.v06.nc,2012-10-30T18:00:00,0.0,1,Cyclonic Storm,HURSAT-B1 IRWIN/rad10,1.0,0,train
2012301N11087,2012-10-30T18:00:00,E:\Cyclone-x-prototype\datas\HURSAT_NI\2012\2012301N11087\2012301N11087.NILAM.2012.10.30.1800.66.MTS-1.042.hursat-b1.v06.nc,2012-10-30T18:00:00,0.0,1,Cyclonic Storm,HURSAT-B1 IRWIN/rad10,1.0,0,train
2012301N11087,2012-10-30T21:00:00,E:\Cyclone-x-prototype\datas\HURSAT_NI\2012\2012301N11087\2012301N11087.NILAM.2012.10.30.2100.32.MET-7.043.hursat-b1.v06.nc,2012-10-30T21:00:00,0.0,1,Cyclonic Storm,HURSAT-B1 IRWIN/rad10,1.0,0,train
2012301N11087,2012-10-30T21:00:00,E:\Cyclone-x-prototype\datas\HURSAT_NI\2012\2012301N11087\2012301N11087.NILAM.2012.10.30.2100.67.MTS-1.043.hursat-b1.v06.nc,2012-10-30T21:00:00,0.0,1,Cyclonic Storm,HURSAT-B1 IRWIN/rad10,1.0,0,train
2012301N11087,2012-10-31T00:00:00,E:\Cyclone-x-prototype\datas\HURSAT_NI\2012\2012301N11087\2012301N11087.NILAM.2012.10.31.0000.32.MET-7.045.hursat-b1.v06.nc,2012-10-31T00:00:00,0.0,1,Cyclonic Storm,HURSAT-B1 IRWIN/rad10,1.0,0,train
2012301N11087,2012-10-31T00:00:00,E:\Cyclone-x-prototype\datas\HURSAT_NI\2012\2012301N11087\2012301N11087.NILAM.2012.10.31.0000.67.MTS-1.045.hursat-b1.v06.nc,2012-10-31T00:00:00,0.0,1,Cyclonic Storm,HURSAT-B1 IRWIN/rad10,1.0,0,train
2012301N11087,2012-10-31T03:00:00,E:\Cyclone-x-prototype\datas\HURSAT_NI\2012\2012301N11087\2012301N11087.NILAM.2012.10.31.0300.31.MET-7.045.hursat-b1.v06.nc,2012-10-31T03:00:00,0.0,1,Cyclonic Storm,HURSAT-B1 IRWIN/rad10,1.0,0,train
2012301N11087,2012-10-31T03:00:00,E:\Cyclone-x-prototype\datas\HURSAT_NI\2012\2012301N11087\2012301N11087.NILAM.2012.10.31.0300.68.MTS-1.045.hursat-b1.v06.nc,2012-10-31T03:00:00,0.0,1,Cyclonic Storm,HURSAT-B1 IRWIN/rad10,1.0,0,train
2012301N11087,2012-10-31T06:00:00,E:\Cyclone-x-prototype\datas\HURSAT_NI\2012\2012301N11087\2012301N11087.NILAM.2012.10.31.0600.31.MET-7.045.hursat-b1.v06.nc,2012-10-31T06:00:00,0.0,1,Cyclonic Storm,HURSAT-B1 IRWIN/rad10,1.0,0,train
2012301N11087,2012-10-31T06:00:00,E:\Cyclone-x-prototype\datas\HURSAT_NI\2012\2012301N11087\2012301N11087.NILAM.2012.10.31.0600.68.MTS-1.045.hursat-b1.v06.nc,2012-10-31T06:00:00,0.0,1,Cyclonic Storm,HURSAT-B1 IRWIN/rad10,1.0,0,train
2012301N11087,2012-10-31T09:00:00,E:\Cyclone-x-prototype\datas\HURSAT_NI\2012\2012301N11087\2012301N11087.NILAM.2012.10.31.0900.31.MET-7.042.hursat-b1.v06.nc,2012-10-31T09:00:00,0.0,1,Cyclonic Storm,HURSAT-B1 IRWIN/rad10,1.0,0,train
2012301N11087,2012-10-31T09:00:00,E:\Cyclone-x-prototype\datas\HURSAT_NI\2012\2012301N11087\2012301N11087.NILAM.2012.10.31.0900.69.MTS-1.042.hursat-b1.v06.nc,2012-10-31T09:00:00,0.0,1,Cyclonic Storm,HURSAT-B1 IRWIN/rad10,1.0,0,train
2012301N11087,2012-10-31T12:00:00,E:\Cyclone-x-prototype\datas\HURSAT_NI\2012\2012301N11087\2012301N11087.NILAM.2012.10.31.1200.30.MET-7.040.hursat-b1.v06.nc,2012-10-31T12:00:00,0.0,1,Cyclonic Storm,HURSAT-B1 IRWIN/rad10,1.0,0,train
2012301N11087,2012-10-31T12:00:00,E:\Cyclone-x-prototype\datas\HURSAT_NI\2012\2012301N11087\2012301N11087.NILAM.2012.10.31.1200.70.MTS-1.040.hursat-b1.v06.nc,2012-10-31T12:00:00,0.0,1,Cyclonic Storm,HURSAT-B1 IRWIN/rad10,1.0,0,train
2012301N11087,2012-10-31T15:00:00,E:\Cyclone-x-prototype\datas\HURSAT_NI\2012\2012301N11087\2012301N11087.NILAM.2012.10.31.1500.30.MET-7.037.hursat-b1.v06.nc,2012-10-31T15:00:00,0.0,1,Cyclonic Storm,HURSAT-B1 IRWIN/rad10,1.0,0,train
2012301N11087,2012-10-31T15:00:00,E:\Cyclone-x-prototype\datas\HURSAT_NI\2012\2012301N11087\2012301N11087.NILAM.2012.10.31.1500.70.MTS-1.037.hursat-b1.v06.nc,2012-10-31T15:00:00,0.0,1,Cyclonic Storm,HURSAT-B1 IRWIN/rad10,1.0,0,train
2012301N11087,2012-10-31T18:00:00,E:\Cyclone-x-prototype\datas\HURSAT_NI\2012\2012301N11087\2012301N11087.NILAM.2012.10.31.1800.29.MET-7.035.hursat-b1.v06.nc,2012-10-31T18:00:00,0.0,0,Depression / Weak System,HURSAT-B1 IRWIN/rad10,1.0,0,train
2012301N11087,2012-10-31T18:00:00,E:\Cyclone-x-prototype\datas\HURSAT_NI\2012\2012301N11087\2012301N11087.NILAM.2012.10.31.1800.71.MTS-1.035.hursat-b1.v06.nc,2012-10-31T18:00:00,0.0,0,Depression / Weak System,HURSAT-B1 IRWIN/rad10,1.0,0,train
2012301N11087,2012-10-31T21:00:00,E:\Cyclone-x-prototype\datas\HURSAT_NI\2012\2012301N11087\2012301N11087.NILAM.2012.10.31.2100.29.MET-7.030.hursat-b1.v06.nc,2012-10-31T18:00:00,3.0,0,Depression / Weak System,HURSAT-B1 IRWIN/rad10,1.0,0,train
2012301N11087,2012-10-31T21:00:00,E:\Cyclone-x-prototype\datas\HURSAT_NI\2012\2012301N11087\2012301N11087.NILAM.2012.10.31.2100.72.MTS-1.030.hursat-b1.v06.nc,2012-10-31T18:00:00,3.0,0,Depression / Weak System,HURSAT-B1 IRWIN/rad10,1.0,0,train
2012301N11087,2012-11-01T00:00:00,E:\Cyclone-x-prototype\datas\HURSAT_NI\2012\2012301N11087\2012301N11087.NILAM.2012.11.01.0000.28.MET-7.025.hursat-b1.v06.nc,2012-11-01T00:00:00,0.0,0,Depression / Weak System,HURSAT-B1 IRWIN/rad10,1.0,0,train
2012301N11087,2012-11-01T00:00:00,E:\Cyclone-x-prototype\datas\HURSAT_NI\2012\2012301N11087\2012301N11087.NILAM.2012.11.01.0000.72.MTS-1.025.hursat-b1.v06.nc,2012-11-01T00:00:00,0.0,0,Depression / Weak System,HURSAT-B1 IRWIN/rad10,1.0,0,train
2012301N11087,2012-11-01T03:00:00,E:\Cyclone-x-prototype\datas\HURSAT_NI\2012\2012301N11087\2012301N11087.NILAM.2012.11.01.0300.28.MET-7.023.hursat-b1.v06.nc,2012-11-01T03:00:00,0.0,0,Depression / Weak System,HURSAT-B1 IRWIN/rad10,1.0,0,train
2012301N11087,2012-11-01T03:00:00,E:\Cyclone-x-prototype\datas\HURSAT_NI\2012\2012301N11087\2012301N11087.NILAM.2012.11.01.0300.73.MTS-1.023.hursat-b1.v06.nc,2012-11-01T03:00:00,0.0,0,Depression / Weak System,HURSAT-B1 IRWIN/rad10,1.0,0,train
2012301N11087,2012-11-01T06:00:00,E:\Cyclone-x-prototype\datas\HURSAT_NI\2012\2012301N11087\2012301N11087.NILAM.2012.11.01.0600.28.MET-7.020.hursat-b1.v06.nc,2012-11-01T06:00:00,0.0,0,Depression / Weak System,HURSAT-B1 IRWIN/rad10,1.0,0,train
2012301N11087,2012-11-01T06:00:00,E:\Cyclone-x-prototype\datas\HURSAT_NI\2012\2012301N11087\2012301N11087.NILAM.2012.11.01.0600.73.MTS-1.020.hursat-b1.v06.nc,2012-11-01T06:00:00,0.0,0,Depression / Weak System,HURSAT-B1 IRWIN/rad10,1.0,0,train
2012301N11087,2012-11-01T09:00:00,E:\Cyclone-x-prototype\datas\HURSAT_NI\2012\2012301N11087\2012301N11087.NILAM.2012.11.01.0900.28.MET-7.020.hursat-b1.v06.nc,2012-11-01T06:00:00,3.0,0,Depression / Weak System,HURSAT-B1 IRWIN/rad10,1.0,0,train
2012301N11087,2012-11-01T09:00:00,E:\Cyclone-x-prototype\datas\HURSAT_NI\2012\2012301N11087\2012301N11087.NILAM.2012.11.01.0900.73.MTS-1.020.hursat-b1.v06.nc,2012-11-01T06:00:00,3.0,0,Depression / Weak System,HURSAT-B1 IRWIN/rad10,1.0,0,train
2012301N11087,2012-11-01T12:00:00,E:\Cyclone-x-prototype\datas\HURSAT_NI\2012\2012301N11087\2012301N11087.NILAM.2012.11.01.1200.28.MET-7.020.hursat-b1.v06.nc,2012-11-01T12:00:00,0.0,0,Depression / Weak System,HURSAT-B1 IRWIN/rad10,1.0,0,train
2012301N11087,2012-11-01T12:00:00,E:\Cyclone-x-prototype\datas\HURSAT_NI\2012\2012301N11087\2012301N11087.NILAM.2012.11.01.1200.73.MTS-1.020.hursat-b1.v06.nc,2012-11-01T12:00:00,0.0,0,Depression / Weak System,HURSAT-B1 IRWIN/rad10,1.0,0,train
2012301N11087,2012-11-01T15:00:00,E:\Cyclone-x-prototype\datas\HURSAT_NI\2012\2012301N11087\2012301N11087.NILAM.2012.11.01.1500.29.MET-7.020.hursat-b1.v06.nc,2012-11-01T12:00:00,3.0,0,Depression / Weak System,HURSAT-B1 IRWIN/rad10,1.0,0,train
2012301N11087,2012-11-01T15:00:00,E:\Cyclone-x-prototype\datas\HURSAT_NI\2012\2012301N11087\2012301N11087.NILAM.2012.11.01.1500.73.MTS-1.020.hursat-b1.v06.nc,2012-11-01T12:00:00,3.0,0,Depression / Weak System,HURSAT-B1 IRWIN/rad10,1.0,0,train
2012301N11087,2012-11-01T18:00:00,E:\Cyclone-x-prototype\datas\HURSAT_NI\2012\2012301N11087\2012301N11087.NILAM.2012.11.01.1800.29.MET-7.020.hursat-b1.v06.nc,2012-11-01T18:00:00,0.0,0,Depression / Weak System,HURSAT-B1 IRWIN/rad10,1.0,0,train
2012301N11087,2012-11-01T18:00:00,E:\Cyclone-x-prototype\datas\HURSAT_NI\2012\2012301N11087\2012301N11087.NILAM.2012.11.01.1800.73.MTS-1.020.hursat-b1.v06.nc,2012-11-01T18:00:00,0.0,0,Depression / Weak System,HURSAT-B1 IRWIN/rad10,1.0,0,train
2012321N14090,2012-11-17T03:00:00,E:\Cyclone-x-prototype\datas\HURSAT_NI\2012\2012321N14090\2012321N14090.THREE.2012.11.17.0300.26.FY2-E.024.hursat-b1.v06.nc,2012-11-17T06:00:00,3.0,0,Depression / Weak System,HURSAT-B1 IRWIN/rad10,1.0,0,validation
2012321N14090,2012-11-17T03:00:00,E:\Cyclone-x-prototype\datas\HURSAT_NI\2012\2012321N14090\2012321N14090.THREE.2012.11.17.0300.41.MET-7.024.hursat-b1.v06.nc,2012-11-17T06:00:00,3.0,0,Depression / Weak System,HURSAT-B1 IRWIN/rad10,1.0,0,validation
2012321N14090,2012-11-17T03:00:00,E:\Cyclone-x-prototype\datas\HURSAT_NI\2012\2012321N14090\2012321N14090.THREE.2012.11.17.0300.60.MTS-1.024.hursat-b1.v06.nc,2012-11-17T06:00:00,3.0,0,Depression / Weak System,HURSAT-B1 IRWIN/rad10,1.0,0,validation
2012321N14090,2012-11-17T06:00:00,E:\Cyclone-x-prototype\datas\HURSAT_NI\2012\2012321N14090\2012321N14090.THREE.2012.11.17.0600.26.FY2-E.026.hursat-b1.v06.nc,2012-11-17T06:00:00,0.0,0,Depression / Weak System,HURSAT-B1 IRWIN/rad10,1.0,0,validation
2012321N14090,2012-11-17T06:00:00,E:\Cyclone-x-prototype\datas\HURSAT_NI\2012\2012321N14090\2012321N14090.THREE.2012.11.17.0600.41.MET-7.026.hursat-b1.v06.nc,2012-11-17T06:00:00,0.0,0,Depression / Weak System,HURSAT-B1 IRWIN/rad10,1.0,0,validation
2012321N14090,2012-11-17T06:00:00,E:\Cyclone-x-prototype\datas\HURSAT_NI\2012\2012321N14090\2012321N14090.THREE.2012.11.17.0600.60.MTS-1.026.hursat-b1.v06.nc,2012-11-17T06:00:00,0.0,0,Depression / Weak System,HURSAT-B1 IRWIN/rad10,1.0,0,validation
2012321N14090,2012-11-17T09:00:00,E:\Cyclone-x-prototype\datas\HURSAT_NI\2012\2012321N14090\2012321N14090.THREE.2012.11.17.0900.26.FY2-E.027.hursat-b1.v06.nc,2012-11-17T09:00:00,0.0,0,Depression / Weak System,HURSAT-B1 IRWIN/rad10,1.0,0,validation
2012321N14090,2012-11-17T09:00:00,E:\Cyclone-x-prototype\datas\HURSAT_NI\2012\2012321N14090\2012321N14090.THREE.2012.11.17.0900.41.MET-7.027.hursat-b1.v06.nc,2012-11-17T09:00:00,0.0,0,Depression / Weak System,HURSAT-B1 IRWIN/rad10,1.0,0,validation
2012321N14090,2012-11-17T09:00:00,E:\Cyclone-x-prototype\datas\HURSAT_NI\2012\2012321N14090\2012321N14090.THREE.2012.11.17.0900.60.MTS-1.027.hursat-b1.v06.nc,2012-11-17T09:00:00,0.0,0,Depression / Weak System,HURSAT-B1 IRWIN/rad10,1.0,0,validation
2012321N14090,2012-11-17T12:00:00,E:\Cyclone-x-prototype\datas\HURSAT_NI\2012\2012321N14090\2012321N14090.THREE.2012.11.17.1200.26.FY2-E.028.hursat-b1.v06.nc,2012-11-17T12:00:00,0.0,0,Depression / Weak System,HURSAT-B1 IRWIN/rad10,1.0,0,validation
2012321N14090,2012-11-17T12:00:00,E:\Cyclone-x-prototype\datas\HURSAT_NI\2012\2012321N14090\2012321N14090.THREE.2012.11.17.1200.41.MET-7.028.hursat-b1.v06.nc,2012-11-17T12:00:00,0.0,0,Depression / Weak System,HURSAT-B1 IRWIN/rad10,1.0,0,validation
2012321N14090,2012-11-17T12:00:00,E:\Cyclone-x-prototype\datas\HURSAT_NI\2012\2012321N14090\2012321N14090.THREE.2012.11.17.1200.61.MTS-1.028.hursat-b1.v06.nc,2012-11-17T12:00:00,0.0,0,Depression / Weak System,HURSAT-B1 IRWIN/rad10,1.0,0,validation
2012321N14090,2012-11-17T15:00:00,E:\Cyclone-x-prototype\datas\HURSAT_NI\2012\2012321N14090\2012321N14090.THREE.2012.11.17.1500.26.FY2-E.029.hursat-b1.v06.nc,2012-11-17T12:00:00,3.0,0,Depression / Weak System,HURSAT-B1 IRWIN/rad10,1.0,0,validation
2012321N14090,2012-11-17T15:00:00,E:\Cyclone-x-prototype\datas\HURSAT_NI\2012\2012321N14090\2012321N14090.THREE.2012.11.17.1500.41.MET-7.029.hursat-b1.v06.nc,2012-11-17T12:00:00,3.0,0,Depression / Weak System,HURSAT-B1 IRWIN/rad10,1.0,0,validation
2012321N14090,2012-11-17T15:00:00,E:\Cyclone-x-prototype\datas\HURSAT_NI\2012\2012321N14090\2012321N14090.THREE.2012.11.17.1500.61.MTS-1.029.hursat-b1.v06.nc,2012-11-17T12:00:00,3.0,0,Depression / Weak System,HURSAT-B1 IRWIN/rad10,1.0,0,validation
2012321N14090,2012-11-17T18:00:00,E:\Cyclone-x-prototype\datas\HURSAT_NI\2012\2012321N14090\2012321N14090.THREE.2012.11.17.1800.26.FY2-E.030.hursat-b1.v06.nc,2012-11-17T18:00:00,0.0,0,Depression / Weak System,HURSAT-B1 IRWIN/rad10,1.0,0,validation
2012321N14090,2012-11-17T18:00:00,E:\Cyclone-x-prototype\datas\HURSAT_NI\2012\2012321N14090\2012321N14090.THREE.2012.11.17.1800.41.MET-7.030.hursat-b1.v06.nc,2012-11-17T18:00:00,0.0,0,Depression / Weak System,HURSAT-B1 IRWIN/rad10,1.0,0,validation
2012321N14090,2012-11-17T18:00:00,E:\Cyclone-x-prototype\datas\HURSAT_NI\2012\2012321N14090\2012321N14090.THREE.2012.11.17.1800.61.MTS-1.030.hursat-b1.v06.nc,2012-11-17T18:00:00,0.0,0,Depression / Weak System,HURSAT-B1 IRWIN/rad10,1.0,0,validation
2012321N14090,2012-11-17T21:00:00,E:\Cyclone-x-prototype\datas\HURSAT_NI\2012\2012321N14090\2012321N14090.THREE.2012.11.17.2100.26.FY2-E.030.hursat-b1.v06.nc,2012-11-17T18:00:00,3.0,0,Depression / Weak System,HURSAT-B1 IRWIN/rad10,1.0,0,validation
2012321N14090,2012-11-17T21:00:00,E:\Cyclone-x-prototype\datas\HURSAT_NI\2012\2012321N14090\2012321N14090.THREE.2012.11.17.2100.41.MET-7.030.hursat-b1.v06.nc,2012-11-17T18:00:00,3.0,0,Depression / Weak System,HURSAT-B1 IRWIN/rad10,1.0,0,validation
2012321N14090,2012-11-17T21:00:00,E:\Cyclone-x-prototype\datas\HURSAT_NI\2012\2012321N14090\2012321N14090.THREE.2012.11.17.2100.61.MTS-1.030.hursat-b1.v06.nc,2012-11-17T18:00:00,3.0,0,Depression / Weak System,HURSAT-B1 IRWIN/rad10,1.0,0,validation
2012321N14090,2012-11-18T00:00:00,E:\Cyclone-x-prototype\datas\HURSAT_NI\2012\2012321N14090\2012321N14090.THREE.2012.11.18.0000.27.FY2-E.030.hursat-b1.v06.nc,2012-11-18T00:00:00,0.0,0,Depression / Weak System,HURSAT-B1 IRWIN/rad10,1.0,0,validation
2012321N14090,2012-11-18T00:00:00,E:\Cyclone-x-prototype\datas\HURSAT_NI\2012\2012321N14090\2012321N14090.THREE.2012.11.18.0000.41.MET-7.030.hursat-b1.v06.nc,2012-11-18T00:00:00,0.0,0,Depression / Weak System,HURSAT-B1 IRWIN/rad10,1.0,0,validation
2012321N14090,2012-11-18T00:00:00,E:\Cyclone-x-prototype\datas\HURSAT_NI\2012\2012321N14090\2012321N14090.THREE.2012.11.18.0000.61.MTS-1.030.hursat-b1.v06.nc,2012-11-18T00:00:00,0.0,0,Depression / Weak System,HURSAT-B1 IRWIN/rad10,1.0,0,validation
2012321N14090,2012-11-18T03:00:00,E:\Cyclone-x-prototype\datas\HURSAT_NI\2012\2012321N14090\2012321N14090.THREE.2012.11.18.0300.27.FY2-E.030.hursat-b1.v06.nc,2012-11-18T03:00:00,0.0,0,Depression / Weak System,HURSAT-B1 IRWIN/rad10,1.0,0,validation
2012321N14090,2012-11-18T03:00:00,E:\Cyclone-x-prototype\datas\HURSAT_NI\2012\2012321N14090\2012321N14090.THREE.2012.11.18.0300.41.MET-7.030.hursat-b1.v06.nc,2012-11-18T03:00:00,0.0,0,Depression / Weak System,HURSAT-B1 IRWIN/rad10,1.0,0,validation
2012321N14090,2012-11-18T03:00:00,E:\Cyclone-x-prototype\datas\HURSAT_NI\2012\2012321N14090\2012321N14090.THREE.2012.11.18.0300.61.MTS-1.030.hursat-b1.v06.nc,2012-11-18T03:00:00,0.0,0,Depression / Weak System,HURSAT-B1 IRWIN/rad10,1.0,0,validation
2012321N14090,2012-11-18T06:00:00,E:\Cyclone-x-prototype\datas\HURSAT_NI\2012\2012321N14090\2012321N14090.THREE.2012.11.18.0600.27.FY2-E.030.hursat-b1.v06.nc,2012-11-18T06:00:00,0.0,0,Depression / Weak System,HURSAT-B1 IRWIN/rad10,1.0,0,validation
2012321N14090,2012-11-18T06:00:00,E:\Cyclone-x-prototype\datas\HURSAT_NI\2012\2012321N14090\2012321N14090.THREE.2012.11.18.0600.40.MET-7.030.hursat-b1.v06.nc,2012-11-18T06:00:00,0.0,0,Depression / Weak System,HURSAT-B1 IRWIN/rad10,1.0,0,validation
2012321N14090,2012-11-18T06:00:00,E:\Cyclone-x-prototype\datas\HURSAT_NI\2012\2012321N14090\2012321N14090.THREE.2012.11.18.0600.62.MTS-1.030.hursat-b1.v06.nc,2012-11-18T06:00:00,0.0,0,Depression / Weak System,HURSAT-B1 IRWIN/rad10,1.0,0,validation
2012321N14090,2012-11-18T09:00:00,E:\Cyclone-x-prototype\datas\HURSAT_NI\2012\2012321N14090\2012321N14090.THREE.2012.11.18.0900.27.FY2-E.030.hursat-b1.v06.nc,2012-11-18T06:00:00,3.0,0,Depression / Weak System,HURSAT-B1 IRWIN/rad10,1.0,0,validation
2012321N14090,2012-11-18T09:00:00,E:\Cyclone-x-prototype\datas\HURSAT_NI\2012\2012321N14090\2012321N14090.THREE.2012.11.18.0900.40.MET-7.030.hursat-b1.v06.nc,2012-11-18T06:00:00,3.0,0,Depression / Weak System,HURSAT-B1 IRWIN/rad10,1.0,0,validation
2012321N14090,2012-11-18T09:00:00,E:\Cyclone-x-prototype\datas\HURSAT_NI\2012\2012321N14090\2012321N14090.THREE.2012.11.18.0900.62.MTS-1.030.hursat-b1.v06.nc,2012-11-18T06:00:00,3.0,0,Depression / Weak System,HURSAT-B1 IRWIN/rad10,1.0,0,validation
2012321N14090,2012-11-18T12:00:00,E:\Cyclone-x-prototype\datas\HURSAT_NI\2012\2012321N14090\2012321N14090.THREE.2012.11.18.1200.27.FY2-E.030.hursat-b1.v06.nc,2012-11-18T12:00:00,0.0,0,Depression / Weak System,HURSAT-B1 IRWIN/rad10,1.0,0,validation
2012321N14090,2012-11-18T12:00:00,E:\Cyclone-x-prototype\datas\HURSAT_NI\2012\2012321N14090\2012321N14090.THREE.2012.11.18.1200.40.MET-7.030.hursat-b1.v06.nc,2012-11-18T12:00:00,0.0,0,Depression / Weak System,HURSAT-B1 IRWIN/rad10,1.0,0,validation
2012321N14090,2012-11-18T12:00:00,E:\Cyclone-x-prototype\datas\HURSAT_NI\2012\2012321N14090\2012321N14090.THREE.2012.11.18.1200.62.MTS-1.030.hursat-b1.v06.nc,2012-11-18T12:00:00,0.0,0,Depression / Weak System,HURSAT-B1 IRWIN/rad10,1.0,0,validation
2012321N14090,2012-11-18T15:00:00,E:\Cyclone-x-prototype\datas\HURSAT_NI\2012\2012321N14090\2012321N14090.THREE.2012.11.18.1500.27.FY2-E.030.hursat-b1.v06.nc,2012-11-18T12:00:00,3.0,0,Depression / Weak System,HURSAT-B1 IRWIN/rad10,1.0,0,validation
2012321N14090,2012-11-18T15:00:00,E:\Cyclone-x-prototype\datas\HURSAT_NI\2012\2012321N14090\2012321N14090.THREE.2012.11.18.1500.40.MET-7.030.hursat-b1.v06.nc,2012-11-18T12:00:00,3.0,0,Depression / Weak System,HURSAT-B1 IRWIN/rad10,1.0,0,validation
2012321N14090,2012-11-18T15:00:00,E:\Cyclone-x-prototype\datas\HURSAT_NI\2012\2012321N14090\2012321N14090.THREE.2012.11.18.1500.62.MTS-1.030.hursat-b1.v06.nc,2012-11-18T12:00:00,3.0,0,Depression / Weak System,HURSAT-B1 IRWIN/rad10,1.0,0,validation
2012321N14090,2012-11-18T18:00:00,E:\Cyclone-x-prototype\datas\HURSAT_NI\2012\2012321N14090\2012321N14090.THREE.2012.11.18.1800.27.FY2-E.030.hursat-b1.v06.nc,2012-11-18T18:00:00,0.0,0,Depression / Weak System,HURSAT-B1 IRWIN/rad10,1.0,0,validation
2012321N14090,2012-11-18T18:00:00,E:\Cyclone-x-prototype\datas\HURSAT_NI\2012\2012321N14090\2012321N14090.THREE.2012.11.18.1800.39.MET-7.030.hursat-b1.v06.nc,2012-11-18T18:00:00,0.0,0,Depression / Weak System,HURSAT-B1 IRWIN/rad10,1.0,0,validation
2012321N14090,2012-11-18T18:00:00,E:\Cyclone-x-prototype\datas\HURSAT_NI\2012\2012321N14090\2012321N14090.THREE.2012.11.18.1800.62.MTS-1.030.hursat-b1.v06.nc,2012-11-18T18:00:00,0.0,0,Depression / Weak System,HURSAT-B1 IRWIN/rad10,1.0,0,validation
2012321N14090,2012-11-18T21:00:00,E:\Cyclone-x-prototype\datas\HURSAT_NI\2012\2012321N14090\2012321N14090.THREE.2012.11.18.2100.27.FY2-E.028.hursat-b1.v06.nc,2012-11-18T18:00:00,3.0,0,Depression / Weak System,HURSAT-B1 IRWIN/rad10,1.0,0,validation
2012321N14090,2012-11-18T21:00:00,E:\Cyclone-x-prototype\datas\HURSAT_NI\2012\2012321N14090\2012321N14090.THREE.2012.11.18.2100.39.MET-7.028.hursat-b1.v06.nc,2012-11-18T18:00:00,3.0,0,Depression / Weak System,HURSAT-B1 IRWIN/rad10,1.0,0,validation
2012321N14090,2012-11-18T21:00:00,E:\Cyclone-x-prototype\datas\HURSAT_NI\2012\2012321N14090\2012321N14090.THREE.2012.11.18.2100.62.MTS-1.028.hursat-b1.v06.nc,2012-11-18T18:00:00,3.0,0,Depression / Weak System,HURSAT-B1 IRWIN/rad10,1.0,0,validation
2012321N14090,2012-11-19T00:00:00,E:\Cyclone-x-prototype\datas\HURSAT_NI\2012\2012321N14090\2012321N14090.THREE.2012.11.19.0000.27.FY2-E.026.hursat-b1.v06.nc,2012-11-19T00:00:00,0.0,0,Depression / Weak System,HURSAT-B1 IRWIN/rad10,1.0,0,validation
2012321N14090,2012-11-19T00:00:00,E:\Cyclone-x-prototype\datas\HURSAT_NI\2012\2012321N14090\2012321N14090.THREE.2012.11.19.0000.39.MET-7.026.hursat-b1.v06.nc,2012-11-19T00:00:00,0.0,0,Depression / Weak System,HURSAT-B1 IRWIN/rad10,1.0,0,validation
2012321N14090,2012-11-19T00:00:00,E:\Cyclone-x-prototype\datas\HURSAT_NI\2012\2012321N14090\2012321N14090.THREE.2012.11.19.0000.63.MTS-1.026.hursat-b1.v06.nc,2012-11-19T00:00:00,0.0,0,Depression / Weak System,HURSAT-B1 IRWIN/rad10,1.0,0,validation
2012321N14090,2012-11-19T03:00:00,E:\Cyclone-x-prototype\datas\HURSAT_NI\2012\2012321N14090\2012321N14090.THREE.2012.11.19.0300.27.FY2-E.026.hursat-b1.v06.nc,2012-11-19T03:00:00,0.0,0,Depression / Weak System,HURSAT-B1 IRWIN/rad10,1.0,0,validation
2012321N14090,2012-11-19T03:00:00,E:\Cyclone-x-prototype\datas\HURSAT_NI\2012\2012321N14090\2012321N14090.THREE.2012.11.19.0300.39.MET-7.026.hursat-b1.v06.nc,2012-11-19T03:00:00,0.0,0,Depression / Weak System,HURSAT-B1 IRWIN/rad10,1.0,0,validation
2012321N14090,2012-11-19T03:00:00,E:\Cyclone-x-prototype\datas\HURSAT_NI\2012\2012321N14090\2012321N14090.THREE.2012.11.19.0300.63.MTS-1.026.hursat-b1.v06.nc,2012-11-19T03:00:00,0.0,0,Depression / Weak System,HURSAT-B1 IRWIN/rad10,1.0,0,validation
2012321N14090,2012-11-19T06:00:00,E:\Cyclone-x-prototype\datas\HURSAT_NI\2012\2012321N14090\2012321N14090.THREE.2012.11.19.0600.27.FY2-E.026.hursat-b1.v06.nc,2012-11-19T06:00:00,0.0,0,Depression / Weak System,HURSAT-B1 IRWIN/rad10,1.0,0,validation
2012321N14090,2012-11-19T06:00:00,E:\Cyclone-x-prototype\datas\HURSAT_NI\2012\2012321N14090\2012321N14090.THREE.2012.11.19.0600.38.MET-7.026.hursat-b1.v06.nc,2012-11-19T06:00:00,0.0,0,Depression / Weak System,HURSAT-B1 IRWIN/rad10,1.0,0,validation
2012321N14090,2012-11-19T06:00:00,E:\Cyclone-x-prototype\datas\HURSAT_NI\2012\2012321N14090\2012321N14090.THREE.2012.11.19.0600.63.MTS-1.026.hursat-b1.v06.nc,2012-11-19T06:00:00,0.0,0,Depression / Weak System,HURSAT-B1 IRWIN/rad10,1.0,0,validation
2012321N14090,2012-11-19T09:00:00,E:\Cyclone-x-prototype\datas\HURSAT_NI\2012\2012321N14090\2012321N14090.THREE.2012.11.19.0900.28.FY2-E.023.hursat-b1.v06.nc,2012-11-19T06:00:00,3.0,0,Depression / Weak System,HURSAT-B1 IRWIN/rad10,1.0,0,validation
2012321N14090,2012-11-19T09:00:00,E:\Cyclone-x-prototype\datas\HURSAT_NI\2012\2012321N14090\2012321N14090.THREE.2012.11.19.0900.38.MET-7.023.hursat-b1.v06.nc,2012-11-19T06:00:00,3.0,0,Depression / Weak System,HURSAT-B1 IRWIN/rad10,1.0,0,validation
2012321N14090,2012-11-19T09:00:00,E:\Cyclone-x-prototype\datas\HURSAT_NI\2012\2012321N14090\2012321N14090.THREE.2012.11.19.0900.63.MTS-1.023.hursat-b1.v06.nc,2012-11-19T06:00:00,3.0,0,Depression / Weak System,HURSAT-B1 IRWIN/rad10,1.0,0,validation
2012321N14090,2012-11-19T12:00:00,E:\Cyclone-x-prototype\datas\HURSAT_NI\2012\2012321N14090\2012321N14090.THREE.2012.11.19.1200.28.FY2-E.021.hursat-b1.v06.nc,2012-11-19T12:00:00,0.0,0,Depression / Weak System,HURSAT-B1 IRWIN/rad10,1.0,0,validation
2012321N14090,2012-11-19T12:00:00,E:\Cyclone-x-prototype\datas\HURSAT_NI\2012\2012321N14090\2012321N14090.THREE.2012.11.19.1200.38.MET-7.021.hursat-b1.v06.nc,2012-11-19T12:00:00,0.0,0,Depression / Weak System,HURSAT-B1 IRWIN/rad10,1.0,0,validation
2012321N14090,2012-11-19T12:00:00,E:\Cyclone-x-prototype\datas\HURSAT_NI\2012\2012321N14090\2012321N14090.THREE.2012.11.19.1200.64.MTS-1.021.hursat-b1.v06.nc,2012-11-19T12:00:00,0.0,0,Depression / Weak System,HURSAT-B1 IRWIN/rad10,1.0,0,validation
2012321N14090,2012-11-19T15:00:00,E:\Cyclone-x-prototype\datas\HURSAT_NI\2012\2012321N14090\2012321N14090.THREE.2012.11.19.1500.28.FY2-E.022.hursat-b1.v06.nc,2012-11-19T12:00:00,3.0,0,Depression / Weak System,HURSAT-B1 IRWIN/rad10,1.0,0,validation
2012321N14090,2012-11-19T15:00:00,E:\Cyclone-x-prototype\datas\HURSAT_NI\2012\2012321N14090\2012321N14090.THREE.2012.11.19.1500.38.MET-7.022.hursat-b1.v06.nc,2012-11-19T12:00:00,3.0,0,Depression / Weak System,HURSAT-B1 IRWIN/rad10,1.0,0,validation
2012321N14090,2012-11-19T15:00:00,E:\Cyclone-x-prototype\datas\HURSAT_NI\2012\2012321N14090\2012321N14090.THREE.2012.11.19.1500.64.MTS-1.022.hursat-b1.v06.nc,2012-11-19T12:00:00,3.0,0,Depression / Weak System,HURSAT-B1 IRWIN/rad10,1.0,0,validation
2012357N09064,2012-12-22T06:00:00,E:\Cyclone-x-prototype\datas\HURSAT_NI\2012\2012357N09064\2012357N09064.FOUR.2012.12.22.0600.13.MET-7.024.hursat-b1.v06.nc,2012-12-22T06:00:00,0.0,0,Depression / Weak System,HURSAT-B1 IRWIN/rad10,1.0,0,train
2012357N09064,2012-12-22T06:00:00,E:\Cyclone-x-prototype\datas\HURSAT_NI\2012\2012357N09064\2012357N09064.FOUR.2012.12.22.0600.48.FY2-E.024.hursat-b1.v06.nc,2012-12-22T06:00:00,0.0,0,Depression / Weak System,HURSAT-B1 IRWIN/rad10,1.0,0,train
2012357N09064,2012-12-22T06:00:00,E:\Cyclone-x-prototype\datas\HURSAT_NI\2012\2012357N09064\2012357N09064.FOUR.2012.12.22.0600.73.MSG-2.024.hursat-b1.v06.nc,2012-12-22T06:00:00,0.0,0,Depression / Weak System,HURSAT-B1 IRWIN/rad10,1.0,0,train
2012357N09064,2012-12-22T09:00:00,E:\Cyclone-x-prototype\datas\HURSAT_NI\2012\2012357N09064\2012357N09064.FOUR.2012.12.22.0900.13.MET-7.024.hursat-b1.v06.nc,2012-12-22T09:00:00,0.0,0,Depression / Weak System,HURSAT-B1 IRWIN/rad10,1.0,0,train
2012357N09064,2012-12-22T09:00:00,E:\Cyclone-x-prototype\datas\HURSAT_NI\2012\2012357N09064\2012357N09064.FOUR.2012.12.22.0900.49.FY2-E.024.hursat-b1.v06.nc,2012-12-22T09:00:00,0.0,0,Depression / Weak System,HURSAT-B1 IRWIN/rad10,1.0,0,train
2012357N09064,2012-12-22T09:00:00,E:\Cyclone-x-prototype\datas\HURSAT_NI\2012\2012357N09064\2012357N09064.FOUR.2012.12.22.0900.72.MSG-2.024.hursat-b1.v06.nc,2012-12-22T09:00:00,0.0,0,Depression / Weak System,HURSAT-B1 IRWIN/rad10,1.0,0,train
2012357N09064,2012-12-22T12:00:00,E:\Cyclone-x-prototype\datas\HURSAT_NI\2012\2012357N09064\2012357N09064.FOUR.2012.12.22.1200.12.MET-7.024.hursat-b1.v06.nc,2012-12-22T12:00:00,0.0,0,Depression / Weak System,HURSAT-B1 IRWIN/rad10,1.0,0,train
2012357N09064,2012-12-22T12:00:00,E:\Cyclone-x-prototype\datas\HURSAT_NI\2012\2012357N09064\2012357N09064.FOUR.2012.12.22.1200.72.MSG-2.024.hursat-b1.v06.nc,2012-12-22T12:00:00,0.0,0,Depression / Weak System,HURSAT-B1 IRWIN/rad10,1.0,0,train
2012357N09064,2012-12-22T15:00:00,E:\Cyclone-x-prototype\datas\HURSAT_NI\2012\2012357N09064\2012357N09064.FOUR.2012.12.22.1500.12.MET-7.025.hursat-b1.v06.nc,2012-12-22T12:00:00,3.0,0,Depression / Weak System,HURSAT-B1 IRWIN/rad10,1.0,0,train
2012357N09064,2012-12-22T15:00:00,E:\Cyclone-x-prototype\datas\HURSAT_NI\2012\2012357N09064\2012357N09064.FOUR.2012.12.22.1500.50.FY2-E.025.hursat-b1.v06.nc,2012-12-22T12:00:00,3.0,0,Depression / Weak System,HURSAT-B1 IRWIN/rad10,1.0,0,train
2012357N09064,2012-12-22T15:00:00,E:\Cyclone-x-prototype\datas\HURSAT_NI\2012\2012357N09064\2012357N09064.FOUR.2012.12.22.1500.71.MSG-2.025.hursat-b1.v06.nc,2012-12-22T12:00:00,3.0,0,Depression / Weak System,HURSAT-B1 IRWIN/rad10,1.0,0,train
2012357N09064,2012-12-22T21:00:00,E:\Cyclone-x-prototype\datas\HURSAT_NI\2012\2012357N09064\2012357N09064.FOUR.2012.12.22.2100.11.MET-7.028.hursat-b1.v06.nc,2012-12-23T00:00:00,3.0,0,Depression / Weak System,HURSAT-B1 IRWIN/rad10,1.0,0,train
2012357N09064,2012-12-22T21:00:00,E:\Cyclone-x-prototype\datas\HURSAT_NI\2012\2012357N09064\2012357N09064.FOUR.2012.12.22.2100.51.FY2-E.028.hursat-b1.v06.nc,2012-12-23T00:00:00,3.0,0,Depression / Weak System,HURSAT-B1 IRWIN/rad10,1.0,0,train
2012357N09064,2012-12-22T21:00:00,E:\Cyclone-x-prototype\datas\HURSAT_NI\2012\2012357N09064\2012357N09064.FOUR.2012.12.22.2100.70.MSG-2.028.hursat-b1.v06.nc,2012-12-23T00:00:00,3.0,0,Depression / Weak System,HURSAT-B1 IRWIN/rad10,1.0,0,train
2012357N09064,2012-12-23T00:00:00,E:\Cyclone-x-prototype\datas\HURSAT_NI\2012\2012357N09064\2012357N09064.FOUR.2012.12.23.0000.11.MET-7.030.hursat-b1.v06.nc,2012-12-23T00:00:00,0.0,0,Depression / Weak System,HURSAT-B1 IRWIN/rad10,1.0,0,train
2012357N09064,2012-12-23T00:00:00,E:\Cyclone-x-prototype\datas\HURSAT_NI\2012\2012357N09064\2012357N09064.FOUR.2012.12.23.0000.52.FY2-E.030.hursat-b1.v06.nc,2012-12-23T00:00:00,0.0,0,Depression / Weak System,HURSAT-B1 IRWIN/rad10,1.0,0,train
2012357N09064,2012-12-23T00:00:00,E:\Cyclone-x-prototype\datas\HURSAT_NI\2012\2012357N09064\2012357N09064.FOUR.2012.12.23.0000.69.MSG-2.030.hursat-b1.v06.nc,2012-12-23T00:00:00,0.0,0,Depression / Weak System,HURSAT-B1 IRWIN/rad10,1.0,0,train
2012357N09064,2012-12-23T03:00:00,E:\Cyclone-x-prototype\datas\HURSAT_NI\2012\2012357N09064\2012357N09064.FOUR.2012.12.23.0300.11.MET-7.030.hursat-b1.v06.nc,2012-12-23T03:00:00,0.0,0,Depression / Weak System,HURSAT-B1 IRWIN/rad10,1.0,0,train
2012357N09064,2012-12-23T03:00:00,E:\Cyclone-x-prototype\datas\HURSAT_NI\2012\2012357N09064\2012357N09064.FOUR.2012.12.23.0300.53.FY2-E.030.hursat-b1.v06.nc,2012-12-23T03:00:00,0.0,0,Depression / Weak System,HURSAT-B1 IRWIN/rad10,1.0,0,train
2012357N09064,2012-12-23T03:00:00,E:\Cyclone-x-prototype\datas\HURSAT_NI\2012\2012357N09064\2012357N09064.FOUR.2012.12.23.0300.68.MSG-2.030.hursat-b1.v06.nc,2012-12-23T03:00:00,0.0,0,Depression / Weak System,HURSAT-B1 IRWIN/rad10,1.0,0,train
2012357N09064,2012-12-23T06:00:00,E:\Cyclone-x-prototype\datas\HURSAT_NI\2012\2012357N09064\2012357N09064.FOUR.2012.12.23.0600.10.MET-7.030.hursat-b1.v06.nc,2012-12-23T03:00:00,3.0,0,Depression / Weak System,HURSAT-B1 IRWIN/rad10,1.0,0,train
2012357N09064,2012-12-23T06:00:00,E:\Cyclone-x-prototype\datas\HURSAT_NI\2012\2012357N09064\2012357N09064.FOUR.2012.12.23.0600.53.FY2-E.030.hursat-b1.v06.nc,2012-12-23T03:00:00,3.0,0,Depression / Weak System,HURSAT-B1 IRWIN/rad10,1.0,0,train
2012357N09064,2012-12-23T06:00:00,E:\Cyclone-x-prototype\datas\HURSAT_NI\2012\2012357N09064\2012357N09064.FOUR.2012.12.23.0600.68.MSG-2.030.hursat-b1.v06.nc,2012-12-23T03:00:00,3.0,0,Depression / Weak System,HURSAT-B1 IRWIN/rad10,1.0,0,train
2012357N09064,2012-12-23T09:00:00,E:\Cyclone-x-prototype\datas\HURSAT_NI\2012\2012357N09064\2012357N09064.FOUR.2012.12.23.0900.10.MET-7.030.hursat-b1.v06.nc,2012-12-23T12:00:00,3.0,0,Depression / Weak System,HURSAT-B1 IRWIN/rad10,1.0,0,train
2012357N09064,2012-12-23T09:00:00,E:\Cyclone-x-prototype\datas\HURSAT_NI\2012\2012357N09064\2012357N09064.FOUR.2012.12.23.0900.54.FY2-E.030.hursat-b1.v06.nc,2012-12-23T12:00:00,3.0,0,Depression / Weak System,HURSAT-B1 IRWIN/rad10,1.0,0,train
2012357N09064,2012-12-23T09:00:00,E:\Cyclone-x-prototype\datas\HURSAT_NI\2012\2012357N09064\2012357N09064.FOUR.2012.12.23.0900.67.MSG-2.030.hursat-b1.v06.nc,2012-12-23T12:00:00,3.0,0,Depression / Weak System,HURSAT-B1 IRWIN/rad10,1.0,0,train
2012357N09064,2012-12-23T12:00:00,E:\Cyclone-x-prototype\datas\HURSAT_NI\2012\2012357N09064\2012357N09064.FOUR.2012.12.23.1200.10.MET-7.030.hursat-b1.v06.nc,2012-12-23T12:00:00,0.0,0,Depression / Weak System,HURSAT-B1 IRWIN/rad10,1.0,0,train
2012357N09064,2012-12-23T12:00:00,E:\Cyclone-x-prototype\datas\HURSAT_NI\2012\2012357N09064\2012357N09064.FOUR.2012.12.23.1200.66.MSG-2.030.hursat-b1.v06.nc,2012-12-23T12:00:00,0.0,0,Depression / Weak System,HURSAT-B1 IRWIN/rad10,1.0,0,train
2012357N09064,2012-12-23T15:00:00,E:\Cyclone-x-prototype\datas\HURSAT_NI\2012\2012357N09064\2012357N09064.FOUR.2012.12.23.1500.10.MET-7.030.hursat-b1.v06.nc,2012-12-23T12:00:00,3.0,0,Depression / Weak System,HURSAT-B1 IRWIN/rad10,1.0,0,train
2012357N09064,2012-12-23T15:00:00,E:\Cyclone-x-prototype\datas\HURSAT_NI\2012\2012357N09064\2012357N09064.FOUR.2012.12.23.1500.56.FY2-E.030.hursat-b1.v06.nc,2012-12-23T12:00:00,3.0,0,Depression / Weak System,HURSAT-B1 IRWIN/rad10,1.0,0,train
2012357N09064,2012-12-23T15:00:00,E:\Cyclone-x-prototype\datas\HURSAT_NI\2012\2012357N09064\2012357N09064.FOUR.2012.12.23.1500.65.MSG-2.030.hursat-b1.v06.nc,2012-12-23T12:00:00,3.0,0,Depression / Weak System,HURSAT-B1 IRWIN/rad10,1.0,0,train
2012357N09064,2012-12-24T00:00:00,E:\Cyclone-x-prototype\datas\HURSAT_NI\2012\2012357N09064\2012357N09064.FOUR.2012.12.24.0000.10.MET-7.030.hursat-b1.v06.nc,2012-12-24T03:00:00,3.0,0,Depression / Weak System,HURSAT-B1 IRWIN/rad10,1.0,0,train
2012357N09064,2012-12-24T00:00:00,E:\Cyclone-x-prototype\datas\HURSAT_NI\2012\2012357N09064\2012357N09064.FOUR.2012.12.24.0000.58.FY2-E.030.hursat-b1.v06.nc,2012-12-24T03:00:00,3.0,0,Depression / Weak System,HURSAT-B1 IRWIN/rad10,1.0,0,train
2012357N09064,2012-12-24T00:00:00,E:\Cyclone-x-prototype\datas\HURSAT_NI\2012\2012357N09064\2012357N09064.FOUR.2012.12.24.0000.63.MSG-2.030.hursat-b1.v06.nc,2012-12-24T03:00:00,3.0,0,Depression / Weak System,HURSAT-B1 IRWIN/rad10,1.0,0,train
2012357N09064,2012-12-24T03:00:00,E:\Cyclone-x-prototype\datas\HURSAT_NI\2012\2012357N09064\2012357N09064.FOUR.2012.12.24.0300.10.MET-7.030.hursat-b1.v06.nc,2012-12-24T03:00:00,0.0,0,Depression / Weak System,HURSAT-B1 IRWIN/rad10,1.0,0,train
2012357N09064,2012-12-24T03:00:00,E:\Cyclone-x-prototype\datas\HURSAT_NI\2012\2012357N09064\2012357N09064.FOUR.2012.12.24.0300.59.FY2-E.030.hursat-b1.v06.nc,2012-12-24T03:00:00,0.0,0,Depression / Weak System,HURSAT-B1 IRWIN/rad10,1.0,0,train
2012357N09064,2012-12-24T03:00:00,E:\Cyclone-x-prototype\datas\HURSAT_NI\2012\2012357N09064\2012357N09064.FOUR.2012.12.24.0300.62.MSG-2.030.hursat-b1.v06.nc,2012-12-24T03:00:00,0.0,0,Depression / Weak System,HURSAT-B1 IRWIN/rad10,1.0,0,train
2012357N09064,2012-12-24T06:00:00,E:\Cyclone-x-prototype\datas\HURSAT_NI\2012\2012357N09064\2012357N09064.FOUR.2012.12.24.0600.10.MET-7.030.hursat-b1.v06.nc,2012-12-24T03:00:00,3.0,0,Depression / Weak System,HURSAT-B1 IRWIN/rad10,1.0,0,train
2012357N09064,2012-12-24T06:00:00,E:\Cyclone-x-prototype\datas\HURSAT_NI\2012\2012357N09064\2012357N09064.FOUR.2012.12.24.0600.59.FY2-E.030.hursat-b1.v06.nc,2012-12-24T03:00:00,3.0,0,Depression / Weak System,HURSAT-B1 IRWIN/rad10,1.0,0,train
2012357N09064,2012-12-24T06:00:00,E:\Cyclone-x-prototype\datas\HURSAT_NI\2012\2012357N09064\2012357N09064.FOUR.2012.12.24.0600.62.MSG-2.030.hursat-b1.v06.nc,2012-12-24T03:00:00,3.0,0,Depression / Weak System,HURSAT-B1 IRWIN/rad10,1.0,0,train
2012357N09064,2012-12-24T09:00:00,E:\Cyclone-x-prototype\datas\HURSAT_NI\2012\2012357N09064\2012357N09064.FOUR.2012.12.24.0900.10.MET-7.028.hursat-b1.v06.nc,2012-12-24T12:00:00,3.0,0,Depression / Weak System,HURSAT-B1 IRWIN/rad10,1.0,0,train
2012357N09064,2012-12-24T09:00:00,E:\Cyclone-x-prototype\datas\HURSAT_NI\2012\2012357N09064\2012357N09064.FOUR.2012.12.24.0900.60.FY2-E.028.hursat-b1.v06.nc,2012-12-24T12:00:00,3.0,0,Depression / Weak System,HURSAT-B1 IRWIN/rad10,1.0,0,train
2012357N09064,2012-12-24T09:00:00,E:\Cyclone-x-prototype\datas\HURSAT_NI\2012\2012357N09064\2012357N09064.FOUR.2012.12.24.0900.61.MSG-2.028.hursat-b1.v06.nc,2012-12-24T12:00:00,3.0,0,Depression / Weak System,HURSAT-B1 IRWIN/rad10,1.0,0,train
2012357N09064,2012-12-24T12:00:00,E:\Cyclone-x-prototype\datas\HURSAT_NI\2012\2012357N09064\2012357N09064.FOUR.2012.12.24.1200.10.MET-7.026.hursat-b1.v06.nc,2012-12-24T12:00:00,0.0,0,Depression / Weak System,HURSAT-B1 IRWIN/rad10,1.0,0,train
2012357N09064,2012-12-24T12:00:00,E:\Cyclone-x-prototype\datas\HURSAT_NI\2012\2012357N09064\2012357N09064.FOUR.2012.12.24.1200.60.MSG-2.026.hursat-b1.v06.nc,2012-12-24T12:00:00,0.0,0,Depression / Weak System,HURSAT-B1 IRWIN/rad10,1.0,0,train
2012357N09064,2012-12-24T15:00:00,E:\Cyclone-x-prototype\datas\HURSAT_NI\2012\2012357N09064\2012357N09064.FOUR.2012.12.24.1500.11.MET-7.024.hursat-b1.v06.nc,2012-12-24T12:00:00,3.0,0,Depression / Weak System,HURSAT-B1 IRWIN/rad10,1.0,0,train
2012357N09064,2012-12-24T15:00:00,E:\Cyclone-x-prototype\datas\HURSAT_NI\2012\2012357N09064\2012357N09064.FOUR.2012.12.24.1500.59.MSG-2.024.hursat-b1.v06.nc,2012-12-24T12:00:00,3.0,0,Depression / Weak System,HURSAT-B1 IRWIN/rad10,1.0,0,train
2012357N09064,2012-12-24T15:00:00,E:\Cyclone-x-prototype\datas\HURSAT_NI\2012\2012357N09064\2012357N09064.FOUR.2012.12.24.1500.61.FY2-E.024.hursat-b1.v06.nc,2012-12-24T12:00:00,3.0,0,Depression / Weak System,HURSAT-B1 IRWIN/rad10,1.0,0,train
2013130N04093,2013-05-10T06:00:00,E:\Cyclone-x-prototype\datas\HURSAT_NI\2013\2013130N04093\2013130N04093.MAHASEN.2013.05.10.0600.15.FY2-E.031.hursat-b1.v06.nc,2013-05-10T09:00:00,3.0,0,Depression / Weak System,HURSAT-B1 IRWIN/rad10,1.0,0,train
2013130N04093,2013-05-10T06:00:00,E:\Cyclone-x-prototype\datas\HURSAT_NI\2013\2013130N04093\2013130N04093.MAHASEN.2013.05.10.0600.42.MET-7.031.hursat-b1.v06.nc,2013-05-10T09:00:00,3.0,0,Depression / Weak System,HURSAT-B1 IRWIN/rad10,1.0,0,train
2013130N04093,2013-05-10T06:00:00,E:\Cyclone-x-prototype\datas\HURSAT_NI\2013\2013130N04093\2013130N04093.MAHASEN.2013.05.10.0600.60.MTS-2.031.hursat-b1.v06.nc,2013-05-10T09:00:00,3.0,0,Depression / Weak System,HURSAT-B1 IRWIN/rad10,1.0,0,train
2013130N04093,2013-05-10T09:00:00,E:\Cyclone-x-prototype\datas\HURSAT_NI\2013\2013130N04093\2013130N04093.MAHASEN.2013.05.10.0900.15.FY2-E.031.hursat-b1.v06.nc,2013-05-10T09:00:00,0.0,0,Depression / Weak System,HURSAT-B1 IRWIN/rad10,1.0,0,train
2013130N04093,2013-05-10T09:00:00,E:\Cyclone-x-prototype\datas\HURSAT_NI\2013\2013130N04093\2013130N04093.MAHASEN.2013.05.10.0900.42.MET-7.031.hursat-b1.v06.nc,2013-05-10T09:00:00,0.0,0,Depression / Weak System,HURSAT-B1 IRWIN/rad10,1.0,0,train
2013130N04093,2013-05-10T09:00:00,E:\Cyclone-x-prototype\datas\HURSAT_NI\2013\2013130N04093\2013130N04093.MAHASEN.2013.05.10.0900.60.MTS-2.031.hursat-b1.v06.nc,2013-05-10T09:00:00,0.0,0,Depression / Weak System,HURSAT-B1 IRWIN/rad10,1.0,0,train
2013130N04093,2013-05-10T12:00:00,E:\Cyclone-x-prototype\datas\HURSAT_NI\2013\2013130N04093\2013130N04093.MAHASEN.2013.05.10.1200.16.FY2-E.030.hursat-b1.v06.nc,2013-05-10T12:00:00,0.0,0,Depression / Weak System,HURSAT-B1 IRWIN/rad10,1.0,0,train
2013130N04093,2013-05-10T12:00:00,E:\Cyclone-x-prototype\datas\HURSAT_NI\2013\2013130N04093\2013130N04093.MAHASEN.2013.05.10.1200.42.MET-7.030.hursat-b1.v06.nc,2013-05-10T12:00:00,0.0,0,Depression / Weak System,HURSAT-B1 IRWIN/rad10,1.0,0,train
2013130N04093,2013-05-10T12:00:00,E:\Cyclone-x-prototype\datas\HURSAT_NI\2013\2013130N04093\2013130N04093.MAHASEN.2013.05.10.1200.61.MTS-2.030.hursat-b1.v06.nc,2013-05-10T12:00:00,0.0,0,Depression / Weak System,HURSAT-B1 IRWIN/rad10,1.0,0,train
2013130N04093,2013-05-10T15:00:00,E:\Cyclone-x-prototype\datas\HURSAT_NI\2013\2013130N04093\2013130N04093.MAHASEN.2013.05.10.1500.41.MET-7.030.hursat-b1.v06.nc,2013-05-10T12:00:00,3.0,0,Depression / Weak System,HURSAT-B1 IRWIN/rad10,1.0,0,train
2013130N04093,2013-05-10T15:00:00,E:\Cyclone-x-prototype\datas\HURSAT_NI\2013\2013130N04093\2013130N04093.MAHASEN.2013.05.10.1500.61.MTS-2.030.hursat-b1.v06.nc,2013-05-10T12:00:00,3.0,0,Depression / Weak System,HURSAT-B1 IRWIN/rad10,1.0,0,train
2013130N04093,2013-05-10T18:00:00,E:\Cyclone-x-prototype\datas\HURSAT_NI\2013\2013130N04093\2013130N04093.MAHASEN.2013.05.10.1800.41.MET-7.030.hursat-b1.v06.nc,2013-05-10T18:00:00,0.0,0,Depression / Weak System,HURSAT-B1 IRWIN/rad10,1.0,0,train
2013130N04093,2013-05-10T18:00:00,E:\Cyclone-x-prototype\datas\HURSAT_NI\2013\2013130N04093\2013130N04093.MAHASEN.2013.05.10.1800.61.MTS-2.030.hursat-b1.v06.nc,2013-05-10T18:00:00,0.0,0,Depression / Weak System,HURSAT-B1 IRWIN/rad10,1.0,0,train
2013130N04093,2013-05-10T21:00:00,E:\Cyclone-x-prototype\datas\HURSAT_NI\2013\2013130N04093\2013130N04093.MAHASEN.2013.05.10.2100.17.FY2-E.032.hursat-b1.v06.nc,2013-05-10T18:00:00,3.0,0,Depression / Weak System,HURSAT-B1 IRWIN/rad10,1.0,0,train
2013130N04093,2013-05-10T21:00:00,E:\Cyclone-x-prototype\datas\HURSAT_NI\2013\2013130N04093\2013130N04093.MAHASEN.2013.05.10.2100.41.MET-7.032.hursat-b1.v06.nc,2013-05-10T18:00:00,3.0,0,Depression / Weak System,HURSAT-B1 IRWIN/rad10,1.0,0,train
2013130N04093,2013-05-10T21:00:00,E:\Cyclone-x-prototype\datas\HURSAT_NI\2013\2013130N04093\2013130N04093.MAHASEN.2013.05.10.2100.62.MTS-2.032.hursat-b1.v06.nc,2013-05-10T18:00:00,3.0,0,Depression / Weak System,HURSAT-B1 IRWIN/rad10,1.0,0,train
2013130N04093,2013-05-11T00:00:00,E:\Cyclone-x-prototype\datas\HURSAT_NI\2013\2013130N04093\2013130N04093.MAHASEN.2013.05.11.0000.40.MET-7.033.hursat-b1.v06.nc,2013-05-11T00:00:00,0.0,0,Depression / Weak System,HURSAT-B1 IRWIN/rad10,1.0,0,train
2013130N04093,2013-05-11T00:00:00,E:\Cyclone-x-prototype\datas\HURSAT_NI\2013\2013130N04093\2013130N04093.MAHASEN.2013.05.11.0000.62.MTS-2.033.hursat-b1.v06.nc,2013-05-11T00:00:00,0.0,0,Depression / Weak System,HURSAT-B1 IRWIN/rad10,1.0,0,train
2013130N04093,2013-05-11T03:00:00,E:\Cyclone-x-prototype\datas\HURSAT_NI\2013\2013130N04093\2013130N04093.MAHASEN.2013.05.11.0300.40.MET-7.035.hursat-b1.v06.nc,2013-05-11T03:00:00,0.0,1,Cyclonic Storm,HURSAT-B1 IRWIN/rad10,1.0,0,train
2013130N04093,2013-05-11T03:00:00,E:\Cyclone-x-prototype\datas\HURSAT_NI\2013\2013130N04093\2013130N04093.MAHASEN.2013.05.11.0300.63.MTS-2.035.hursat-b1.v06.nc,2013-05-11T03:00:00,0.0,1,Cyclonic Storm,HURSAT-B1 IRWIN/rad10,1.0,0,train
2013130N04093,2013-05-11T06:00:00,E:\Cyclone-x-prototype\datas\HURSAT_NI\2013\2013130N04093\2013130N04093.MAHASEN.2013.05.11.0600.19.FY2-E.037.hursat-b1.v06.nc,2013-05-11T06:00:00,0.0,1,Cyclonic Storm,HURSAT-B1 IRWIN/rad10,1.0,0,train
2013130N04093,2013-05-11T06:00:00,E:\Cyclone-x-prototype\datas\HURSAT_NI\2013\2013130N04093\2013130N04093.MAHASEN.2013.05.11.0600.40.MET-7.037.hursat-b1.v06.nc,2013-05-11T06:00:00,0.0,1,Cyclonic Storm,HURSAT-B1 IRWIN/rad10,1.0,0,train
2013130N04093,2013-05-11T06:00:00,E:\Cyclone-x-prototype\datas\HURSAT_NI\2013\2013130N04093\2013130N04093.MAHASEN.2013.05.11.0600.63.MTS-2.037.hursat-b1.v06.nc,2013-05-11T06:00:00,0.0,1,Cyclonic Storm,HURSAT-B1 IRWIN/rad10,1.0,0,train
2013130N04093,2013-05-11T09:00:00,E:\Cyclone-x-prototype\datas\HURSAT_NI\2013\2013130N04093\2013130N04093.MAHASEN.2013.05.11.0900.20.FY2-E.039.hursat-b1.v06.nc,2013-05-11T09:00:00,0.0,1,Cyclonic Storm,HURSAT-B1 IRWIN/rad10,1.0,0,train
2013130N04093,2013-05-11T09:00:00,E:\Cyclone-x-prototype\datas\HURSAT_NI\2013\2013130N04093\2013130N04093.MAHASEN.2013.05.11.0900.39.MET-7.039.hursat-b1.v06.nc,2013-05-11T09:00:00,0.0,1,Cyclonic Storm,HURSAT-B1 IRWIN/rad10,1.0,0,train
2013130N04093,2013-05-11T09:00:00,E:\Cyclone-x-prototype\datas\HURSAT_NI\2013\2013130N04093\2013130N04093.MAHASEN.2013.05.11.0900.64.MTS-2.039.hursat-b1.v06.nc,2013-05-11T09:00:00,0.0,1,Cyclonic Storm,HURSAT-B1 IRWIN/rad10,1.0,0,train
2013130N04093,2013-05-11T12:00:00,E:\Cyclone-x-prototype\datas\HURSAT_NI\2013\2013130N04093\2013130N04093.MAHASEN.2013.05.11.1200.20.FY2-E.040.hursat-b1.v06.nc,2013-05-11T12:00:00,0.0,1,Cyclonic Storm,HURSAT-B1 IRWIN/rad10,1.0,0,train
2013130N04093,2013-05-11T12:00:00,E:\Cyclone-x-prototype\datas\HURSAT_NI\2013\2013130N04093\2013130N04093.MAHASEN.2013.05.11.1200.39.MET-7.040.hursat-b1.v06.nc,2013-05-11T12:00:00,0.0,1,Cyclonic Storm,HURSAT-B1 IRWIN/rad10,1.0,0,train
2013130N04093,2013-05-11T12:00:00,E:\Cyclone-x-prototype\datas\HURSAT_NI\2013\2013130N04093\2013130N04093.MAHASEN.2013.05.11.1200.64.MTS-2.040.hursat-b1.v06.nc,2013-05-11T12:00:00,0.0,1,Cyclonic Storm,HURSAT-B1 IRWIN/rad10,1.0,0,train
2013130N04093,2013-05-11T15:00:00,E:\Cyclone-x-prototype\datas\HURSAT_NI\2013\2013130N04093\2013130N04093.MAHASEN.2013.05.11.1500.38.MET-7.040.hursat-b1.v06.nc,2013-05-11T15:00:00,0.0,1,Cyclonic Storm,HURSAT-B1 IRWIN/rad10,1.0,0,train
2013130N04093,2013-05-11T15:00:00,E:\Cyclone-x-prototype\datas\HURSAT_NI\2013\2013130N04093\2013130N04093.MAHASEN.2013.05.11.1500.65.MTS-2.040.hursat-b1.v06.nc,2013-05-11T15:00:00,0.0,1,Cyclonic Storm,HURSAT-B1 IRWIN/rad10,1.0,0,train
2013130N04093,2013-05-11T18:00:00,E:\Cyclone-x-prototype\datas\HURSAT_NI\2013\2013130N04093\2013130N04093.MAHASEN.2013.05.11.1800.38.MET-7.040.hursat-b1.v06.nc,2013-05-11T18:00:00,0.0,1,Cyclonic Storm,HURSAT-B1 IRWIN/rad10,1.0,0,train
2013130N04093,2013-05-11T18:00:00,E:\Cyclone-x-prototype\datas\HURSAT_NI\2013\2013130N04093\2013130N04093.MAHASEN.2013.05.11.1800.65.MTS-2.040.hursat-b1.v06.nc,2013-05-11T18:00:00,0.0,1,Cyclonic Storm,HURSAT-B1 IRWIN/rad10,1.0,0,train
2013130N04093,2013-05-11T21:00:00,E:\Cyclone-x-prototype\datas\HURSAT_NI\2013\2013130N04093\2013130N04093.MAHASEN.2013.05.11.2100.22.FY2-E.040.hursat-b1.v06.nc,2013-05-11T21:00:00,0.0,1,Cyclonic Storm,HURSAT-B1 IRWIN/rad10,1.0,0,train
2013130N04093,2013-05-11T21:00:00,E:\Cyclone-x-prototype\datas\HURSAT_NI\2013\2013130N04093\2013130N04093.MAHASEN.2013.05.11.2100.38.MET-7.040.hursat-b1.v06.nc,2013-05-11T21:00:00,0.0,1,Cyclonic Storm,HURSAT-B1 IRWIN/rad10,1.0,0,train
2013130N04093,2013-05-11T21:00:00,E:\Cyclone-x-prototype\datas\HURSAT_NI\2013\2013130N04093\2013130N04093.MAHASEN.2013.05.11.2100.66.MTS-2.040.hursat-b1.v06.nc,2013-05-11T21:00:00,0.0,1,Cyclonic Storm,HURSAT-B1 IRWIN/rad10,1.0,0,train
2013130N04093,2013-05-12T00:00:00,E:\Cyclone-x-prototype\datas\HURSAT_NI\2013\2013130N04093\2013130N04093.MAHASEN.2013.05.12.0000.38.MET-7.040.hursat-b1.v06.nc,2013-05-12T00:00:00,0.0,1,Cyclonic Storm,HURSAT-B1 IRWIN/rad10,1.0,0,train
2013130N04093,2013-05-12T00:00:00,E:\Cyclone-x-prototype\datas\HURSAT_NI\2013\2013130N04093\2013130N04093.MAHASEN.2013.05.12.0000.66.MTS-2.040.hursat-b1.v06.nc,2013-05-12T00:00:00,0.0,1,Cyclonic Storm,HURSAT-B1 IRWIN/rad10,1.0,0,train
2013130N04093,2013-05-12T03:00:00,E:\Cyclone-x-prototype\datas\HURSAT_NI\2013\2013130N04093\2013130N04093.MAHASEN.2013.05.12.0300.37.MET-7.040.hursat-b1.v06.nc,2013-05-12T03:00:00,0.0,1,Cyclonic Storm,HURSAT-B1 IRWIN/rad10,1.0,0,train
2013130N04093,2013-05-12T03:00:00,E:\Cyclone-x-prototype\datas\HURSAT_NI\2013\2013130N04093\2013130N04093.MAHASEN.2013.05.12.0300.66.MTS-2.040.hursat-b1.v06.nc,2013-05-12T03:00:00,0.0,1,Cyclonic Storm,HURSAT-B1 IRWIN/rad10,1.0,0,train
2013130N04093,2013-05-12T06:00:00,E:\Cyclone-x-prototype\datas\HURSAT_NI\2013\2013130N04093\2013130N04093.MAHASEN.2013.05.12.0600.23.FY2-E.040.hursat-b1.v06.nc,2013-05-12T06:00:00,0.0,1,Cyclonic Storm,HURSAT-B1 IRWIN/rad10,1.0,0,train
2013130N04093,2013-05-12T06:00:00,E:\Cyclone-x-prototype\datas\HURSAT_NI\2013\2013130N04093\2013130N04093.MAHASEN.2013.05.12.0600.37.MET-7.040.hursat-b1.v06.nc,2013-05-12T06:00:00,0.0,1,Cyclonic Storm,HURSAT-B1 IRWIN/rad10,1.0,0,train
2013130N04093,2013-05-12T06:00:00,E:\Cyclone-x-prototype\datas\HURSAT_NI\2013\2013130N04093\2013130N04093.MAHASEN.2013.05.12.0600.66.MTS-2.040.hursat-b1.v06.nc,2013-05-12T06:00:00,0.0,1,Cyclonic Storm,HURSAT-B1 IRWIN/rad10,1.0,0,train
2013130N04093,2013-05-12T09:00:00,E:\Cyclone-x-prototype\datas\HURSAT_NI\2013\2013130N04093\2013130N04093.MAHASEN.2013.05.12.0900.23.FY2-E.040.hursat-b1.v06.nc,2013-05-12T09:00:00,0.0,1,Cyclonic Storm,HURSAT-B1 IRWIN/rad10,1.0,0,train
2013130N04093,2013-05-12T09:00:00,E:\Cyclone-x-prototype\datas\HURSAT_NI\2013\2013130N04093\2013130N04093.MAHASEN.2013.05.12.0900.37.MET-7.040.hursat-b1.v06.nc,2013-05-12T09:00:00,0.0,1,Cyclonic Storm,HURSAT-B1 IRWIN/rad10,1.0,0,train
2013130N04093,2013-05-12T09:00:00,E:\Cyclone-x-prototype\datas\HURSAT_NI\2013\2013130N04093\2013130N04093.MAHASEN.2013.05.12.0900.67.MTS-2.040.hursat-b1.v06.nc,2013-05-12T09:00:00,0.0,1,Cyclonic Storm,HURSAT-B1 IRWIN/rad10,1.0,0,train
2013130N04093,2013-05-12T12:00:00,E:\Cyclone-x-prototype\datas\HURSAT_NI\2013\2013130N04093\2013130N04093.MAHASEN.2013.05.12.1200.24.FY2-E.040.hursat-b1.v06.nc,2013-05-12T12:00:00,0.0,1,Cyclonic Storm,HURSAT-B1 IRWIN/rad10,1.0,0,train
2013130N04093,2013-05-12T12:00:00,E:\Cyclone-x-prototype\datas\HURSAT_NI\2013\2013130N04093\2013130N04093.MAHASEN.2013.05.12.1200.37.MET-7.040.hursat-b1.v06.nc,2013-05-12T12:00:00,0.0,1,Cyclonic Storm,HURSAT-B1 IRWIN/rad10,1.0,0,train
2013130N04093,2013-05-12T12:00:00,E:\Cyclone-x-prototype\datas\HURSAT_NI\2013\2013130N04093\2013130N04093.MAHASEN.2013.05.12.1200.67.MTS-2.040.hursat-b1.v06.nc,2013-05-12T12:00:00,0.0,1,Cyclonic Storm,HURSAT-B1 IRWIN/rad10,1.0,0,train
2013130N04093,2013-05-12T15:00:00,E:\Cyclone-x-prototype\datas\HURSAT_NI\2013\2013130N04093\2013130N04093.MAHASEN.2013.05.12.1500.37.MET-7.040.hursat-b1.v06.nc,2013-05-12T15:00:00,0.0,1,Cyclonic Storm,HURSAT-B1 IRWIN/rad10,1.0,0,train
2013130N04093,2013-05-12T15:00:00,E:\Cyclone-x-prototype\datas\HURSAT_NI\2013\2013130N04093\2013130N04093.MAHASEN.2013.05.12.1500.67.MTS-2.040.hursat-b1.v06.nc,2013-05-12T15:00:00,0.0,1,Cyclonic Storm,HURSAT-B1 IRWIN/rad10,1.0,0,train
2013130N04093,2013-05-12T18:00:00,E:\Cyclone-x-prototype\datas\HURSAT_NI\2013\2013130N04093\2013130N04093.MAHASEN.2013.05.12.1800.37.MET-7.040.hursat-b1.v06.nc,2013-05-12T18:00:00,0.0,1,Cyclonic Storm,HURSAT-B1 IRWIN/rad10,1.0,0,train
2013130N04093,2013-05-12T18:00:00,E:\Cyclone-x-prototype\datas\HURSAT_NI\2013\2013130N04093\2013130N04093.MAHASEN.2013.05.12.1800.67.MTS-2.040.hursat-b1.v06.nc,2013-05-12T18:00:00,0.0,1,Cyclonic Storm,HURSAT-B1 IRWIN/rad10,1.0,0,train
2013130N04093,2013-05-12T21:00:00,E:\Cyclone-x-prototype\datas\HURSAT_NI\2013\2013130N04093\2013130N04093.MAHASEN.2013.05.12.2100.25.FY2-E.040.hursat-b1.v06.nc,2013-05-12T21:00:00,0.0,1,Cyclonic Storm,HURSAT-B1 IRWIN/rad10,1.0,0,train
2013130N04093,2013-05-12T21:00:00,E:\Cyclone-x-prototype\datas\HURSAT_NI\2013\2013130N04093\2013130N04093.MAHASEN.2013.05.12.2100.37.MET-7.040.hursat-b1.v06.nc,2013-05-12T21:00:00,0.0,1,Cyclonic Storm,HURSAT-B1 IRWIN/rad10,1.0,0,train
2013130N04093,2013-05-12T21:00:00,E:\Cyclone-x-prototype\datas\HURSAT_NI\2013\2013130N04093\2013130N04093.MAHASEN.2013.05.12.2100.68.MTS-2.040.hursat-b1.v06.nc,2013-05-12T21:00:00,0.0,1,Cyclonic Storm,HURSAT-B1 IRWIN/rad10,1.0,0,train
2013130N04093,2013-05-13T00:00:00,E:\Cyclone-x-prototype\datas\HURSAT_NI\2013\2013130N04093\2013130N04093.MAHASEN.2013.05.13.0000.37.MET-7.040.hursat-b1.v06.nc,2013-05-13T00:00:00,0.0,1,Cyclonic Storm,HURSAT-B1 IRWIN/rad10,1.0,0,train
2013130N04093,2013-05-13T00:00:00,E:\Cyclone-x-prototype\datas\HURSAT_NI\2013\2013130N04093\2013130N04093.MAHASEN.2013.05.13.0000.68.MTS-2.040.hursat-b1.v06.nc,2013-05-13T00:00:00,0.0,1,Cyclonic Storm,HURSAT-B1 IRWIN/rad10,1.0,0,train
2013130N04093,2013-05-13T03:00:00,E:\Cyclone-x-prototype\datas\HURSAT_NI\2013\2013130N04093\2013130N04093.MAHASEN.2013.05.13.0300.37.MET-7.040.hursat-b1.v06.nc,2013-05-13T03:00:00,0.0,1,Cyclonic Storm,HURSAT-B1 IRWIN/rad10,1.0,0,train
2013130N04093,2013-05-13T03:00:00,E:\Cyclone-x-prototype\datas\HURSAT_NI\2013\2013130N04093\2013130N04093.MAHASEN.2013.05.13.0300.68.MTS-2.040.hursat-b1.v06.nc,2013-05-13T03:00:00,0.0,1,Cyclonic Storm,HURSAT-B1 IRWIN/rad10,1.0,0,train
2013130N04093,2013-05-13T06:00:00,E:\Cyclone-x-prototype\datas\HURSAT_NI\2013\2013130N04093\2013130N04093.MAHASEN.2013.05.13.0600.25.FY2-E.040.hursat-b1.v06.nc,2013-05-13T06:00:00,0.0,1,Cyclonic Storm,HURSAT-B1 IRWIN/rad10,1.0,0,train
2013130N04093,2013-05-13T06:00:00,E:\Cyclone-x-prototype\datas\HURSAT_NI\2013\2013130N04093\2013130N04093.MAHASEN.2013.05.13.0600.37.MET-7.040.hursat-b1.v06.nc,2013-05-13T06:00:00,0.0,1,Cyclonic Storm,HURSAT-B1 IRWIN/rad10,1.0,0,train
2013130N04093,2013-05-13T06:00:00,E:\Cyclone-x-prototype\datas\HURSAT_NI\2013\2013130N04093\2013130N04093.MAHASEN.2013.05.13.0600.68.MTS-2.040.hursat-b1.v06.nc,2013-05-13T06:00:00,0.0,1,Cyclonic Storm,HURSAT-B1 IRWIN/rad10,1.0,0,train
2013130N04093,2013-05-13T09:00:00,E:\Cyclone-x-prototype\datas\HURSAT_NI\2013\2013130N04093\2013130N04093.MAHASEN.2013.05.13.0900.26.FY2-E.040.hursat-b1.v06.nc,2013-05-13T09:00:00,0.0,1,Cyclonic Storm,HURSAT-B1 IRWIN/rad10,1.0,0,train
2013130N04093,2013-05-13T09:00:00,E:\Cyclone-x-prototype\datas\HURSAT_NI\2013\2013130N04093\2013130N04093.MAHASEN.2013.05.13.0900.37.MET-7.040.hursat-b1.v06.nc,2013-05-13T09:00:00,0.0,1,Cyclonic Storm,HURSAT-B1 IRWIN/rad10,1.0,0,train
2013130N04093,2013-05-13T09:00:00,E:\Cyclone-x-prototype\datas\HURSAT_NI\2013\2013130N04093\2013130N04093.MAHASEN.2013.05.13.0900.68.MTS-2.040.hursat-b1.v06.nc,2013-05-13T09:00:00,0.0,1,Cyclonic Storm,HURSAT-B1 IRWIN/rad10,1.0,0,train
2013130N04093,2013-05-13T12:00:00,E:\Cyclone-x-prototype\datas\HURSAT_NI\2013\2013130N04093\2013130N04093.MAHASEN.2013.05.13.1200.26.FY2-E.040.hursat-b1.v06.nc,2013-05-13T12:00:00,0.0,1,Cyclonic Storm,HURSAT-B1 IRWIN/rad10,1.0,0,train
2013130N04093,2013-05-13T12:00:00,E:\Cyclone-x-prototype\datas\HURSAT_NI\2013\2013130N04093\2013130N04093.MAHASEN.2013.05.13.1200.36.MET-7.040.hursat-b1.v06.nc,2013-05-13T12:00:00,0.0,1,Cyclonic Storm,HURSAT-B1 IRWIN/rad10,1.0,0,train
2013130N04093,2013-05-13T12:00:00,E:\Cyclone-x-prototype\datas\HURSAT_NI\2013\2013130N04093\2013130N04093.MAHASEN.2013.05.13.1200.68.MTS-2.040.hursat-b1.v06.nc,2013-05-13T12:00:00,0.0,1,Cyclonic Storm,HURSAT-B1 IRWIN/rad10,1.0,0,train
2013130N04093,2013-05-13T15:00:00,E:\Cyclone-x-prototype\datas\HURSAT_NI\2013\2013130N04093\2013130N04093.MAHASEN.2013.05.13.1500.36.MET-7.040.hursat-b1.v06.nc,2013-05-13T15:00:00,0.0,1,Cyclonic Storm,HURSAT-B1 IRWIN/rad10,1.0,0,train
2013130N04093,2013-05-13T15:00:00,E:\Cyclone-x-prototype\datas\HURSAT_NI\2013\2013130N04093\2013130N04093.MAHASEN.2013.05.13.1500.69.MTS-2.040.hursat-b1.v06.nc,2013-05-13T15:00:00,0.0,1,Cyclonic Storm,HURSAT-B1 IRWIN/rad10,1.0,0,train
2013130N04093,2013-05-13T18:00:00,E:\Cyclone-x-prototype\datas\HURSAT_NI\2013\2013130N04093\2013130N04093.MAHASEN.2013.05.13.1800.36.MET-7.040.hursat-b1.v06.nc,2013-05-13T18:00:00,0.0,1,Cyclonic Storm,HURSAT-B1 IRWIN/rad10,1.0,0,train
2013130N04093,2013-05-13T18:00:00,E:\Cyclone-x-prototype\datas\HURSAT_NI\2013\2013130N04093\2013130N04093.MAHASEN.2013.05.13.1800.69.MTS-2.040.hursat-b1.v06.nc,2013-05-13T18:00:00,0.0,1,Cyclonic Storm,HURSAT-B1 IRWIN/rad10,1.0,0,train
2013130N04093,2013-05-13T21:00:00,E:\Cyclone-x-prototype\datas\HURSAT_NI\2013\2013130N04093\2013130N04093.MAHASEN.2013.05.13.2100.27.FY2-E.040.hursat-b1.v06.nc,2013-05-13T21:00:00,0.0,1,Cyclonic Storm,HURSAT-B1 IRWIN/rad10,1.0,0,train
2013130N04093,2013-05-13T21:00:00,E:\Cyclone-x-prototype\datas\HURSAT_NI\2013\2013130N04093\2013130N04093.MAHASEN.2013.05.13.2100.36.MET-7.040.hursat-b1.v06.nc,2013-05-13T21:00:00,0.0,1,Cyclonic Storm,HURSAT-B1 IRWIN/rad10,1.0,0,train
2013130N04093,2013-05-13T21:00:00,E:\Cyclone-x-prototype\datas\HURSAT_NI\2013\2013130N04093\2013130N04093.MAHASEN.2013.05.13.2100.69.MTS-2.040.hursat-b1.v06.nc,2013-05-13T21:00:00,0.0,1,Cyclonic Storm,HURSAT-B1 IRWIN/rad10,1.0,0,train
2013130N04093,2013-05-14T00:00:00,E:\Cyclone-x-prototype\datas\HURSAT_NI\2013\2013130N04093\2013130N04093.MAHASEN.2013.05.14.0000.37.MET-7.040.hursat-b1.v06.nc,2013-05-14T00:00:00,0.0,1,Cyclonic Storm,HURSAT-B1 IRWIN/rad10,1.0,0,train
2013130N04093,2013-05-14T00:00:00,E:\Cyclone-x-prototype\datas\HURSAT_NI\2013\2013130N04093\2013130N04093.MAHASEN.2013.05.14.0000.69.MTS-2.040.hursat-b1.v06.nc,2013-05-14T00:00:00,0.0,1,Cyclonic Storm,HURSAT-B1 IRWIN/rad10,1.0,0,train
2013130N04093,2013-05-14T03:00:00,E:\Cyclone-x-prototype\datas\HURSAT_NI\2013\2013130N04093\2013130N04093.MAHASEN.2013.05.14.0300.37.MET-7.040.hursat-b1.v06.nc,2013-05-14T03:00:00,0.0,1,Cyclonic Storm,HURSAT-B1 IRWIN/rad10,1.0,0,train
2013130N04093,2013-05-14T03:00:00,E:\Cyclone-x-prototype\datas\HURSAT_NI\2013\2013130N04093\2013130N04093.MAHASEN.2013.05.14.0300.69.MTS-2.040.hursat-b1.v06.nc,2013-05-14T03:00:00,0.0,1,Cyclonic Storm,HURSAT-B1 IRWIN/rad10,1.0,0,train
2013130N04093,2013-05-14T06:00:00,E:\Cyclone-x-prototype\datas\HURSAT_NI\2013\2013130N04093\2013130N04093.MAHASEN.2013.05.14.0600.27.FY2-E.040.hursat-b1.v06.nc,2013-05-14T06:00:00,0.0,1,Cyclonic Storm,HURSAT-B1 IRWIN/rad10,1.0,0,train
2013130N04093,2013-05-14T06:00:00,E:\Cyclone-x-prototype\datas\HURSAT_NI\2013\2013130N04093\2013130N04093.MAHASEN.2013.05.14.0600.37.MET-7.040.hursat-b1.v06.nc,2013-05-14T06:00:00,0.0,1,Cyclonic Storm,HURSAT-B1 IRWIN/rad10,1.0,0,train
2013130N04093,2013-05-14T06:00:00,E:\Cyclone-x-prototype\datas\HURSAT_NI\2013\2013130N04093\2013130N04093.MAHASEN.2013.05.14.0600.69.MTS-2.040.hursat-b1.v06.nc,2013-05-14T06:00:00,0.0,1,Cyclonic Storm,HURSAT-B1 IRWIN/rad10,1.0,0,train
2013130N04093,2013-05-14T09:00:00,E:\Cyclone-x-prototype\datas\HURSAT_NI\2013\2013130N04093\2013130N04093.MAHASEN.2013.05.14.0900.27.FY2-E.040.hursat-b1.v06.nc,2013-05-14T09:00:00,0.0,1,Cyclonic Storm,HURSAT-B1 IRWIN/rad10,1.0,0,train
2013130N04093,2013-05-14T09:00:00,E:\Cyclone-x-prototype\datas\HURSAT_NI\2013\2013130N04093\2013130N04093.MAHASEN.2013.05.14.0900.37.MET-7.040.hursat-b1.v06.nc,2013-05-14T09:00:00,0.0,1,Cyclonic Storm,HURSAT-B1 IRWIN/rad10,1.0,0,train
2013130N04093,2013-05-14T09:00:00,E:\Cyclone-x-prototype\datas\HURSAT_NI\2013\2013130N04093\2013130N04093.MAHASEN.2013.05.14.0900.69.MTS-2.040.hursat-b1.v06.nc,2013-05-14T09:00:00,0.0,1,Cyclonic Storm,HURSAT-B1 IRWIN/rad10,1.0,0,train
2013130N04093,2013-05-14T12:00:00,E:\Cyclone-x-prototype\datas\HURSAT_NI\2013\2013130N04093\2013130N04093.MAHASEN.2013.05.14.1200.27.FY2-E.040.hursat-b1.v06.nc,2013-05-14T12:00:00,0.0,1,Cyclonic Storm,HURSAT-B1 IRWIN/rad10,1.0,0,train
2013130N04093,2013-05-14T12:00:00,E:\Cyclone-x-prototype\datas\HURSAT_NI\2013\2013130N04093\2013130N04093.MAHASEN.2013.05.14.1200.38.MET-7.040.hursat-b1.v06.nc,2013-05-14T12:00:00,0.0,1,Cyclonic Storm,HURSAT-B1 IRWIN/rad10,1.0,0,train
2013130N04093,2013-05-14T12:00:00,E:\Cyclone-x-prototype\datas\HURSAT_NI\2013\2013130N04093\2013130N04093.MAHASEN.2013.05.14.1200.69.MTS-2.040.hursat-b1.v06.nc,2013-05-14T12:00:00,0.0,1,Cyclonic Storm,HURSAT-B1 IRWIN/rad10,1.0,0,train
2013130N04093,2013-05-14T15:00:00,E:\Cyclone-x-prototype\datas\HURSAT_NI\2013\2013130N04093\2013130N04093.MAHASEN.2013.05.14.1500.38.MET-7.040.hursat-b1.v06.nc,2013-05-14T15:00:00,0.0,1,Cyclonic Storm,HURSAT-B1 IRWIN/rad10,1.0,0,train
2013130N04093,2013-05-14T15:00:00,E:\Cyclone-x-prototype\datas\HURSAT_NI\2013\2013130N04093\2013130N04093.MAHASEN.2013.05.14.1500.68.MTS-2.040.hursat-b1.v06.nc,2013-05-14T15:00:00,0.0,1,Cyclonic Storm,HURSAT-B1 IRWIN/rad10,1.0,0,train
2013130N04093,2013-05-14T18:00:00,E:\Cyclone-x-prototype\datas\HURSAT_NI\2013\2013130N04093\2013130N04093.MAHASEN.2013.05.14.1800.39.MET-7.040.hursat-b1.v06.nc,2013-05-14T18:00:00,0.0,1,Cyclonic Storm,HURSAT-B1 IRWIN/rad10,1.0,0,train
2013130N04093,2013-05-14T18:00:00,E:\Cyclone-x-prototype\datas\HURSAT_NI\2013\2013130N04093\2013130N04093.MAHASEN.2013.05.14.1800.68.MTS-2.040.hursat-b1.v06.nc,2013-05-14T18:00:00,0.0,1,Cyclonic Storm,HURSAT-B1 IRWIN/rad10,1.0,0,train
2013130N04093,2013-05-14T21:00:00,E:\Cyclone-x-prototype\datas\HURSAT_NI\2013\2013130N04093\2013130N04093.MAHASEN.2013.05.14.2100.28.FY2-E.040.hursat-b1.v06.nc,2013-05-14T21:00:00,0.0,1,Cyclonic Storm,HURSAT-B1 IRWIN/rad10,1.0,0,train
2013130N04093,2013-05-14T21:00:00,E:\Cyclone-x-prototype\datas\HURSAT_NI\2013\2013130N04093\2013130N04093.MAHASEN.2013.05.14.2100.39.MET-7.040.hursat-b1.v06.nc,2013-05-14T21:00:00,0.0,1,Cyclonic Storm,HURSAT-B1 IRWIN/rad10,1.0,0,train
2013130N04093,2013-05-14T21:00:00,E:\Cyclone-x-prototype\datas\HURSAT_NI\2013\2013130N04093\2013130N04093.MAHASEN.2013.05.14.2100.68.MTS-2.040.hursat-b1.v06.nc,2013-05-14T21:00:00,0.0,1,Cyclonic Storm,HURSAT-B1 IRWIN/rad10,1.0,0,train
2013130N04093,2013-05-15T00:00:00,E:\Cyclone-x-prototype\datas\HURSAT_NI\2013\2013130N04093\2013130N04093.MAHASEN.2013.05.15.0000.28.FY2-E.040.hursat-b1.v06.nc,2013-05-15T00:00:00,0.0,1,Cyclonic Storm,HURSAT-B1 IRWIN/rad10,1.0,0,train
2013130N04093,2013-05-15T00:00:00,E:\Cyclone-x-prototype\datas\HURSAT_NI\2013\2013130N04093\2013130N04093.MAHASEN.2013.05.15.0000.40.MET-7.040.hursat-b1.v06.nc,2013-05-15T00:00:00,0.0,1,Cyclonic Storm,HURSAT-B1 IRWIN/rad10,1.0,0,train
2013130N04093,2013-05-15T00:00:00,E:\Cyclone-x-prototype\datas\HURSAT_NI\2013\2013130N04093\2013130N04093.MAHASEN.2013.05.15.0000.68.MTS-2.040.hursat-b1.v06.nc,2013-05-15T00:00:00,0.0,1,Cyclonic Storm,HURSAT-B1 IRWIN/rad10,1.0,0,train
2013130N04093,2013-05-15T03:00:00,E:\Cyclone-x-prototype\datas\HURSAT_NI\2013\2013130N04093\2013130N04093.MAHASEN.2013.05.15.0300.28.FY2-E.041.hursat-b1.v06.nc,2013-05-15T03:00:00,0.0,1,Cyclonic Storm,HURSAT-B1 IRWIN/rad10,1.0,0,train
2013130N04093,2013-05-15T03:00:00,E:\Cyclone-x-prototype\datas\HURSAT_NI\2013\2013130N04093\2013130N04093.MAHASEN.2013.05.15.0300.40.MET-7.041.hursat-b1.v06.nc,2013-05-15T03:00:00,0.0,1,Cyclonic Storm,HURSAT-B1 IRWIN/rad10,1.0,0,train
2013130N04093,2013-05-15T03:00:00,E:\Cyclone-x-prototype\datas\HURSAT_NI\2013\2013130N04093\2013130N04093.MAHASEN.2013.05.15.0300.68.MTS-2.041.hursat-b1.v06.nc,2013-05-15T03:00:00,0.0,1,Cyclonic Storm,HURSAT-B1 IRWIN/rad10,1.0,0,train
2013130N04093,2013-05-15T06:00:00,E:\Cyclone-x-prototype\datas\HURSAT_NI\2013\2013130N04093\2013130N04093.MAHASEN.2013.05.15.0600.28.FY2-E.042.hursat-b1.v06.nc,2013-05-15T06:00:00,0.0,1,Cyclonic Storm,HURSAT-B1 IRWIN/rad10,1.0,0,train
2013130N04093,2013-05-15T06:00:00,E:\Cyclone-x-prototype\datas\HURSAT_NI\2013\2013130N04093\2013130N04093.MAHASEN.2013.05.15.0600.40.MET-7.042.hursat-b1.v06.nc,2013-05-15T06:00:00,0.0,1,Cyclonic Storm,HURSAT-B1 IRWIN/rad10,1.0,0,train
2013130N04093,2013-05-15T06:00:00,E:\Cyclone-x-prototype\datas\HURSAT_NI\2013\2013130N04093\2013130N04093.MAHASEN.2013.05.15.0600.68.MTS-2.042.hursat-b1.v06.nc,2013-05-15T06:00:00,0.0,1,Cyclonic Storm,HURSAT-B1 IRWIN/rad10,1.0,0,train
2013130N04093,2013-05-15T09:00:00,E:\Cyclone-x-prototype\datas\HURSAT_NI\2013\2013130N04093\2013130N04093.MAHASEN.2013.05.15.0900.41.MET-7.042.hursat-b1.v06.nc,2013-05-15T09:00:00,0.0,1,Cyclonic Storm,HURSAT-B1 IRWIN/rad10,1.0,0,train
2013130N04093,2013-05-15T09:00:00,E:\Cyclone-x-prototype\datas\HURSAT_NI\2013\2013130N04093\2013130N04093.MAHASEN.2013.05.15.0900.67.MTS-2.042.hursat-b1.v06.nc,2013-05-15T09:00:00,0.0,1,Cyclonic Storm,HURSAT-B1 IRWIN/rad10,1.0,0,train
2013130N04093,2013-05-15T12:00:00,E:\Cyclone-x-prototype\datas\HURSAT_NI\2013\2013130N04093\2013130N04093.MAHASEN.2013.05.15.1200.29.FY2-E.042.hursat-b1.v06.nc,2013-05-15T12:00:00,0.0,1,Cyclonic Storm,HURSAT-B1 IRWIN/rad10,1.0,0,train
2013130N04093,2013-05-15T12:00:00,E:\Cyclone-x-prototype\datas\HURSAT_NI\2013\2013130N04093\2013130N04093.MAHASEN.2013.05.15.1200.42.MET-7.042.hursat-b1.v06.nc,2013-05-15T12:00:00,0.0,1,Cyclonic Storm,HURSAT-B1 IRWIN/rad10,1.0,0,train
2013130N04093,2013-05-15T12:00:00,E:\Cyclone-x-prototype\datas\HURSAT_NI\2013\2013130N04093\2013130N04093.MAHASEN.2013.05.15.1200.67.MTS-2.042.hursat-b1.v06.nc,2013-05-15T12:00:00,0.0,1,Cyclonic Storm,HURSAT-B1 IRWIN/rad10,1.0,0,train
2013130N04093,2013-05-15T15:00:00,E:\Cyclone-x-prototype\datas\HURSAT_NI\2013\2013130N04093\2013130N04093.MAHASEN.2013.05.15.1500.42.MET-7.042.hursat-b1.v06.nc,2013-05-15T15:00:00,0.0,1,Cyclonic Storm,HURSAT-B1 IRWIN/rad10,1.0,0,train
2013130N04093,2013-05-15T15:00:00,E:\Cyclone-x-prototype\datas\HURSAT_NI\2013\2013130N04093\2013130N04093.MAHASEN.2013.05.15.1500.67.MTS-2.042.hursat-b1.v06.nc,2013-05-15T15:00:00,0.0,1,Cyclonic Storm,HURSAT-B1 IRWIN/rad10,1.0,0,train
2013130N04093,2013-05-15T18:00:00,E:\Cyclone-x-prototype\datas\HURSAT_NI\2013\2013130N04093\2013130N04093.MAHASEN.2013.05.15.1800.43.MET-7.042.hursat-b1.v06.nc,2013-05-15T18:00:00,0.0,1,Cyclonic Storm,HURSAT-B1 IRWIN/rad10,1.0,0,train
2013130N04093,2013-05-15T18:00:00,E:\Cyclone-x-prototype\datas\HURSAT_NI\2013\2013130N04093\2013130N04093.MAHASEN.2013.05.15.1800.67.MTS-2.042.hursat-b1.v06.nc,2013-05-15T18:00:00,0.0,1,Cyclonic Storm,HURSAT-B1 IRWIN/rad10,1.0,0,train
2013130N04093,2013-05-15T21:00:00,E:\Cyclone-x-prototype\datas\HURSAT_NI\2013\2013130N04093\2013130N04093.MAHASEN.2013.05.15.2100.29.FY2-E.042.hursat-b1.v06.nc,2013-05-15T21:00:00,0.0,1,Cyclonic Storm,HURSAT-B1 IRWIN/rad10,1.0,0,train
2013130N04093,2013-05-15T21:00:00,E:\Cyclone-x-prototype\datas\HURSAT_NI\2013\2013130N04093\2013130N04093.MAHASEN.2013.05.15.2100.43.MET-7.042.hursat-b1.v06.nc,2013-05-15T21:00:00,0.0,1,Cyclonic Storm,HURSAT-B1 IRWIN/rad10,1.0,0,train
2013130N04093,2013-05-15T21:00:00,E:\Cyclone-x-prototype\datas\HURSAT_NI\2013\2013130N04093\2013130N04093.MAHASEN.2013.05.15.2100.66.MTS-2.042.hursat-b1.v06.nc,2013-05-15T21:00:00,0.0,1,Cyclonic Storm,HURSAT-B1 IRWIN/rad10,1.0,0,train
2013130N04093,2013-05-16T00:00:00,E:\Cyclone-x-prototype\datas\HURSAT_NI\2013\2013130N04093\2013130N04093.MAHASEN.2013.05.16.0000.29.FY2-E.042.hursat-b1.v06.nc,2013-05-16T00:00:00,0.0,1,Cyclonic Storm,HURSAT-B1 IRWIN/rad10,1.0,0,train
2013130N04093,2013-05-16T00:00:00,E:\Cyclone-x-prototype\datas\HURSAT_NI\2013\2013130N04093\2013130N04093.MAHASEN.2013.05.16.0000.44.MET-7.042.hursat-b1.v06.nc,2013-05-16T00:00:00,0.0,1,Cyclonic Storm,HURSAT-B1 IRWIN/rad10,1.0,0,train
2013130N04093,2013-05-16T00:00:00,E:\Cyclone-x-prototype\datas\HURSAT_NI\2013\2013130N04093\2013130N04093.MAHASEN.2013.05.16.0000.66.MTS-2.042.hursat-b1.v06.nc,2013-05-16T00:00:00,0.0,1,Cyclonic Storm,HURSAT-B1 IRWIN/rad10,1.0,0,train
2013232N22088,2013-08-20T00:00:00,E:\Cyclone-x-prototype\datas\HURSAT_NI\2013\2013232N22088\2013232N22088.MISSING.2013.08.20.0000.32.FY2-E.025.hursat-b1.v06.nc,2013-08-20T00:00:00,0.0,0,Depression / Weak System,HURSAT-B1 IRWIN/rad10,1.0,0,train
2013232N22088,2013-08-20T00:00:00,E:\Cyclone-x-prototype\datas\HURSAT_NI\2013\2013232N22088\2013232N22088.MISSING.2013.08.20.0000.43.MET-7.025.hursat-b1.v06.nc,2013-08-20T00:00:00,0.0,0,Depression / Weak System,HURSAT-B1 IRWIN/rad10,1.0,0,train
2013232N22088,2013-08-20T00:00:00,E:\Cyclone-x-prototype\datas\HURSAT_NI\2013\2013232N22088\2013232N22088.MISSING.2013.08.20.0000.69.MTS-2.025.hursat-b1.v06.nc,2013-08-20T00:00:00,0.0,0,Depression / Weak System,HURSAT-B1 IRWIN/rad10,1.0,0,train
2013232N22088,2013-08-20T03:00:00,E:\Cyclone-x-prototype\datas\HURSAT_NI\2013\2013232N22088\2013232N22088.MISSING.2013.08.20.0300.32.FY2-E.025.hursat-b1.v06.nc,2013-08-20T03:00:00,0.0,0,Depression / Weak System,HURSAT-B1 IRWIN/rad10,1.0,0,train
2013232N22088,2013-08-20T03:00:00,E:\Cyclone-x-prototype\datas\HURSAT_NI\2013\2013232N22088\2013232N22088.MISSING.2013.08.20.0300.43.MET-7.025.hursat-b1.v06.nc,2013-08-20T03:00:00,0.0,0,Depression / Weak System,HURSAT-B1 IRWIN/rad10,1.0,0,train
2013232N22088,2013-08-20T03:00:00,E:\Cyclone-x-prototype\datas\HURSAT_NI\2013\2013232N22088\2013232N22088.MISSING.2013.08.20.0300.69.MTS-2.025.hursat-b1.v06.nc,2013-08-20T03:00:00,0.0,0,Depression / Weak System,HURSAT-B1 IRWIN/rad10,1.0,0,train
2013232N22088,2013-08-20T06:00:00,E:\Cyclone-x-prototype\datas\HURSAT_NI\2013\2013232N22088\2013232N22088.MISSING.2013.08.20.0600.32.FY2-E.025.hursat-b1.v06.nc,2013-08-20T06:00:00,0.0,0,Depression / Weak System,HURSAT-B1 IRWIN/rad10,1.0,0,train
2013232N22088,2013-08-20T06:00:00,E:\Cyclone-x-prototype\datas\HURSAT_NI\2013\2013232N22088\2013232N22088.MISSING.2013.08.20.0600.43.MET-7.025.hursat-b1.v06.nc,2013-08-20T06:00:00,0.0,0,Depression / Weak System,HURSAT-B1 IRWIN/rad10,1.0,0,train
2013232N22088,2013-08-20T06:00:00,E:\Cyclone-x-prototype\datas\HURSAT_NI\2013\2013232N22088\2013232N22088.MISSING.2013.08.20.0600.69.MTS-2.025.hursat-b1.v06.nc,2013-08-20T06:00:00,0.0,0,Depression / Weak System,HURSAT-B1 IRWIN/rad10,1.0,0,train
2013232N22088,2013-08-20T09:00:00,E:\Cyclone-x-prototype\datas\HURSAT_NI\2013\2013232N22088\2013232N22088.MISSING.2013.08.20.0900.43.MET-7.025.hursat-b1.v06.nc,2013-08-20T06:00:00,3.0,0,Depression / Weak System,HURSAT-B1 IRWIN/rad10,1.0,0,train
2013232N22088,2013-08-20T09:00:00,E:\Cyclone-x-prototype\datas\HURSAT_NI\2013\2013232N22088\2013232N22088.MISSING.2013.08.20.0900.69.MTS-2.025.hursat-b1.v06.nc,2013-08-20T06:00:00,3.0,0,Depression / Weak System,HURSAT-B1 IRWIN/rad10,1.0,0,train
2013232N22088,2013-08-20T12:00:00,E:\Cyclone-x-prototype\datas\HURSAT_NI\2013\2013232N22088\2013232N22088.MISSING.2013.08.20.1200.43.MET-7.025.hursat-b1.v06.nc,2013-08-20T12:00:00,0.0,0,Depression / Weak System,HURSAT-B1 IRWIN/rad10,1.0,0,train
2013232N22088,2013-08-20T12:00:00,E:\Cyclone-x-prototype\datas\HURSAT_NI\2013\2013232N22088\2013232N22088.MISSING.2013.08.20.1200.69.MTS-2.025.hursat-b1.v06.nc,2013-08-20T12:00:00,0.0,0,Depression / Weak System,HURSAT-B1 IRWIN/rad10,1.0,0,train
2013232N22088,2013-08-20T15:00:00,E:\Cyclone-x-prototype\datas\HURSAT_NI\2013\2013232N22088\2013232N22088.MISSING.2013.08.20.1500.43.MET-7.025.hursat-b1.v06.nc,2013-08-20T12:00:00,3.0,0,Depression / Weak System,HURSAT-B1 IRWIN/rad10,1.0,0,train
2013232N22088,2013-08-20T15:00:00,E:\Cyclone-x-prototype\datas\HURSAT_NI\2013\2013232N22088\2013232N22088.MISSING.2013.08.20.1500.69.MTS-2.025.hursat-b1.v06.nc,2013-08-20T12:00:00,3.0,0,Depression / Weak System,HURSAT-B1 IRWIN/rad10,1.0,0,train
2013232N22088,2013-08-20T18:00:00,E:\Cyclone-x-prototype\datas\HURSAT_NI\2013\2013232N22088\2013232N22088.MISSING.2013.08.20.1800.43.MET-7.025.hursat-b1.v06.nc,2013-08-20T18:00:00,0.0,0,Depression / Weak System,HURSAT-B1 IRWIN/rad10,1.0,0,train
2013232N22088,2013-08-20T18:00:00,E:\Cyclone-x-prototype\datas\HURSAT_NI\2013\2013232N22088\2013232N22088.MISSING.2013.08.20.1800.69.MTS-2.025.hursat-b1.v06.nc,2013-08-20T18:00:00,0.0,0,Depression / Weak System,HURSAT-B1 IRWIN/rad10,1.0,0,train
2013232N22088,2013-08-20T21:00:00,E:\Cyclone-x-prototype\datas\HURSAT_NI\2013\2013232N22088\2013232N22088.MISSING.2013.08.20.2100.33.FY2-E.023.hursat-b1.v06.nc,2013-08-20T18:00:00,3.0,0,Depression / Weak System,HURSAT-B1 IRWIN/rad10,1.0,0,train
2013232N22088,2013-08-20T21:00:00,E:\Cyclone-x-prototype\datas\HURSAT_NI\2013\2013232N22088\2013232N22088.MISSING.2013.08.20.2100.44.MET-7.023.hursat-b1.v06.nc,2013-08-20T18:00:00,3.0,0,Depression / Weak System,HURSAT-B1 IRWIN/rad10,1.0,0,train
2013232N22088,2013-08-20T21:00:00,E:\Cyclone-x-prototype\datas\HURSAT_NI\2013\2013232N22088\2013232N22088.MISSING.2013.08.20.2100.69.MTS-2.023.hursat-b1.v06.nc,2013-08-20T18:00:00,3.0,0,Depression / Weak System,HURSAT-B1 IRWIN/rad10,1.0,0,train
2013232N22088,2013-08-21T00:00:00,E:\Cyclone-x-prototype\datas\HURSAT_NI\2013\2013232N22088\2013232N22088.MISSING.2013.08.21.0000.34.FY2-E.020.hursat-b1.v06.nc,2013-08-21T00:00:00,0.0,0,Depression / Weak System,HURSAT-B1 IRWIN/rad10,1.0,0,train
2013232N22088,2013-08-21T00:00:00,E:\Cyclone-x-prototype\datas\HURSAT_NI\2013\2013232N22088\2013232N22088.MISSING.2013.08.21.0000.43.MET-7.020.hursat-b1.v06.nc,2013-08-21T00:00:00,0.0,0,Depression / Weak System,HURSAT-B1 IRWIN/rad10,1.0,0,train
2013232N22088,2013-08-21T00:00:00,E:\Cyclone-x-prototype\datas\HURSAT_NI\2013\2013232N22088\2013232N22088.MISSING.2013.08.21.0000.69.MTS-2.020.hursat-b1.v06.nc,2013-08-21T00:00:00,0.0,0,Depression / Weak System,HURSAT-B1 IRWIN/rad10,1.0,0,train
2013232N22088,2013-08-21T03:00:00,E:\Cyclone-x-prototype\datas\HURSAT_NI\2013\2013232N22088\2013232N22088.MISSING.2013.08.21.0300.34.FY2-E.020.hursat-b1.v06.nc,2013-08-21T03:00:00,0.0,0,Depression / Weak System,HURSAT-B1 IRWIN/rad10,1.0,0,train
2013232N22088,2013-08-21T03:00:00,E:\Cyclone-x-prototype\datas\HURSAT_NI\2013\2013232N22088\2013232N22088.MISSING.2013.08.21.0300.43.MET-7.020.hursat-b1.v06.nc,2013-08-21T03:00:00,0.0,0,Depression / Weak System,HURSAT-B1 IRWIN/rad10,1.0,0,train
2013232N22088,2013-08-21T03:00:00,E:\Cyclone-x-prototype\datas\HURSAT_NI\2013\2013232N22088\2013232N22088.MISSING.2013.08.21.0300.70.MTS-2.020.hursat-b1.v06.nc,2013-08-21T03:00:00,0.0,0,Depression / Weak System,HURSAT-B1 IRWIN/rad10,1.0,0,train
2013232N22088,2013-08-21T06:00:00,E:\Cyclone-x-prototype\datas\HURSAT_NI\2013\2013232N22088\2013232N22088.MISSING.2013.08.21.0600.35.FY2-E.020.hursat-b1.v06.nc,2013-08-21T06:00:00,0.0,0,Depression / Weak System,HURSAT-B1 IRWIN/rad10,1.0,0,train
2013232N22088,2013-08-21T06:00:00,E:\Cyclone-x-prototype\datas\HURSAT_NI\2013\2013232N22088\2013232N22088.MISSING.2013.08.21.0600.42.MET-7.020.hursat-b1.v06.nc,2013-08-21T06:00:00,0.0,0,Depression / Weak System,HURSAT-B1 IRWIN/rad10,1.0,0,train
2013232N22088,2013-08-21T06:00:00,E:\Cyclone-x-prototype\datas\HURSAT_NI\2013\2013232N22088\2013232N22088.MISSING.2013.08.21.0600.71.MTS-2.020.hursat-b1.v06.nc,2013-08-21T06:00:00,0.0,0,Depression / Weak System,HURSAT-B1 IRWIN/rad10,1.0,0,train
2013232N22088,2013-08-21T09:00:00,E:\Cyclone-x-prototype\datas\HURSAT_NI\2013\2013232N22088\2013232N22088.MISSING.2013.08.21.0900.42.MET-7.020.hursat-b1.v06.nc,2013-08-21T06:00:00,3.0,0,Depression / Weak System,HURSAT-B1 IRWIN/rad10,1.0,0,train
2013232N22088,2013-08-21T09:00:00,E:\Cyclone-x-prototype\datas\HURSAT_NI\2013\2013232N22088\2013232N22088.MISSING.2013.08.21.0900.71.MTS-2.020.hursat-b1.v06.nc,2013-08-21T06:00:00,3.0,0,Depression / Weak System,HURSAT-B1 IRWIN/rad10,1.0,0,train
2013232N22088,2013-08-21T12:00:00,E:\Cyclone-x-prototype\datas\HURSAT_NI\2013\2013232N22088\2013232N22088.MISSING.2013.08.21.1200.41.MET-7.020.hursat-b1.v06.nc,2013-08-21T12:00:00,0.0,0,Depression / Weak System,HURSAT-B1 IRWIN/rad10,1.0,0,train
2013232N22088,2013-08-21T12:00:00,E:\Cyclone-x-prototype\datas\HURSAT_NI\2013\2013232N22088\2013232N22088.MISSING.2013.08.21.1200.72.MTS-2.020.hursat-b1.v06.nc,2013-08-21T12:00:00,0.0,0,Depression / Weak System,HURSAT-B1 IRWIN/rad10,1.0,0,train
2013232N22088,2013-08-21T15:00:00,E:\Cyclone-x-prototype\datas\HURSAT_NI\2013\2013232N22088\2013232N22088.MISSING.2013.08.21.1500.36.FY2-E.020.hursat-b1.v06.nc,2013-08-21T12:00:00,3.0,0,Depression / Weak System,HURSAT-B1 IRWIN/rad10,1.0,0,train
2013232N22088,2013-08-21T15:00:00,E:\Cyclone-x-prototype\datas\HURSAT_NI\2013\2013232N22088\2013232N22088.MISSING.2013.08.21.1500.40.MET-7.020.hursat-b1.v06.nc,2013-08-21T12:00:00,3.0,0,Depression / Weak System,HURSAT-B1 IRWIN/rad10,1.0,0,train
2013232N22088,2013-08-21T15:00:00,E:\Cyclone-x-prototype\datas\HURSAT_NI\2013\2013232N22088\2013232N22088.MISSING.2013.08.21.1500.73.MTS-2.020.hursat-b1.v06.nc,2013-08-21T12:00:00,3.0,0,Depression / Weak System,HURSAT-B1 IRWIN/rad10,1.0,0,train
2013232N22088,2013-08-21T18:00:00,E:\Cyclone-x-prototype\datas\HURSAT_NI\2013\2013232N22088\2013232N22088.MISSING.2013.08.21.1800.39.MET-7.020.hursat-b1.v06.nc,2013-08-21T18:00:00,0.0,0,Depression / Weak System,HURSAT-B1 IRWIN/rad10,1.0,0,train
2013232N22088,2013-08-21T18:00:00,E:\Cyclone-x-prototype\datas\HURSAT_NI\2013\2013232N22088\2013232N22088.MISSING.2013.08.21.1800.74.MTS-2.020.hursat-b1.v06.nc,2013-08-21T18:00:00,0.0,0,Depression / Weak System,HURSAT-B1 IRWIN/rad10,1.0,0,train
2013232N22088,2013-08-21T21:00:00,E:\Cyclone-x-prototype\datas\HURSAT_NI\2013\2013232N22088\2013232N22088.MISSING.2013.08.21.2100.37.FY2-E.020.hursat-b1.v06.nc,2013-08-21T18:00:00,3.0,0,Depression / Weak System,HURSAT-B1 IRWIN/rad10,1.0,0,train
2013232N22088,2013-08-21T21:00:00,E:\Cyclone-x-prototype\datas\HURSAT_NI\2013\2013232N22088\2013232N22088.MISSING.2013.08.21.2100.39.MET-7.020.hursat-b1.v06.nc,2013-08-21T18:00:00,3.0,0,Depression / Weak System,HURSAT-B1 IRWIN/rad10,1.0,0,train
2013232N22088,2013-08-21T21:00:00,E:\Cyclone-x-prototype\datas\HURSAT_NI\2013\2013232N22088\2013232N22088.MISSING.2013.08.21.2100.74.MTS-2.020.hursat-b1.v06.nc,2013-08-21T18:00:00,3.0,0,Depression / Weak System,HURSAT-B1 IRWIN/rad10,1.0,0,train
2013232N22088,2013-08-22T00:00:00,E:\Cyclone-x-prototype\datas\HURSAT_NI\2013\2013232N22088\2013232N22088.MISSING.2013.08.22.0000.37.FY2-E.020.hursat-b1.v06.nc,2013-08-22T00:00:00,0.0,0,Depression / Weak System,HURSAT-B1 IRWIN/rad10,1.0,0,train
2013232N22088,2013-08-22T00:00:00,E:\Cyclone-x-prototype\datas\HURSAT_NI\2013\2013232N22088\2013232N22088.MISSING.2013.08.22.0000.39.MET-7.020.hursat-b1.v06.nc,2013-08-22T00:00:00,0.0,0,Depression / Weak System,HURSAT-B1 IRWIN/rad10,1.0,0,train
2013232N22088,2013-08-22T00:00:00,E:\Cyclone-x-prototype\datas\HURSAT_NI\2013\2013232N22088\2013232N22088.MISSING.2013.08.22.0000.74.MTS-2.020.hursat-b1.v06.nc,2013-08-22T00:00:00,0.0,0,Depression / Weak System,HURSAT-B1 IRWIN/rad10,1.0,0,train
2013232N22088,2013-08-22T03:00:00,E:\Cyclone-x-prototype\datas\HURSAT_NI\2013\2013232N22088\2013232N22088.MISSING.2013.08.22.0300.38.FY2-E.020.hursat-b1.v06.nc,2013-08-22T03:00:00,0.0,0,Depression / Weak System,HURSAT-B1 IRWIN/rad10,1.0,0,train
2013232N22088,2013-08-22T03:00:00,E:\Cyclone-x-prototype\datas\HURSAT_NI\2013\2013232N22088\2013232N22088.MISSING.2013.08.22.0300.39.MET-7.020.hursat-b1.v06.nc,2013-08-22T03:00:00,0.0,0,Depression / Weak System,HURSAT-B1 IRWIN/rad10,1.0,0,train
2013232N22088,2013-08-22T03:00:00,E:\Cyclone-x-prototype\datas\HURSAT_NI\2013\2013232N22088\2013232N22088.MISSING.2013.08.22.0300.75.MTS-2.020.hursat-b1.v06.nc,2013-08-22T03:00:00,0.0,0,Depression / Weak System,HURSAT-B1 IRWIN/rad10,1.0,0,train
2013232N22088,2013-08-22T06:00:00,E:\Cyclone-x-prototype\datas\HURSAT_NI\2013\2013232N22088\2013232N22088.MISSING.2013.08.22.0600.38.MET-7.020.hursat-b1.v06.nc,2013-08-22T06:00:00,0.0,0,Depression / Weak System,HURSAT-B1 IRWIN/rad10,1.0,0,train
2013232N22088,2013-08-22T06:00:00,E:\Cyclone-x-prototype\datas\HURSAT_NI\2013\2013232N22088\2013232N22088.MISSING.2013.08.22.0600.39.FY2-E.020.hursat-b1.v06.nc,2013-08-22T06:00:00,0.0,0,Depression / Weak System,HURSAT-B1 IRWIN/rad10,1.0,0,train
2013232N22088,2013-08-22T06:00:00,E:\Cyclone-x-prototype\datas\HURSAT_NI\2013\2013232N22088\2013232N22088.MISSING.2013.08.22.0600.76.MTS-2.020.hursat-b1.v06.nc,2013-08-22T06:00:00,0.0,0,Depression / Weak System,HURSAT-B1 IRWIN/rad10,1.0,0,train
2013232N22088,2013-08-22T09:00:00,E:\Cyclone-x-prototype\datas\HURSAT_NI\2013\2013232N22088\2013232N22088.MISSING.2013.08.22.0900.38.MET-7.020.hursat-b1.v06.nc,2013-08-22T06:00:00,3.0,0,Depression / Weak System,HURSAT-B1 IRWIN/rad10,1.0,0,train
2013232N22088,2013-08-22T09:00:00,E:\Cyclone-x-prototype\datas\HURSAT_NI\2013\2013232N22088\2013232N22088.MISSING.2013.08.22.0900.76.MTS-2.020.hursat-b1.v06.nc,2013-08-22T06:00:00,3.0,0,Depression / Weak System,HURSAT-B1 IRWIN/rad10,1.0,0,train
2013232N22088,2013-08-22T12:00:00,E:\Cyclone-x-prototype\datas\HURSAT_NI\2013\2013232N22088\2013232N22088.MISSING.2013.08.22.1200.38.MET-7.020.hursat-b1.v06.nc,2013-08-22T12:00:00,0.0,0,Depression / Weak System,HURSAT-B1 IRWIN/rad10,1.0,0,train
2013232N22088,2013-08-22T12:00:00,E:\Cyclone-x-prototype\datas\HURSAT_NI\2013\2013232N22088\2013232N22088.MISSING.2013.08.22.1200.76.MTS-2.020.hursat-b1.v06.nc,2013-08-22T12:00:00,0.0,0,Depression / Weak System,HURSAT-B1 IRWIN/rad10,1.0,0,train
2013232N22088,2013-08-22T15:00:00,E:\Cyclone-x-prototype\datas\HURSAT_NI\2013\2013232N22088\2013232N22088.MISSING.2013.08.22.1500.37.MET-7.020.hursat-b1.v06.nc,2013-08-22T12:00:00,3.0,0,Depression / Weak System,HURSAT-B1 IRWIN/rad10,1.0,0,train
2013232N22088,2013-08-22T15:00:00,E:\Cyclone-x-prototype\datas\HURSAT_NI\2013\2013232N22088\2013232N22088.MISSING.2013.08.22.1500.39.FY2-E.020.hursat-b1.v06.nc,2013-08-22T12:00:00,3.0,0,Depression / Weak System,HURSAT-B1 IRWIN/rad10,1.0,0,train
2013232N22088,2013-08-22T15:00:00,E:\Cyclone-x-prototype\datas\HURSAT_NI\2013\2013232N22088\2013232N22088.MISSING.2013.08.22.1500.76.MTS-2.020.hursat-b1.v06.nc,2013-08-22T12:00:00,3.0,0,Depression / Weak System,HURSAT-B1 IRWIN/rad10,1.0,0,train
2013232N22088,2013-08-22T21:00:00,E:\Cyclone-x-prototype\datas\HURSAT_NI\2013\2013232N22088\2013232N22088.MISSING.2013.08.22.2100.37.MET-7.020.hursat-b1.v06.nc,2013-08-23T00:00:00,3.0,0,Depression / Weak System,HURSAT-B1 IRWIN/rad10,1.0,0,train
2013232N22088,2013-08-22T21:00:00,E:\Cyclone-x-prototype\datas\HURSAT_NI\2013\2013232N22088\2013232N22088.MISSING.2013.08.22.2100.39.FY2-E.020.hursat-b1.v06.nc,2013-08-23T00:00:00,3.0,0,Depression / Weak System,HURSAT-B1 IRWIN/rad10,1.0,0,train
2013232N22088,2013-08-22T21:00:00,E:\Cyclone-x-prototype\datas\HURSAT_NI\2013\2013232N22088\2013232N22088.MISSING.2013.08.22.2100.76.MTS-2.020.hursat-b1.v06.nc,2013-08-23T00:00:00,3.0,0,Depression / Weak System,HURSAT-B1 IRWIN/rad10,1.0,0,train
2013232N22088,2013-08-23T00:00:00,E:\Cyclone-x-prototype\datas\HURSAT_NI\2013\2013232N22088\2013232N22088.MISSING.2013.08.23.0000.37.MET-7.020.hursat-b1.v06.nc,2013-08-23T00:00:00,0.0,0,Depression / Weak System,HURSAT-B1 IRWIN/rad10,1.0,0,train
2013232N22088,2013-08-23T00:00:00,E:\Cyclone-x-prototype\datas\HURSAT_NI\2013\2013232N22088\2013232N22088.MISSING.2013.08.23.0000.39.FY2-E.020.hursat-b1.v06.nc,2013-08-23T00:00:00,0.0,0,Depression / Weak System,HURSAT-B1 IRWIN/rad10,1.0,0,train
2013232N22088,2013-08-23T00:00:00,E:\Cyclone-x-prototype\datas\HURSAT_NI\2013\2013232N22088\2013232N22088.MISSING.2013.08.23.0000.76.MTS-2.020.hursat-b1.v06.nc,2013-08-23T00:00:00,0.0,0,Depression / Weak System,HURSAT-B1 IRWIN/rad10,1.0,0,train
2013281N12098,2013-10-08T00:00:00,E:\Cyclone-x-prototype\datas\HURSAT_NI\2013\2013281N12098\2013281N12098.PHAILIN.2013.10.08.0000.18.FY2-E.022.hursat-b1.v06.nc,2013-10-08T03:00:00,3.0,0,Depression / Weak System,HURSAT-B1 IRWIN/rad10,1.0,0,test
2013281N12098,2013-10-08T00:00:00,E:\Cyclone-x-prototype\datas\HURSAT_NI\2013\2013281N12098\2013281N12098.PHAILIN.2013.10.08.0000.47.MET-7.022.hursat-b1.v06.nc,2013-10-08T03:00:00,3.0,0,Depression / Weak System,HURSAT-B1 IRWIN/rad10,1.0,0,test
2013281N12098,2013-10-08T00:00:00,E:\Cyclone-x-prototype\datas\HURSAT_NI\2013\2013281N12098\2013281N12098.PHAILIN.2013.10.08.0000.58.MTS-2.022.hursat-b1.v06.nc,2013-10-08T03:00:00,3.0,0,Depression / Weak System,HURSAT-B1 IRWIN/rad10,1.0,0,test
2013281N12098,2013-10-08T03:00:00,E:\Cyclone-x-prototype\datas\HURSAT_NI\2013\2013281N12098\2013281N12098.PHAILIN.2013.10.08.0300.18.FY2-E.023.hursat-b1.v06.nc,2013-10-08T03:00:00,0.0,0,Depression / Weak System,HURSAT-B1 IRWIN/rad10,1.0,0,test
2013281N12098,2013-10-08T03:00:00,E:\Cyclone-x-prototype\datas\HURSAT_NI\2013\2013281N12098\2013281N12098.PHAILIN.2013.10.08.0300.47.MET-7.023.hursat-b1.v06.nc,2013-10-08T03:00:00,0.0,0,Depression / Weak System,HURSAT-B1 IRWIN/rad10,1.0,0,test
2013281N12098,2013-10-08T03:00:00,E:\Cyclone-x-prototype\datas\HURSAT_NI\2013\2013281N12098\2013281N12098.PHAILIN.2013.10.08.0300.58.MTS-2.023.hursat-b1.v06.nc,2013-10-08T03:00:00,0.0,0,Depression / Weak System,HURSAT-B1 IRWIN/rad10,1.0,0,test
2013281N12098,2013-10-08T06:00:00,E:\Cyclone-x-prototype\datas\HURSAT_NI\2013\2013281N12098\2013281N12098.PHAILIN.2013.10.08.0600.18.FY2-E.024.hursat-b1.v06.nc,2013-10-08T06:00:00,0.0,0,Depression / Weak System,HURSAT-B1 IRWIN/rad10,1.0,0,test
2013281N12098,2013-10-08T06:00:00,E:\Cyclone-x-prototype\datas\HURSAT_NI\2013\2013281N12098\2013281N12098.PHAILIN.2013.10.08.0600.46.MET-7.024.hursat-b1.v06.nc,2013-10-08T06:00:00,0.0,0,Depression / Weak System,HURSAT-B1 IRWIN/rad10,1.0,0,test
2013281N12098,2013-10-08T06:00:00,E:\Cyclone-x-prototype\datas\HURSAT_NI\2013\2013281N12098\2013281N12098.PHAILIN.2013.10.08.0600.59.MTS-2.024.hursat-b1.v06.nc,2013-10-08T06:00:00,0.0,0,Depression / Weak System,HURSAT-B1 IRWIN/rad10,1.0,0,test
2013281N12098,2013-10-08T09:00:00,E:\Cyclone-x-prototype\datas\HURSAT_NI\2013\2013281N12098\2013281N12098.PHAILIN.2013.10.08.0900.18.FY2-E.025.hursat-b1.v06.nc,2013-10-08T06:00:00,3.0,0,Depression / Weak System,HURSAT-B1 IRWIN/rad10,1.0,0,test
2013281N12098,2013-10-08T09:00:00,E:\Cyclone-x-prototype\datas\HURSAT_NI\2013\2013281N12098\2013281N12098.PHAILIN.2013.10.08.0900.46.MET-7.025.hursat-b1.v06.nc,2013-10-08T06:00:00,3.0,0,Depression / Weak System,HURSAT-B1 IRWIN/rad10,1.0,0,test
2013281N12098,2013-10-08T09:00:00,E:\Cyclone-x-prototype\datas\HURSAT_NI\2013\2013281N12098\2013281N12098.PHAILIN.2013.10.08.0900.59.MTS-2.025.hursat-b1.v06.nc,2013-10-08T06:00:00,3.0,0,Depression / Weak System,HURSAT-B1 IRWIN/rad10,1.0,0,test
2013281N12098,2013-10-08T12:00:00,E:\Cyclone-x-prototype\datas\HURSAT_NI\2013\2013281N12098\2013281N12098.PHAILIN.2013.10.08.1200.19.FY2-E.026.hursat-b1.v06.nc,2013-10-08T12:00:00,0.0,0,Depression / Weak System,HURSAT-B1 IRWIN/rad10,1.0,0,test
2013281N12098,2013-10-08T12:00:00,E:\Cyclone-x-prototype\datas\HURSAT_NI\2013\2013281N12098\2013281N12098.PHAILIN.2013.10.08.1200.46.MET-7.026.hursat-b1.v06.nc,2013-10-08T12:00:00,0.0,0,Depression / Weak System,HURSAT-B1 IRWIN/rad10,1.0,0,test
2013281N12098,2013-10-08T12:00:00,E:\Cyclone-x-prototype\datas\HURSAT_NI\2013\2013281N12098\2013281N12098.PHAILIN.2013.10.08.1200.59.MTS-2.026.hursat-b1.v06.nc,2013-10-08T12:00:00,0.0,0,Depression / Weak System,HURSAT-B1 IRWIN/rad10,1.0,0,test
2013281N12098,2013-10-08T15:00:00,E:\Cyclone-x-prototype\datas\HURSAT_NI\2013\2013281N12098\2013281N12098.PHAILIN.2013.10.08.1500.19.FY2-E.026.hursat-b1.v06.nc,2013-10-08T12:00:00,3.0,0,Depression / Weak System,HURSAT-B1 IRWIN/rad10,1.0,0,test
2013281N12098,2013-10-08T15:00:00,E:\Cyclone-x-prototype\datas\HURSAT_NI\2013\2013281N12098\2013281N12098.PHAILIN.2013.10.08.1500.45.MET-7.026.hursat-b1.v06.nc,2013-10-08T12:00:00,3.0,0,Depression / Weak System,HURSAT-B1 IRWIN/rad10,1.0,0,test
2013281N12098,2013-10-08T15:00:00,E:\Cyclone-x-prototype\datas\HURSAT_NI\2013\2013281N12098\2013281N12098.PHAILIN.2013.10.08.1500.60.MTS-2.026.hursat-b1.v06.nc,2013-10-08T12:00:00,3.0,0,Depression / Weak System,HURSAT-B1 IRWIN/rad10,1.0,0,test
2013281N12098,2013-10-08T18:00:00,E:\Cyclone-x-prototype\datas\HURSAT_NI\2013\2013281N12098\2013281N12098.PHAILIN.2013.10.08.1800.45.MET-7.026.hursat-b1.v06.nc,2013-10-08T18:00:00,0.0,0,Depression / Weak System,HURSAT-B1 IRWIN/rad10,1.0,0,test
2013281N12098,2013-10-08T18:00:00,E:\Cyclone-x-prototype\datas\HURSAT_NI\2013\2013281N12098\2013281N12098.PHAILIN.2013.10.08.1800.60.MTS-2.026.hursat-b1.v06.nc,2013-10-08T18:00:00,0.0,0,Depression / Weak System,HURSAT-B1 IRWIN/rad10,1.0,0,test
2013281N12098,2013-10-08T21:00:00,E:\Cyclone-x-prototype\datas\HURSAT_NI\2013\2013281N12098\2013281N12098.PHAILIN.2013.10.08.2100.20.FY2-E.028.hursat-b1.v06.nc,2013-10-08T18:00:00,3.0,0,Depression / Weak System,HURSAT-B1 IRWIN/rad10,1.0,0,test
2013281N12098,2013-10-08T21:00:00,E:\Cyclone-x-prototype\datas\HURSAT_NI\2013\2013281N12098\2013281N12098.PHAILIN.2013.10.08.2100.45.MET-7.028.hursat-b1.v06.nc,2013-10-08T18:00:00,3.0,0,Depression / Weak System,HURSAT-B1 IRWIN/rad10,1.0,0,test
2013281N12098,2013-10-08T21:00:00,E:\Cyclone-x-prototype\datas\HURSAT_NI\2013\2013281N12098\2013281N12098.PHAILIN.2013.10.08.2100.60.MTS-2.028.hursat-b1.v06.nc,2013-10-08T18:00:00,3.0,0,Depression / Weak System,HURSAT-B1 IRWIN/rad10,1.0,0,test
2013281N12098,2013-10-09T00:00:00,E:\Cyclone-x-prototype\datas\HURSAT_NI\2013\2013281N12098\2013281N12098.PHAILIN.2013.10.09.0000.20.FY2-E.030.hursat-b1.v06.nc,2013-10-09T00:00:00,0.0,0,Depression / Weak System,HURSAT-B1 IRWIN/rad10,1.0,0,test
2013281N12098,2013-10-09T00:00:00,E:\Cyclone-x-prototype\datas\HURSAT_NI\2013\2013281N12098\2013281N12098.PHAILIN.2013.10.09.0000.45.MET-7.030.hursat-b1.v06.nc,2013-10-09T00:00:00,0.0,0,Depression / Weak System,HURSAT-B1 IRWIN/rad10,1.0,0,test
2013281N12098,2013-10-09T00:00:00,E:\Cyclone-x-prototype\datas\HURSAT_NI\2013\2013281N12098\2013281N12098.PHAILIN.2013.10.09.0000.61.MTS-2.030.hursat-b1.v06.nc,2013-10-09T00:00:00,0.0,0,Depression / Weak System,HURSAT-B1 IRWIN/rad10,1.0,0,test
2013281N12098,2013-10-09T03:00:00,E:\Cyclone-x-prototype\datas\HURSAT_NI\2013\2013281N12098\2013281N12098.PHAILIN.2013.10.09.0300.20.FY2-E.032.hursat-b1.v06.nc,2013-10-09T03:00:00,0.0,0,Depression / Weak System,HURSAT-B1 IRWIN/rad10,1.0,0,test
2013281N12098,2013-10-09T03:00:00,E:\Cyclone-x-prototype\datas\HURSAT_NI\2013\2013281N12098\2013281N12098.PHAILIN.2013.10.09.0300.44.MET-7.032.hursat-b1.v06.nc,2013-10-09T03:00:00,0.0,0,Depression / Weak System,HURSAT-B1 IRWIN/rad10,1.0,0,test
2013281N12098,2013-10-09T03:00:00,E:\Cyclone-x-prototype\datas\HURSAT_NI\2013\2013281N12098\2013281N12098.PHAILIN.2013.10.09.0300.61.MTS-2.032.hursat-b1.v06.nc,2013-10-09T03:00:00,0.0,0,Depression / Weak System,HURSAT-B1 IRWIN/rad10,1.0,0,test
2013281N12098,2013-10-09T06:00:00,E:\Cyclone-x-prototype\datas\HURSAT_NI\2013\2013281N12098\2013281N12098.PHAILIN.2013.10.09.0600.21.FY2-E.033.hursat-b1.v06.nc,2013-10-09T06:00:00,0.0,0,Depression / Weak System,HURSAT-B1 IRWIN/rad10,1.0,0,test
2013281N12098,2013-10-09T06:00:00,E:\Cyclone-x-prototype\datas\HURSAT_NI\2013\2013281N12098\2013281N12098.PHAILIN.2013.10.09.0600.44.MET-7.033.hursat-b1.v06.nc,2013-10-09T06:00:00,0.0,0,Depression / Weak System,HURSAT-B1 IRWIN/rad10,1.0,0,test
2013281N12098,2013-10-09T06:00:00,E:\Cyclone-x-prototype\datas\HURSAT_NI\2013\2013281N12098\2013281N12098.PHAILIN.2013.10.09.0600.61.MTS-2.033.hursat-b1.v06.nc,2013-10-09T06:00:00,0.0,0,Depression / Weak System,HURSAT-B1 IRWIN/rad10,1.0,0,test
2013281N12098,2013-10-09T09:00:00,E:\Cyclone-x-prototype\datas\HURSAT_NI\2013\2013281N12098\2013281N12098.PHAILIN.2013.10.09.0900.21.FY2-E.035.hursat-b1.v06.nc,2013-10-09T09:00:00,0.0,0,Depression / Weak System,HURSAT-B1 IRWIN/rad10,1.0,0,test
2013281N12098,2013-10-09T09:00:00,E:\Cyclone-x-prototype\datas\HURSAT_NI\2013\2013281N12098\2013281N12098.PHAILIN.2013.10.09.0900.44.MET-7.035.hursat-b1.v06.nc,2013-10-09T09:00:00,0.0,0,Depression / Weak System,HURSAT-B1 IRWIN/rad10,1.0,0,test
2013281N12098,2013-10-09T09:00:00,E:\Cyclone-x-prototype\datas\HURSAT_NI\2013\2013281N12098\2013281N12098.PHAILIN.2013.10.09.0900.61.MTS-2.035.hursat-b1.v06.nc,2013-10-09T09:00:00,0.0,0,Depression / Weak System,HURSAT-B1 IRWIN/rad10,1.0,0,test
2013281N12098,2013-10-09T12:00:00,E:\Cyclone-x-prototype\datas\HURSAT_NI\2013\2013281N12098\2013281N12098.PHAILIN.2013.10.09.1200.21.FY2-E.037.hursat-b1.v06.nc,2013-10-09T12:00:00,0.0,1,Cyclonic Storm,HURSAT-B1 IRWIN/rad10,1.0,0,test
2013281N12098,2013-10-09T12:00:00,E:\Cyclone-x-prototype\datas\HURSAT_NI\2013\2013281N12098\2013281N12098.PHAILIN.2013.10.09.1200.44.MET-7.037.hursat-b1.v06.nc,2013-10-09T12:00:00,0.0,1,Cyclonic Storm,HURSAT-B1 IRWIN/rad10,1.0,0,test
2013281N12098,2013-10-09T12:00:00,E:\Cyclone-x-prototype\datas\HURSAT_NI\2013\2013281N12098\2013281N12098.PHAILIN.2013.10.09.1200.62.MTS-2.037.hursat-b1.v06.nc,2013-10-09T12:00:00,0.0,1,Cyclonic Storm,HURSAT-B1 IRWIN/rad10,1.0,0,test
2013281N12098,2013-10-09T15:00:00,E:\Cyclone-x-prototype\datas\HURSAT_NI\2013\2013281N12098\2013281N12098.PHAILIN.2013.10.09.1500.22.FY2-E.041.hursat-b1.v06.nc,2013-10-09T15:00:00,0.0,1,Cyclonic Storm,HURSAT-B1 IRWIN/rad10,1.0,0,test
2013281N12098,2013-10-09T15:00:00,E:\Cyclone-x-prototype\datas\HURSAT_NI\2013\2013281N12098\2013281N12098.PHAILIN.2013.10.09.1500.44.MET-7.041.hursat-b1.v06.nc,2013-10-09T15:00:00,0.0,1,Cyclonic Storm,HURSAT-B1 IRWIN/rad10,1.0,0,test
2013281N12098,2013-10-09T15:00:00,E:\Cyclone-x-prototype\datas\HURSAT_NI\2013\2013281N12098\2013281N12098.PHAILIN.2013.10.09.1500.62.MTS-2.041.hursat-b1.v06.nc,2013-10-09T15:00:00,0.0,1,Cyclonic Storm,HURSAT-B1 IRWIN/rad10,1.0,0,test
2013281N12098,2013-10-09T18:00:00,E:\Cyclone-x-prototype\datas\HURSAT_NI\2013\2013281N12098\2013281N12098.PHAILIN.2013.10.09.1800.43.MET-7.044.hursat-b1.v06.nc,2013-10-09T18:00:00,0.0,1,Cyclonic Storm,HURSAT-B1 IRWIN/rad10,1.0,0,test
2013281N12098,2013-10-09T18:00:00,E:\Cyclone-x-prototype\datas\HURSAT_NI\2013\2013281N12098\2013281N12098.PHAILIN.2013.10.09.1800.62.MTS-2.044.hursat-b1.v06.nc,2013-10-09T18:00:00,0.0,1,Cyclonic Storm,HURSAT-B1 IRWIN/rad10,1.0,0,test
2013281N12098,2013-10-09T21:00:00,E:\Cyclone-x-prototype\datas\HURSAT_NI\2013\2013281N12098\2013281N12098.PHAILIN.2013.10.09.2100.22.FY2-E.048.hursat-b1.v06.nc,2013-10-09T21:00:00,0.0,1,Cyclonic Storm,HURSAT-B1 IRWIN/rad10,1.0,0,test
2013281N12098,2013-10-09T21:00:00,E:\Cyclone-x-prototype\datas\HURSAT_NI\2013\2013281N12098\2013281N12098.PHAILIN.2013.10.09.2100.43.MET-7.048.hursat-b1.v06.nc,2013-10-09T21:00:00,0.0,1,Cyclonic Storm,HURSAT-B1 IRWIN/rad10,1.0,0,test
2013281N12098,2013-10-09T21:00:00,E:\Cyclone-x-prototype\datas\HURSAT_NI\2013\2013281N12098\2013281N12098.PHAILIN.2013.10.09.2100.63.MTS-2.048.hursat-b1.v06.nc,2013-10-09T21:00:00,0.0,1,Cyclonic Storm,HURSAT-B1 IRWIN/rad10,1.0,0,test
2013281N12098,2013-10-10T00:00:00,E:\Cyclone-x-prototype\datas\HURSAT_NI\2013\2013281N12098\2013281N12098.PHAILIN.2013.10.10.0000.23.FY2-E.051.hursat-b1.v06.nc,2013-10-10T00:00:00,0.0,1,Cyclonic Storm,HURSAT-B1 IRWIN/rad10,1.0,0,test
2013281N12098,2013-10-10T00:00:00,E:\Cyclone-x-prototype\datas\HURSAT_NI\2013\2013281N12098\2013281N12098.PHAILIN.2013.10.10.0000.43.MET-7.051.hursat-b1.v06.nc,2013-10-10T00:00:00,0.0,1,Cyclonic Storm,HURSAT-B1 IRWIN/rad10,1.0,0,test
2013281N12098,2013-10-10T00:00:00,E:\Cyclone-x-prototype\datas\HURSAT_NI\2013\2013281N12098\2013281N12098.PHAILIN.2013.10.10.0000.63.MTS-2.051.hursat-b1.v06.nc,2013-10-10T00:00:00,0.0,1,Cyclonic Storm,HURSAT-B1 IRWIN/rad10,1.0,0,test
2013281N12098,2013-10-10T03:00:00,E:\Cyclone-x-prototype\datas\HURSAT_NI\2013\2013281N12098\2013281N12098.PHAILIN.2013.10.10.0300.23.FY2-E.062.hursat-b1.v06.nc,2013-10-10T03:00:00,0.0,1,Cyclonic Storm,HURSAT-B1 IRWIN/rad10,1.0,0,test
2013281N12098,2013-10-10T03:00:00,E:\Cyclone-x-prototype\datas\HURSAT_NI\2013\2013281N12098\2013281N12098.PHAILIN.2013.10.10.0300.43.MET-7.062.hursat-b1.v06.nc,2013-10-10T03:00:00,0.0,1,Cyclonic Storm,HURSAT-B1 IRWIN/rad10,1.0,0,test
2013281N12098,2013-10-10T03:00:00,E:\Cyclone-x-prototype\datas\HURSAT_NI\2013\2013281N12098\2013281N12098.PHAILIN.2013.10.10.0300.63.MTS-2.062.hursat-b1.v06.nc,2013-10-10T03:00:00,0.0,1,Cyclonic Storm,HURSAT-B1 IRWIN/rad10,1.0,0,test
2013281N12098,2013-10-10T06:00:00,E:\Cyclone-x-prototype\datas\HURSAT_NI\2013\2013281N12098\2013281N12098.PHAILIN.2013.10.10.0600.24.FY2-E.072.hursat-b1.v06.nc,2013-10-10T06:00:00,0.0,2,Severe Cyclone,HURSAT-B1 IRWIN/rad10,1.0,0,test
2013281N12098,2013-10-10T06:00:00,E:\Cyclone-x-prototype\datas\HURSAT_NI\2013\2013281N12098\2013281N12098.PHAILIN.2013.10.10.0600.43.MET-7.072.hursat-b1.v06.nc,2013-10-10T06:00:00,0.0,2,Severe Cyclone,HURSAT-B1 IRWIN/rad10,1.0,0,test
2013281N12098,2013-10-10T06:00:00,E:\Cyclone-x-prototype\datas\HURSAT_NI\2013\2013281N12098\2013281N12098.PHAILIN.2013.10.10.0600.64.MTS-2.072.hursat-b1.v06.nc,2013-10-10T06:00:00,0.0,2,Severe Cyclone,HURSAT-B1 IRWIN/rad10,1.0,0,test
2013281N12098,2013-10-10T09:00:00,E:\Cyclone-x-prototype\datas\HURSAT_NI\2013\2013281N12098\2013281N12098.PHAILIN.2013.10.10.0900.24.FY2-E.079.hursat-b1.v06.nc,2013-10-10T09:00:00,0.0,2,Severe Cyclone,HURSAT-B1 IRWIN/rad10,1.0,0,test
2013281N12098,2013-10-10T09:00:00,E:\Cyclone-x-prototype\datas\HURSAT_NI\2013\2013281N12098\2013281N12098.PHAILIN.2013.10.10.0900.42.MET-7.079.hursat-b1.v06.nc,2013-10-10T09:00:00,0.0,2,Severe Cyclone,HURSAT-B1 IRWIN/rad10,1.0,0,test
2013281N12098,2013-10-10T09:00:00,E:\Cyclone-x-prototype\datas\HURSAT_NI\2013\2013281N12098\2013281N12098.PHAILIN.2013.10.10.0900.64.MTS-2.079.hursat-b1.v06.nc,2013-10-10T09:00:00,0.0,2,Severe Cyclone,HURSAT-B1 IRWIN/rad10,1.0,0,test
2013281N12098,2013-10-10T12:00:00,E:\Cyclone-x-prototype\datas\HURSAT_NI\2013\2013281N12098\2013281N12098.PHAILIN.2013.10.10.1200.25.FY2-E.086.hursat-b1.v06.nc,2013-10-10T12:00:00,0.0,2,Severe Cyclone,HURSAT-B1 IRWIN/rad10,1.0,0,test
2013281N12098,2013-10-10T12:00:00,E:\Cyclone-x-prototype\datas\HURSAT_NI\2013\2013281N12098\2013281N12098.PHAILIN.2013.10.10.1200.42.MET-7.086.hursat-b1.v06.nc,2013-10-10T12:00:00,0.0,2,Severe Cyclone,HURSAT-B1 IRWIN/rad10,1.0,0,test
2013281N12098,2013-10-10T12:00:00,E:\Cyclone-x-prototype\datas\HURSAT_NI\2013\2013281N12098\2013281N12098.PHAILIN.2013.10.10.1200.65.MTS-2.086.hursat-b1.v06.nc,2013-10-10T12:00:00,0.0,2,Severe Cyclone,HURSAT-B1 IRWIN/rad10,1.0,0,test
2013281N12098,2013-10-10T15:00:00,E:\Cyclone-x-prototype\datas\HURSAT_NI\2013\2013281N12098\2013281N12098.PHAILIN.2013.10.10.1500.25.FY2-E.095.hursat-b1.v06.nc,2013-10-10T15:00:00,0.0,2,Severe Cyclone,HURSAT-B1 IRWIN/rad10,1.0,0,test
2013281N12098,2013-10-10T15:00:00,E:\Cyclone-x-prototype\datas\HURSAT_NI\2013\2013281N12098\2013281N12098.PHAILIN.2013.10.10.1500.42.MET-7.095.hursat-b1.v06.nc,2013-10-10T15:00:00,0.0,2,Severe Cyclone,HURSAT-B1 IRWIN/rad10,1.0,0,test
2013281N12098,2013-10-10T15:00:00,E:\Cyclone-x-prototype\datas\HURSAT_NI\2013\2013281N12098\2013281N12098.PHAILIN.2013.10.10.1500.65.MTS-2.095.hursat-b1.v06.nc,2013-10-10T15:00:00,0.0,2,Severe Cyclone,HURSAT-B1 IRWIN/rad10,1.0,0,test
2013281N12098,2013-10-10T18:00:00,E:\Cyclone-x-prototype\datas\HURSAT_NI\2013\2013281N12098\2013281N12098.PHAILIN.2013.10.10.1800.42.MET-7.105.hursat-b1.v06.nc,2013-10-10T18:00:00,0.0,2,Severe Cyclone,HURSAT-B1 IRWIN/rad10,1.0,0,test
2013281N12098,2013-10-10T18:00:00,E:\Cyclone-x-prototype\datas\HURSAT_NI\2013\2013281N12098\2013281N12098.PHAILIN.2013.10.10.1800.65.MTS-2.105.hursat-b1.v06.nc,2013-10-10T18:00:00,0.0,2,Severe Cyclone,HURSAT-B1 IRWIN/rad10,1.0,0,test
2013281N12098,2013-10-10T21:00:00,E:\Cyclone-x-prototype\datas\HURSAT_NI\2013\2013281N12098\2013281N12098.PHAILIN.2013.10.10.2100.26.FY2-E.110.hursat-b1.v06.nc,2013-10-10T21:00:00,0.0,2,Severe Cyclone,HURSAT-B1 IRWIN/rad10,1.0,0,test
2013281N12098,2013-10-10T21:00:00,E:\Cyclone-x-prototype\datas\HURSAT_NI\2013\2013281N12098\2013281N12098.PHAILIN.2013.10.10.2100.41.MET-7.110.hursat-b1.v06.nc,2013-10-10T21:00:00,0.0,2,Severe Cyclone,HURSAT-B1 IRWIN/rad10,1.0,0,test
2013281N12098,2013-10-10T21:00:00,E:\Cyclone-x-prototype\datas\HURSAT_NI\2013\2013281N12098\2013281N12098.PHAILIN.2013.10.10.2100.66.MTS-2.110.hursat-b1.v06.nc,2013-10-10T21:00:00,0.0,2,Severe Cyclone,HURSAT-B1 IRWIN/rad10,1.0,0,test
2013281N12098,2013-10-11T00:00:00,E:\Cyclone-x-prototype\datas\HURSAT_NI\2013\2013281N12098\2013281N12098.PHAILIN.2013.10.11.0000.26.FY2-E.114.hursat-b1.v06.nc,2013-10-11T00:00:00,0.0,2,Severe Cyclone,HURSAT-B1 IRWIN/rad10,1.0,0,test
2013281N12098,2013-10-11T00:00:00,E:\Cyclone-x-prototype\datas\HURSAT_NI\2013\2013281N12098\2013281N12098.PHAILIN.2013.10.11.0000.41.MET-7.114.hursat-b1.v06.nc,2013-10-11T00:00:00,0.0,2,Severe Cyclone,HURSAT-B1 IRWIN/rad10,1.0,0,test
2013281N12098,2013-10-11T00:00:00,E:\Cyclone-x-prototype\datas\HURSAT_NI\2013\2013281N12098\2013281N12098.PHAILIN.2013.10.11.0000.66.MTS-2.114.hursat-b1.v06.nc,2013-10-11T00:00:00,0.0,2,Severe Cyclone,HURSAT-B1 IRWIN/rad10,1.0,0,test
2013281N12098,2013-10-11T03:00:00,E:\Cyclone-x-prototype\datas\HURSAT_NI\2013\2013281N12098\2013281N12098.PHAILIN.2013.10.11.0300.26.FY2-E.116.hursat-b1.v06.nc,2013-10-11T03:00:00,0.0,2,Severe Cyclone,HURSAT-B1 IRWIN/rad10,1.0,0,test
2013281N12098,2013-10-11T03:00:00,E:\Cyclone-x-prototype\datas\HURSAT_NI\2013\2013281N12098\2013281N12098.PHAILIN.2013.10.11.0300.41.MET-7.116.hursat-b1.v06.nc,2013-10-11T03:00:00,0.0,2,Severe Cyclone,HURSAT-B1 IRWIN/rad10,1.0,0,test
2013281N12098,2013-10-11T03:00:00,E:\Cyclone-x-prototype\datas\HURSAT_NI\2013\2013281N12098\2013281N12098.PHAILIN.2013.10.11.0300.66.MTS-2.116.hursat-b1.v06.nc,2013-10-11T03:00:00,0.0,2,Severe Cyclone,HURSAT-B1 IRWIN/rad10,1.0,0,test
2013281N12098,2013-10-11T06:00:00,E:\Cyclone-x-prototype\datas\HURSAT_NI\2013\2013281N12098\2013281N12098.PHAILIN.2013.10.11.0600.27.FY2-E.117.hursat-b1.v06.nc,2013-10-11T06:00:00,0.0,2,Severe Cyclone,HURSAT-B1 IRWIN/rad10,1.0,0,test
2013281N12098,2013-10-11T06:00:00,E:\Cyclone-x-prototype\datas\HURSAT_NI\2013\2013281N12098\2013281N12098.PHAILIN.2013.10.11.0600.41.MET-7.117.hursat-b1.v06.nc,2013-10-11T06:00:00,0.0,2,Severe Cyclone,HURSAT-B1 IRWIN/rad10,1.0,0,test
2013281N12098,2013-10-11T06:00:00,E:\Cyclone-x-prototype\datas\HURSAT_NI\2013\2013281N12098\2013281N12098.PHAILIN.2013.10.11.0600.67.MTS-2.117.hursat-b1.v06.nc,2013-10-11T06:00:00,0.0,2,Severe Cyclone,HURSAT-B1 IRWIN/rad10,1.0,0,test
2013281N12098,2013-10-11T09:00:00,E:\Cyclone-x-prototype\datas\HURSAT_NI\2013\2013281N12098\2013281N12098.PHAILIN.2013.10.11.0900.27.FY2-E.118.hursat-b1.v06.nc,2013-10-11T09:00:00,0.0,2,Severe Cyclone,HURSAT-B1 IRWIN/rad10,1.0,0,test
2013281N12098,2013-10-11T09:00:00,E:\Cyclone-x-prototype\datas\HURSAT_NI\2013\2013281N12098\2013281N12098.PHAILIN.2013.10.11.0900.41.MET-7.118.hursat-b1.v06.nc,2013-10-11T09:00:00,0.0,2,Severe Cyclone,HURSAT-B1 IRWIN/rad10,1.0,0,test
2013281N12098,2013-10-11T09:00:00,E:\Cyclone-x-prototype\datas\HURSAT_NI\2013\2013281N12098\2013281N12098.PHAILIN.2013.10.11.0900.67.MTS-2.118.hursat-b1.v06.nc,2013-10-11T09:00:00,0.0,2,Severe Cyclone,HURSAT-B1 IRWIN/rad10,1.0,0,test
2013281N12098,2013-10-11T12:00:00,E:\Cyclone-x-prototype\datas\HURSAT_NI\2013\2013281N12098\2013281N12098.PHAILIN.2013.10.11.1200.28.FY2-E.119.hursat-b1.v06.nc,2013-10-11T12:00:00,0.0,2,Severe Cyclone,HURSAT-B1 IRWIN/rad10,1.0,0,test
2013281N12098,2013-10-11T12:00:00,E:\Cyclone-x-prototype\datas\HURSAT_NI\2013\2013281N12098\2013281N12098.PHAILIN.2013.10.11.1200.40.MET-7.119.hursat-b1.v06.nc,2013-10-11T12:00:00,0.0,2,Severe Cyclone,HURSAT-B1 IRWIN/rad10,1.0,0,test
2013281N12098,2013-10-11T12:00:00,E:\Cyclone-x-prototype\datas\HURSAT_NI\2013\2013281N12098\2013281N12098.PHAILIN.2013.10.11.1200.67.MTS-2.119.hursat-b1.v06.nc,2013-10-11T12:00:00,0.0,2,Severe Cyclone,HURSAT-B1 IRWIN/rad10,1.0,0,test
2013281N12098,2013-10-11T15:00:00,E:\Cyclone-x-prototype\datas\HURSAT_NI\2013\2013281N12098\2013281N12098.PHAILIN.2013.10.11.1500.28.FY2-E.119.hursat-b1.v06.nc,2013-10-11T15:00:00,0.0,2,Severe Cyclone,HURSAT-B1 IRWIN/rad10,1.0,0,test
2013281N12098,2013-10-11T15:00:00,E:\Cyclone-x-prototype\datas\HURSAT_NI\2013\2013281N12098\2013281N12098.PHAILIN.2013.10.11.1500.40.MET-7.119.hursat-b1.v06.nc,2013-10-11T15:00:00,0.0,2,Severe Cyclone,HURSAT-B1 IRWIN/rad10,1.0,0,test
2013281N12098,2013-10-11T15:00:00,E:\Cyclone-x-prototype\datas\HURSAT_NI\2013\2013281N12098\2013281N12098.PHAILIN.2013.10.11.1500.68.MTS-2.119.hursat-b1.v06.nc,2013-10-11T15:00:00,0.0,2,Severe Cyclone,HURSAT-B1 IRWIN/rad10,1.0,0,test
2013281N12098,2013-10-11T18:00:00,E:\Cyclone-x-prototype\datas\HURSAT_NI\2013\2013281N12098\2013281N12098.PHAILIN.2013.10.11.1800.40.MET-7.119.hursat-b1.v06.nc,2013-10-11T18:00:00,0.0,2,Severe Cyclone,HURSAT-B1 IRWIN/rad10,1.0,0,test
2013281N12098,2013-10-11T18:00:00,E:\Cyclone-x-prototype\datas\HURSAT_NI\2013\2013281N12098\2013281N12098.PHAILIN.2013.10.11.1800.68.MTS-2.119.hursat-b1.v06.nc,2013-10-11T18:00:00,0.0,2,Severe Cyclone,HURSAT-B1 IRWIN/rad10,1.0,0,test
2013281N12098,2013-10-11T21:00:00,E:\Cyclone-x-prototype\datas\HURSAT_NI\2013\2013281N12098\2013281N12098.PHAILIN.2013.10.11.2100.29.FY2-E.119.hursat-b1.v06.nc,2013-10-11T21:00:00,0.0,2,Severe Cyclone,HURSAT-B1 IRWIN/rad10,1.0,0,test
2013281N12098,2013-10-11T21:00:00,E:\Cyclone-x-prototype\datas\HURSAT_NI\2013\2013281N12098\2013281N12098.PHAILIN.2013.10.11.2100.40.MET-7.119.hursat-b1.v06.nc,2013-10-11T21:00:00,0.0,2,Severe Cyclone,HURSAT-B1 IRWIN/rad10,1.0,0,test
2013281N12098,2013-10-11T21:00:00,E:\Cyclone-x-prototype\datas\HURSAT_NI\2013\2013281N12098\2013281N12098.PHAILIN.2013.10.11.2100.68.MTS-2.119.hursat-b1.v06.nc,2013-10-11T21:00:00,0.0,2,Severe Cyclone,HURSAT-B1 IRWIN/rad10,1.0,0,test
2013281N12098,2013-10-12T00:00:00,E:\Cyclone-x-prototype\datas\HURSAT_NI\2013\2013281N12098\2013281N12098.PHAILIN.2013.10.12.0000.29.FY2-E.119.hursat-b1.v06.nc,2013-10-12T00:00:00,0.0,2,Severe Cyclone,HURSAT-B1 IRWIN/rad10,1.0,0,test
2013281N12098,2013-10-12T00:00:00,E:\Cyclone-x-prototype\datas\HURSAT_NI\2013\2013281N12098\2013281N12098.PHAILIN.2013.10.12.0000.39.MET-7.119.hursat-b1.v06.nc,2013-10-12T00:00:00,0.0,2,Severe Cyclone,HURSAT-B1 IRWIN/rad10,1.0,0,test
2013281N12098,2013-10-12T00:00:00,E:\Cyclone-x-prototype\datas\HURSAT_NI\2013\2013281N12098\2013281N12098.PHAILIN.2013.10.12.0000.69.MTS-2.119.hursat-b1.v06.nc,2013-10-12T00:00:00,0.0,2,Severe Cyclone,HURSAT-B1 IRWIN/rad10,1.0,0,test
2013281N12098,2013-10-12T03:00:00,E:\Cyclone-x-prototype\datas\HURSAT_NI\2013\2013281N12098\2013281N12098.PHAILIN.2013.10.12.0300.30.FY2-E.118.hursat-b1.v06.nc,2013-10-12T03:00:00,0.0,2,Severe Cyclone,HURSAT-B1 IRWIN/rad10,1.0,0,test
2013281N12098,2013-10-12T03:00:00,E:\Cyclone-x-prototype\datas\HURSAT_NI\2013\2013281N12098\2013281N12098.PHAILIN.2013.10.12.0300.39.MET-7.118.hursat-b1.v06.nc,2013-10-12T03:00:00,0.0,2,Severe Cyclone,HURSAT-B1 IRWIN/rad10,1.0,0,test
2013281N12098,2013-10-12T03:00:00,E:\Cyclone-x-prototype\datas\HURSAT_NI\2013\2013281N12098\2013281N12098.PHAILIN.2013.10.12.0300.69.MTS-2.118.hursat-b1.v06.nc,2013-10-12T03:00:00,0.0,2,Severe Cyclone,HURSAT-B1 IRWIN/rad10,1.0,0,test
2013281N12098,2013-10-12T06:00:00,E:\Cyclone-x-prototype\datas\HURSAT_NI\2013\2013281N12098\2013281N12098.PHAILIN.2013.10.12.0600.30.FY2-E.117.hursat-b1.v06.nc,2013-10-12T06:00:00,0.0,2,Severe Cyclone,HURSAT-B1 IRWIN/rad10,1.0,0,test
2013281N12098,2013-10-12T06:00:00,E:\Cyclone-x-prototype\datas\HURSAT_NI\2013\2013281N12098\2013281N12098.PHAILIN.2013.10.12.0600.39.MET-7.117.hursat-b1.v06.nc,2013-10-12T06:00:00,0.0,2,Severe Cyclone,HURSAT-B1 IRWIN/rad10,1.0,0,test
2013281N12098,2013-10-12T06:00:00,E:\Cyclone-x-prototype\datas\HURSAT_NI\2013\2013281N12098\2013281N12098.PHAILIN.2013.10.12.0600.70.MTS-2.117.hursat-b1.v06.nc,2013-10-12T06:00:00,0.0,2,Severe Cyclone,HURSAT-B1 IRWIN/rad10,1.0,0,test
2013281N12098,2013-10-12T09:00:00,E:\Cyclone-x-prototype\datas\HURSAT_NI\2013\2013281N12098\2013281N12098.PHAILIN.2013.10.12.0900.31.FY2-E.115.hursat-b1.v06.nc,2013-10-12T09:00:00,0.0,2,Severe Cyclone,HURSAT-B1 IRWIN/rad10,1.0,0,test
2013281N12098,2013-10-12T09:00:00,E:\Cyclone-x-prototype\datas\HURSAT_NI\2013\2013281N12098\2013281N12098.PHAILIN.2013.10.12.0900.39.MET-7.115.hursat-b1.v06.nc,2013-10-12T09:00:00,0.0,2,Severe Cyclone,HURSAT-B1 IRWIN/rad10,1.0,0,test
2013281N12098,2013-10-12T09:00:00,E:\Cyclone-x-prototype\datas\HURSAT_NI\2013\2013281N12098\2013281N12098.PHAILIN.2013.10.12.0900.70.MTS-2.115.hursat-b1.v06.nc,2013-10-12T09:00:00,0.0,2,Severe Cyclone,HURSAT-B1 IRWIN/rad10,1.0,0,test
2013281N12098,2013-10-12T12:00:00,E:\Cyclone-x-prototype\datas\HURSAT_NI\2013\2013281N12098\2013281N12098.PHAILIN.2013.10.12.1200.31.FY2-E.113.hursat-b1.v06.nc,2013-10-12T12:00:00,0.0,2,Severe Cyclone,HURSAT-B1 IRWIN/rad10,1.0,0,test
2013281N12098,2013-10-12T12:00:00,E:\Cyclone-x-prototype\datas\HURSAT_NI\2013\2013281N12098\2013281N12098.PHAILIN.2013.10.12.1200.39.MET-7.113.hursat-b1.v06.nc,2013-10-12T12:00:00,0.0,2,Severe Cyclone,HURSAT-B1 IRWIN/rad10,1.0,0,test
2013281N12098,2013-10-12T12:00:00,E:\Cyclone-x-prototype\datas\HURSAT_NI\2013\2013281N12098\2013281N12098.PHAILIN.2013.10.12.1200.70.MTS-2.113.hursat-b1.v06.nc,2013-10-12T12:00:00,0.0,2,Severe Cyclone,HURSAT-B1 IRWIN/rad10,1.0,0,test
2013281N12098,2013-10-12T15:00:00,E:\Cyclone-x-prototype\datas\HURSAT_NI\2013\2013281N12098\2013281N12098.PHAILIN.2013.10.12.1500.32.FY2-E.103.hursat-b1.v06.nc,2013-10-12T15:00:00,0.0,2,Severe Cyclone,HURSAT-B1 IRWIN/rad10,1.0,0,test
2013281N12098,2013-10-12T15:00:00,E:\Cyclone-x-prototype\datas\HURSAT_NI\2013\2013281N12098\2013281N12098.PHAILIN.2013.10.12.1500.39.MET-7.103.hursat-b1.v06.nc,2013-10-12T15:00:00,0.0,2,Severe Cyclone,HURSAT-B1 IRWIN/rad10,1.0,0,test
2013281N12098,2013-10-12T15:00:00,E:\Cyclone-x-prototype\datas\HURSAT_NI\2013\2013281N12098\2013281N12098.PHAILIN.2013.10.12.1500.70.MTS-2.103.hursat-b1.v06.nc,2013-10-12T15:00:00,0.0,2,Severe Cyclone,HURSAT-B1 IRWIN/rad10,1.0,0,test
2013281N12098,2013-10-12T18:00:00,E:\Cyclone-x-prototype\datas\HURSAT_NI\2013\2013281N12098\2013281N12098.PHAILIN.2013.10.12.1800.39.MET-7.094.hursat-b1.v06.nc,2013-10-12T18:00:00,0.0,2,Severe Cyclone,HURSAT-B1 IRWIN/rad10,1.0,0,test
2013281N12098,2013-10-12T18:00:00,E:\Cyclone-x-prototype\datas\HURSAT_NI\2013\2013281N12098\2013281N12098.PHAILIN.2013.10.12.1800.71.MTS-2.094.hursat-b1.v06.nc,2013-10-12T18:00:00,0.0,2,Severe Cyclone,HURSAT-B1 IRWIN/rad10,1.0,0,test
2013281N12098,2013-10-12T21:00:00,E:\Cyclone-x-prototype\datas\HURSAT_NI\2013\2013281N12098\2013281N12098.PHAILIN.2013.10.12.2100.33.FY2-E.082.hursat-b1.v06.nc,2013-10-12T21:00:00,0.0,2,Severe Cyclone,HURSAT-B1 IRWIN/rad10,1.0,0,test
2013281N12098,2013-10-12T21:00:00,E:\Cyclone-x-prototype\datas\HURSAT_NI\2013\2013281N12098\2013281N12098.PHAILIN.2013.10.12.2100.39.MET-7.082.hursat-b1.v06.nc,2013-10-12T21:00:00,0.0,2,Severe Cyclone,HURSAT-B1 IRWIN/rad10,1.0,0,test
2013281N12098,2013-10-12T21:00:00,E:\Cyclone-x-prototype\datas\HURSAT_NI\2013\2013281N12098\2013281N12098.PHAILIN.2013.10.12.2100.71.MTS-2.082.hursat-b1.v06.nc,2013-10-12T21:00:00,0.0,2,Severe Cyclone,HURSAT-B1 IRWIN/rad10,1.0,0,test
2013281N12098,2013-10-13T00:00:00,E:\Cyclone-x-prototype\datas\HURSAT_NI\2013\2013281N12098\2013281N12098.PHAILIN.2013.10.13.0000.33.FY2-E.071.hursat-b1.v06.nc,2013-10-13T00:00:00,0.0,2,Severe Cyclone,HURSAT-B1 IRWIN/rad10,1.0,0,test
2013281N12098,2013-10-13T00:00:00,E:\Cyclone-x-prototype\datas\HURSAT_NI\2013\2013281N12098\2013281N12098.PHAILIN.2013.10.13.0000.39.MET-7.071.hursat-b1.v06.nc,2013-10-13T00:00:00,0.0,2,Severe Cyclone,HURSAT-B1 IRWIN/rad10,1.0,0,test
2013281N12098,2013-10-13T00:00:00,E:\Cyclone-x-prototype\datas\HURSAT_NI\2013\2013281N12098\2013281N12098.PHAILIN.2013.10.13.0000.71.MTS-2.071.hursat-b1.v06.nc,2013-10-13T00:00:00,0.0,2,Severe Cyclone,HURSAT-B1 IRWIN/rad10,1.0,0,test
2013281N12098,2013-10-13T03:00:00,E:\Cyclone-x-prototype\datas\HURSAT_NI\2013\2013281N12098\2013281N12098.PHAILIN.2013.10.13.0300.34.FY2-E.056.hursat-b1.v06.nc,2013-10-13T03:00:00,0.0,1,Cyclonic Storm,HURSAT-B1 IRWIN/rad10,1.0,0,test
2013281N12098,2013-10-13T03:00:00,E:\Cyclone-x-prototype\datas\HURSAT_NI\2013\2013281N12098\2013281N12098.PHAILIN.2013.10.13.0300.40.MET-7.056.hursat-b1.v06.nc,2013-10-13T03:00:00,0.0,1,Cyclonic Storm,HURSAT-B1 IRWIN/rad10,1.0,0,test
2013305N07141,2013-11-12T21:00:00,E:\Cyclone-x-prototype\datas\HURSAT_NI\2013\2013305N07141\2013305N07141.TD.2013.11.12.2100.37.MET-7.023.hursat-b1.v06.nc,2013-11-13T00:00:00,3.0,0,Depression / Weak System,HURSAT-B1 IRWIN/rad10,1.0,0,train
2013305N07141,2013-11-12T21:00:00,E:\Cyclone-x-prototype\datas\HURSAT_NI\2013\2013305N07141\2013305N07141.TD.2013.11.12.2100.62.MTS-1.023.hursat-b1.v06.nc,2013-11-13T00:00:00,3.0,0,Depression / Weak System,HURSAT-B1 IRWIN/rad10,1.0,0,train
2013305N07141,2013-11-13T00:00:00,E:\Cyclone-x-prototype\datas\HURSAT_NI\2013\2013305N07141\2013305N07141.TD.2013.11.13.0000.37.MET-7.024.hursat-b1.v06.nc,2013-11-13T00:00:00,0.0,0,Depression / Weak System,HURSAT-B1 IRWIN/rad10,1.0,0,train
2013305N07141,2013-11-13T00:00:00,E:\Cyclone-x-prototype\datas\HURSAT_NI\2013\2013305N07141\2013305N07141.TD.2013.11.13.0000.62.MTS-1.024.hursat-b1.v06.nc,2013-11-13T00:00:00,0.0,0,Depression / Weak System,HURSAT-B1 IRWIN/rad10,1.0,0,train
2013305N07141,2013-11-13T03:00:00,E:\Cyclone-x-prototype\datas\HURSAT_NI\2013\2013305N07141\2013305N07141.TD.2013.11.13.0300.25.FY2-E.024.hursat-b1.v06.nc,2013-11-13T03:00:00,0.0,0,Depression / Weak System,HURSAT-B1 IRWIN/rad10,1.0,0,train
2013305N07141,2013-11-13T03:00:00,E:\Cyclone-x-prototype\datas\HURSAT_NI\2013\2013305N07141\2013305N07141.TD.2013.11.13.0300.36.MET-7.024.hursat-b1.v06.nc,2013-11-13T03:00:00,0.0,0,Depression / Weak System,HURSAT-B1 IRWIN/rad10,1.0,0,train
2013305N07141,2013-11-13T03:00:00,E:\Cyclone-x-prototype\datas\HURSAT_NI\2013\2013305N07141\2013305N07141.TD.2013.11.13.0300.62.MTS-1.024.hursat-b1.v06.nc,2013-11-13T03:00:00,0.0,0,Depression / Weak System,HURSAT-B1 IRWIN/rad10,1.0,0,train
2013305N07141,2013-11-13T06:00:00,E:\Cyclone-x-prototype\datas\HURSAT_NI\2013\2013305N07141\2013305N07141.TD.2013.11.13.0600.25.FY2-E.024.hursat-b1.v06.nc,2013-11-13T06:00:00,0.0,0,Depression / Weak System,HURSAT-B1 IRWIN/rad10,1.0,0,train
2013305N07141,2013-11-13T06:00:00,E:\Cyclone-x-prototype\datas\HURSAT_NI\2013\2013305N07141\2013305N07141.TD.2013.11.13.0600.36.MET-7.024.hursat-b1.v06.nc,2013-11-13T06:00:00,0.0,0,Depression / Weak System,HURSAT-B1 IRWIN/rad10,1.0,0,train
2013305N07141,2013-11-13T06:00:00,E:\Cyclone-x-prototype\datas\HURSAT_NI\2013\2013305N07141\2013305N07141.TD.2013.11.13.0600.63.MTS-1.024.hursat-b1.v06.nc,2013-11-13T06:00:00,0.0,0,Depression / Weak System,HURSAT-B1 IRWIN/rad10,1.0,0,train
2013305N07141,2013-11-13T09:00:00,E:\Cyclone-x-prototype\datas\HURSAT_NI\2013\2013305N07141\2013305N07141.TD.2013.11.13.0900.25.FY2-E.025.hursat-b1.v06.nc,2013-11-13T06:00:00,3.0,0,Depression / Weak System,HURSAT-B1 IRWIN/rad10,1.0,0,train
2013305N07141,2013-11-13T09:00:00,E:\Cyclone-x-prototype\datas\HURSAT_NI\2013\2013305N07141\2013305N07141.TD.2013.11.13.0900.36.MET-7.025.hursat-b1.v06.nc,2013-11-13T06:00:00,3.0,0,Depression / Weak System,HURSAT-B1 IRWIN/rad10,1.0,0,train
2013305N07141,2013-11-13T09:00:00,E:\Cyclone-x-prototype\datas\HURSAT_NI\2013\2013305N07141\2013305N07141.TD.2013.11.13.0900.63.MTS-1.025.hursat-b1.v06.nc,2013-11-13T06:00:00,3.0,0,Depression / Weak System,HURSAT-B1 IRWIN/rad10,1.0,0,train
2013305N07141,2013-11-13T12:00:00,E:\Cyclone-x-prototype\datas\HURSAT_NI\2013\2013305N07141\2013305N07141.TD.2013.11.13.1200.25.FY2-E.026.hursat-b1.v06.nc,2013-11-13T12:00:00,0.0,0,Depression / Weak System,HURSAT-B1 IRWIN/rad10,1.0,0,train
2013305N07141,2013-11-13T12:00:00,E:\Cyclone-x-prototype\datas\HURSAT_NI\2013\2013305N07141\2013305N07141.TD.2013.11.13.1200.36.MET-7.026.hursat-b1.v06.nc,2013-11-13T12:00:00,0.0,0,Depression / Weak System,HURSAT-B1 IRWIN/rad10,1.0,0,train
2013305N07141,2013-11-13T12:00:00,E:\Cyclone-x-prototype\datas\HURSAT_NI\2013\2013305N07141\2013305N07141.TD.2013.11.13.1200.63.MTS-1.026.hursat-b1.v06.nc,2013-11-13T12:00:00,0.0,0,Depression / Weak System,HURSAT-B1 IRWIN/rad10,1.0,0,train
2013305N07141,2013-11-13T15:00:00,E:\Cyclone-x-prototype\datas\HURSAT_NI\2013\2013305N07141\2013305N07141.TD.2013.11.13.1500.26.FY2-E.026.hursat-b1.v06.nc,2013-11-13T12:00:00,3.0,0,Depression / Weak System,HURSAT-B1 IRWIN/rad10,1.0,0,train
2013305N07141,2013-11-13T15:00:00,E:\Cyclone-x-prototype\datas\HURSAT_NI\2013\2013305N07141\2013305N07141.TD.2013.11.13.1500.36.MET-7.026.hursat-b1.v06.nc,2013-11-13T12:00:00,3.0,0,Depression / Weak System,HURSAT-B1 IRWIN/rad10,1.0,0,train
2013305N07141,2013-11-13T15:00:00,E:\Cyclone-x-prototype\datas\HURSAT_NI\2013\2013305N07141\2013305N07141.TD.2013.11.13.1500.63.MTS-1.026.hursat-b1.v06.nc,2013-11-13T12:00:00,3.0,0,Depression / Weak System,HURSAT-B1 IRWIN/rad10,1.0,0,train
2013305N07141,2013-11-13T18:00:00,E:\Cyclone-x-prototype\datas\HURSAT_NI\2013\2013305N07141\2013305N07141.TD.2013.11.13.1800.26.FY2-E.026.hursat-b1.v06.nc,2013-11-13T18:00:00,0.0,0,Depression / Weak System,HURSAT-B1 IRWIN/rad10,1.0,0,train
2013305N07141,2013-11-13T18:00:00,E:\Cyclone-x-prototype\datas\HURSAT_NI\2013\2013305N07141\2013305N07141.TD.2013.11.13.1800.36.MET-7.026.hursat-b1.v06.nc,2013-11-13T18:00:00,0.0,0,Depression / Weak System,HURSAT-B1 IRWIN/rad10,1.0,0,train
2013305N07141,2013-11-13T18:00:00,E:\Cyclone-x-prototype\datas\HURSAT_NI\2013\2013305N07141\2013305N07141.TD.2013.11.13.1800.63.MTS-1.026.hursat-b1.v06.nc,2013-11-13T18:00:00,0.0,0,Depression / Weak System,HURSAT-B1 IRWIN/rad10,1.0,0,train
2013305N07141,2013-11-13T21:00:00,E:\Cyclone-x-prototype\datas\HURSAT_NI\2013\2013305N07141\2013305N07141.TD.2013.11.13.2100.36.MET-7.026.hursat-b1.v06.nc,2013-11-13T18:00:00,3.0,0,Depression / Weak System,HURSAT-B1 IRWIN/rad10,1.0,0,train
2013305N07141,2013-11-13T21:00:00,E:\Cyclone-x-prototype\datas\HURSAT_NI\2013\2013305N07141\2013305N07141.TD.2013.11.13.2100.63.MTS-1.026.hursat-b1.v06.nc,2013-11-13T18:00:00,3.0,0,Depression / Weak System,HURSAT-B1 IRWIN/rad10,1.0,0,train
2013305N07141,2013-11-14T00:00:00,E:\Cyclone-x-prototype\datas\HURSAT_NI\2013\2013305N07141\2013305N07141.TD.2013.11.14.0000.35.MET-7.026.hursat-b1.v06.nc,2013-11-14T00:00:00,0.0,0,Depression / Weak System,HURSAT-B1 IRWIN/rad10,1.0,0,train
2013305N07141,2013-11-14T00:00:00,E:\Cyclone-x-prototype\datas\HURSAT_NI\2013\2013305N07141\2013305N07141.TD.2013.11.14.0000.64.MTS-1.026.hursat-b1.v06.nc,2013-11-14T00:00:00,0.0,0,Depression / Weak System,HURSAT-B1 IRWIN/rad10,1.0,0,train
2013305N07141,2013-11-14T03:00:00,E:\Cyclone-x-prototype\datas\HURSAT_NI\2013\2013305N07141\2013305N07141.TD.2013.11.14.0300.26.FY2-E.026.hursat-b1.v06.nc,2013-11-14T03:00:00,0.0,0,Depression / Weak System,HURSAT-B1 IRWIN/rad10,1.0,0,train
2013305N07141,2013-11-14T03:00:00,E:\Cyclone-x-prototype\datas\HURSAT_NI\2013\2013305N07141\2013305N07141.TD.2013.11.14.0300.35.MET-7.026.hursat-b1.v06.nc,2013-11-14T03:00:00,0.0,0,Depression / Weak System,HURSAT-B1 IRWIN/rad10,1.0,0,train
2013305N07141,2013-11-14T03:00:00,E:\Cyclone-x-prototype\datas\HURSAT_NI\2013\2013305N07141\2013305N07141.TD.2013.11.14.0300.64.MTS-1.026.hursat-b1.v06.nc,2013-11-14T03:00:00,0.0,0,Depression / Weak System,HURSAT-B1 IRWIN/rad10,1.0,0,train
2013305N07141,2013-11-14T06:00:00,E:\Cyclone-x-prototype\datas\HURSAT_NI\2013\2013305N07141\2013305N07141.TD.2013.11.14.0600.26.FY2-E.026.hursat-b1.v06.nc,2013-11-14T06:00:00,0.0,0,Depression / Weak System,HURSAT-B1 IRWIN/rad10,1.0,0,train
2013305N07141,2013-11-14T06:00:00,E:\Cyclone-x-prototype\datas\HURSAT_NI\2013\2013305N07141\2013305N07141.TD.2013.11.14.0600.35.MET-7.026.hursat-b1.v06.nc,2013-11-14T06:00:00,0.0,0,Depression / Weak System,HURSAT-B1 IRWIN/rad10,1.0,0,train
2013305N07141,2013-11-14T06:00:00,E:\Cyclone-x-prototype\datas\HURSAT_NI\2013\2013305N07141\2013305N07141.TD.2013.11.14.0600.64.MTS-1.026.hursat-b1.v06.nc,2013-11-14T06:00:00,0.0,0,Depression / Weak System,HURSAT-B1 IRWIN/rad10,1.0,0,train
2013305N07141,2013-11-14T09:00:00,E:\Cyclone-x-prototype\datas\HURSAT_NI\2013\2013305N07141\2013305N07141.TD.2013.11.14.0900.26.FY2-E.026.hursat-b1.v06.nc,2013-11-14T06:00:00,3.0,0,Depression / Weak System,HURSAT-B1 IRWIN/rad10,1.0,0,train
2013305N07141,2013-11-14T09:00:00,E:\Cyclone-x-prototype\datas\HURSAT_NI\2013\2013305N07141\2013305N07141.TD.2013.11.14.0900.35.MET-7.026.hursat-b1.v06.nc,2013-11-14T06:00:00,3.0,0,Depression / Weak System,HURSAT-B1 IRWIN/rad10,1.0,0,train
2013305N07141,2013-11-14T09:00:00,E:\Cyclone-x-prototype\datas\HURSAT_NI\2013\2013305N07141\2013305N07141.TD.2013.11.14.0900.64.MTS-1.026.hursat-b1.v06.nc,2013-11-14T06:00:00,3.0,0,Depression / Weak System,HURSAT-B1 IRWIN/rad10,1.0,0,train
2013305N07141,2013-11-14T12:00:00,E:\Cyclone-x-prototype\datas\HURSAT_NI\2013\2013305N07141\2013305N07141.TD.2013.11.14.1200.26.FY2-E.026.hursat-b1.v06.nc,2013-11-14T12:00:00,0.0,0,Depression / Weak System,HURSAT-B1 IRWIN/rad10,1.0,0,train
2013305N07141,2013-11-14T12:00:00,E:\Cyclone-x-prototype\datas\HURSAT_NI\2013\2013305N07141\2013305N07141.TD.2013.11.14.1200.35.MET-7.026.hursat-b1.v06.nc,2013-11-14T12:00:00,0.0,0,Depression / Weak System,HURSAT-B1 IRWIN/rad10,1.0,0,train
2013305N07141,2013-11-14T12:00:00,E:\Cyclone-x-prototype\datas\HURSAT_NI\2013\2013305N07141\2013305N07141.TD.2013.11.14.1200.64.MTS-1.026.hursat-b1.v06.nc,2013-11-14T12:00:00,0.0,0,Depression / Weak System,HURSAT-B1 IRWIN/rad10,1.0,0,train
2013305N07141,2013-11-14T15:00:00,E:\Cyclone-x-prototype\datas\HURSAT_NI\2013\2013305N07141\2013305N07141.TD.2013.11.14.1500.26.FY2-E.026.hursat-b1.v06.nc,2013-11-14T12:00:00,3.0,0,Depression / Weak System,HURSAT-B1 IRWIN/rad10,1.0,0,train
2013305N07141,2013-11-14T15:00:00,E:\Cyclone-x-prototype\datas\HURSAT_NI\2013\2013305N07141\2013305N07141.TD.2013.11.14.1500.34.MET-7.026.hursat-b1.v06.nc,2013-11-14T12:00:00,3.0,0,Depression / Weak System,HURSAT-B1 IRWIN/rad10,1.0,0,train
2013305N07141,2013-11-14T15:00:00,E:\Cyclone-x-prototype\datas\HURSAT_NI\2013\2013305N07141\2013305N07141.TD.2013.11.14.1500.64.MTS-1.026.hursat-b1.v06.nc,2013-11-14T12:00:00,3.0,0,Depression / Weak System,HURSAT-B1 IRWIN/rad10,1.0,0,train
2013305N07141,2013-11-14T18:00:00,E:\Cyclone-x-prototype\datas\HURSAT_NI\2013\2013305N07141\2013305N07141.TD.2013.11.14.1800.26.FY2-E.026.hursat-b1.v06.nc,2013-11-14T18:00:00,0.0,0,Depression / Weak System,HURSAT-B1 IRWIN/rad10,1.0,0,train
2013305N07141,2013-11-14T18:00:00,E:\Cyclone-x-prototype\datas\HURSAT_NI\2013\2013305N07141\2013305N07141.TD.2013.11.14.1800.34.MET-7.026.hursat-b1.v06.nc,2013-11-14T18:00:00,0.0,0,Depression / Weak System,HURSAT-B1 IRWIN/rad10,1.0,0,train
2013305N07141,2013-11-14T18:00:00,E:\Cyclone-x-prototype\datas\HURSAT_NI\2013\2013305N07141\2013305N07141.TD.2013.11.14.1800.64.MTS-1.026.hursat-b1.v06.nc,2013-11-14T18:00:00,0.0,0,Depression / Weak System,HURSAT-B1 IRWIN/rad10,1.0,0,train
2013305N07141,2013-11-14T21:00:00,E:\Cyclone-x-prototype\datas\HURSAT_NI\2013\2013305N07141\2013305N07141.TD.2013.11.14.2100.34.MET-7.026.hursat-b1.v06.nc,2013-11-14T18:00:00,3.0,0,Depression / Weak System,HURSAT-B1 IRWIN/rad10,1.0,0,train
2013305N07141,2013-11-14T21:00:00,E:\Cyclone-x-prototype\datas\HURSAT_NI\2013\2013305N07141\2013305N07141.TD.2013.11.14.2100.64.MTS-1.026.hursat-b1.v06.nc,2013-11-14T18:00:00,3.0,0,Depression / Weak System,HURSAT-B1 IRWIN/rad10,1.0,0,train
2013305N07141,2013-11-15T00:00:00,E:\Cyclone-x-prototype\datas\HURSAT_NI\2013\2013305N07141\2013305N07141.TD.2013.11.15.0000.34.MET-7.026.hursat-b1.v06.nc,2013-11-15T00:00:00,0.0,0,Depression / Weak System,HURSAT-B1 IRWIN/rad10,1.0,0,train
2013305N07141,2013-11-15T00:00:00,E:\Cyclone-x-prototype\datas\HURSAT_NI\2013\2013305N07141\2013305N07141.TD.2013.11.15.0000.65.MTS-1.026.hursat-b1.v06.nc,2013-11-15T00:00:00,0.0,0,Depression / Weak System,HURSAT-B1 IRWIN/rad10,1.0,0,train
2013305N07141,2013-11-15T03:00:00,E:\Cyclone-x-prototype\datas\HURSAT_NI\2013\2013305N07141\2013305N07141.TD.2013.11.15.0300.27.FY2-E.026.hursat-b1.v06.nc,2013-11-15T03:00:00,0.0,0,Depression / Weak System,HURSAT-B1 IRWIN/rad10,1.0,0,train
2013305N07141,2013-11-15T03:00:00,E:\Cyclone-x-prototype\datas\HURSAT_NI\2013\2013305N07141\2013305N07141.TD.2013.11.15.0300.33.MET-7.026.hursat-b1.v06.nc,2013-11-15T03:00:00,0.0,0,Depression / Weak System,HURSAT-B1 IRWIN/rad10,1.0,0,train
2013305N07141,2013-11-15T03:00:00,E:\Cyclone-x-prototype\datas\HURSAT_NI\2013\2013305N07141\2013305N07141.TD.2013.11.15.0300.65.MTS-1.026.hursat-b1.v06.nc,2013-11-15T03:00:00,0.0,0,Depression / Weak System,HURSAT-B1 IRWIN/rad10,1.0,0,train
2013305N07141,2013-11-15T06:00:00,E:\Cyclone-x-prototype\datas\HURSAT_NI\2013\2013305N07141\2013305N07141.TD.2013.11.15.0600.27.FY2-E.026.hursat-b1.v06.nc,2013-11-15T06:00:00,0.0,0,Depression / Weak System,HURSAT-B1 IRWIN/rad10,1.0,0,train
2013305N07141,2013-11-15T06:00:00,E:\Cyclone-x-prototype\datas\HURSAT_NI\2013\2013305N07141\2013305N07141.TD.2013.11.15.0600.33.MET-7.026.hursat-b1.v06.nc,2013-11-15T06:00:00,0.0,0,Depression / Weak System,HURSAT-B1 IRWIN/rad10,1.0,0,train
2013305N07141,2013-11-15T06:00:00,E:\Cyclone-x-prototype\datas\HURSAT_NI\2013\2013305N07141\2013305N07141.TD.2013.11.15.0600.65.MTS-1.026.hursat-b1.v06.nc,2013-11-15T06:00:00,0.0,0,Depression / Weak System,HURSAT-B1 IRWIN/rad10,1.0,0,train
2013305N07141,2013-11-15T09:00:00,E:\Cyclone-x-prototype\datas\HURSAT_NI\2013\2013305N07141\2013305N07141.TD.2013.11.15.0900.27.FY2-E.026.hursat-b1.v06.nc,2013-11-15T06:00:00,3.0,0,Depression / Weak System,HURSAT-B1 IRWIN/rad10,1.0,0,train
2013305N07141,2013-11-15T09:00:00,E:\Cyclone-x-prototype\datas\HURSAT_NI\2013\2013305N07141\2013305N07141.TD.2013.11.15.0900.33.MET-7.026.hursat-b1.v06.nc,2013-11-15T06:00:00,3.0,0,Depression / Weak System,HURSAT-B1 IRWIN/rad10,1.0,0,train
2013305N07141,2013-11-15T09:00:00,E:\Cyclone-x-prototype\datas\HURSAT_NI\2013\2013305N07141\2013305N07141.TD.2013.11.15.0900.66.MTS-1.026.hursat-b1.v06.nc,2013-11-15T06:00:00,3.0,0,Depression / Weak System,HURSAT-B1 IRWIN/rad10,1.0,0,train
2013305N07141,2013-11-15T12:00:00,E:\Cyclone-x-prototype\datas\HURSAT_NI\2013\2013305N07141\2013305N07141.TD.2013.11.15.1200.28.FY2-E.026.hursat-b1.v06.nc,2013-11-15T12:00:00,0.0,0,Depression / Weak System,HURSAT-B1 IRWIN/rad10,1.0,0,train
2013305N07141,2013-11-15T12:00:00,E:\Cyclone-x-prototype\datas\HURSAT_NI\2013\2013305N07141\2013305N07141.TD.2013.11.15.1200.32.MET-7.026.hursat-b1.v06.nc,2013-11-15T12:00:00,0.0,0,Depression / Weak System,HURSAT-B1 IRWIN/rad10,1.0,0,train
2013305N07141,2013-11-15T12:00:00,E:\Cyclone-x-prototype\datas\HURSAT_NI\2013\2013305N07141\2013305N07141.TD.2013.11.15.1200.66.MTS-1.026.hursat-b1.v06.nc,2013-11-15T12:00:00,0.0,0,Depression / Weak System,HURSAT-B1 IRWIN/rad10,1.0,0,train
2013305N07141,2013-11-15T15:00:00,E:\Cyclone-x-prototype\datas\HURSAT_NI\2013\2013305N07141\2013305N07141.TD.2013.11.15.1500.28.FY2-E.027.hursat-b1.v06.nc,2013-11-15T12:00:00,3.0,0,Depression / Weak System,HURSAT-B1 IRWIN/rad10,1.0,0,train
2013305N07141,2013-11-15T15:00:00,E:\Cyclone-x-prototype\datas\HURSAT_NI\2013\2013305N07141\2013305N07141.TD.2013.11.15.1500.32.MET-7.027.hursat-b1.v06.nc,2013-11-15T12:00:00,3.0,0,Depression / Weak System,HURSAT-B1 IRWIN/rad10,1.0,0,train
2013305N07141,2013-11-15T15:00:00,E:\Cyclone-x-prototype\datas\HURSAT_NI\2013\2013305N07141\2013305N07141.TD.2013.11.15.1500.66.MTS-1.027.hursat-b1.v06.nc,2013-11-15T12:00:00,3.0,0,Depression / Weak System,HURSAT-B1 IRWIN/rad10,1.0,0,train
2013305N07141,2013-11-15T18:00:00,E:\Cyclone-x-prototype\datas\HURSAT_NI\2013\2013305N07141\2013305N07141.TD.2013.11.15.1800.29.FY2-E.028.hursat-b1.v06.nc,2013-11-15T18:00:00,0.0,0,Depression / Weak System,HURSAT-B1 IRWIN/rad10,1.0,0,train
2013305N07141,2013-11-15T18:00:00,E:\Cyclone-x-prototype\datas\HURSAT_NI\2013\2013305N07141\2013305N07141.TD.2013.11.15.1800.32.MET-7.028.hursat-b1.v06.nc,2013-11-15T18:00:00,0.0,0,Depression / Weak System,HURSAT-B1 IRWIN/rad10,1.0,0,train
2013305N07141,2013-11-15T18:00:00,E:\Cyclone-x-prototype\datas\HURSAT_NI\2013\2013305N07141\2013305N07141.TD.2013.11.15.1800.67.MTS-1.028.hursat-b1.v06.nc,2013-11-15T18:00:00,0.0,0,Depression / Weak System,HURSAT-B1 IRWIN/rad10,1.0,0,train
2013305N07141,2013-11-15T21:00:00,E:\Cyclone-x-prototype\datas\HURSAT_NI\2013\2013305N07141\2013305N07141.TD.2013.11.15.2100.31.MET-7.027.hursat-b1.v06.nc,2013-11-15T18:00:00,3.0,0,Depression / Weak System,HURSAT-B1 IRWIN/rad10,1.0,0,train
2013305N07141,2013-11-15T21:00:00,E:\Cyclone-x-prototype\datas\HURSAT_NI\2013\2013305N07141\2013305N07141.TD.2013.11.15.2100.67.MTS-1.027.hursat-b1.v06.nc,2013-11-15T18:00:00,3.0,0,Depression / Weak System,HURSAT-B1 IRWIN/rad10,1.0,0,train
2013305N07141,2013-11-16T00:00:00,E:\Cyclone-x-prototype\datas\HURSAT_NI\2013\2013305N07141\2013305N07141.TD.2013.11.16.0000.31.MET-7.026.hursat-b1.v06.nc,2013-11-16T00:00:00,0.0,0,Depression / Weak System,HURSAT-B1 IRWIN/rad10,1.0,0,train
2013305N07141,2013-11-16T00:00:00,E:\Cyclone-x-prototype\datas\HURSAT_NI\2013\2013305N07141\2013305N07141.TD.2013.11.16.0000.68.MTS-1.026.hursat-b1.v06.nc,2013-11-16T00:00:00,0.0,0,Depression / Weak System,HURSAT-B1 IRWIN/rad10,1.0,0,train
2013305N07141,2013-11-16T03:00:00,E:\Cyclone-x-prototype\datas\HURSAT_NI\2013\2013305N07141\2013305N07141.TD.2013.11.16.0300.30.MET-7.026.hursat-b1.v06.nc,2013-11-16T03:00:00,0.0,0,Depression / Weak System,HURSAT-B1 IRWIN/rad10,1.0,0,train
2013305N07141,2013-11-16T03:00:00,E:\Cyclone-x-prototype\datas\HURSAT_NI\2013\2013305N07141\2013305N07141.TD.2013.11.16.0300.31.FY2-E.026.hursat-b1.v06.nc,2013-11-16T03:00:00,0.0,0,Depression / Weak System,HURSAT-B1 IRWIN/rad10,1.0,0,train
2013305N07141,2013-11-16T03:00:00,E:\Cyclone-x-prototype\datas\HURSAT_NI\2013\2013305N07141\2013305N07141.TD.2013.11.16.0300.68.MTS-1.026.hursat-b1.v06.nc,2013-11-16T03:00:00,0.0,0,Depression / Weak System,HURSAT-B1 IRWIN/rad10,1.0,0,train
2013305N07141,2013-11-16T06:00:00,E:\Cyclone-x-prototype\datas\HURSAT_NI\2013\2013305N07141\2013305N07141.TD.2013.11.16.0600.30.MET-7.026.hursat-b1.v06.nc,2013-11-16T06:00:00,0.0,0,Depression / Weak System,HURSAT-B1 IRWIN/rad10,1.0,0,train
2013305N07141,2013-11-16T06:00:00,E:\Cyclone-x-prototype\datas\HURSAT_NI\2013\2013305N07141\2013305N07141.TD.2013.11.16.0600.31.FY2-E.026.hursat-b1.v06.nc,2013-11-16T06:00:00,0.0,0,Depression / Weak System,HURSAT-B1 IRWIN/rad10,1.0,0,train
2013305N07141,2013-11-16T06:00:00,E:\Cyclone-x-prototype\datas\HURSAT_NI\2013\2013305N07141\2013305N07141.TD.2013.11.16.0600.69.MTS-1.026.hursat-b1.v06.nc,2013-11-16T06:00:00,0.0,0,Depression / Weak System,HURSAT-B1 IRWIN/rad10,1.0,0,train
2013305N07141,2013-11-16T09:00:00,E:\Cyclone-x-prototype\datas\HURSAT_NI\2013\2013305N07141\2013305N07141.TD.2013.11.16.0900.29.MET-7.025.hursat-b1.v06.nc,2013-11-16T09:00:00,0.0,0,Depression / Weak System,HURSAT-B1 IRWIN/rad10,1.0,0,train
2013305N07141,2013-11-16T09:00:00,E:\Cyclone-x-prototype\datas\HURSAT_NI\2013\2013305N07141\2013305N07141.TD.2013.11.16.0900.32.FY2-E.025.hursat-b1.v06.nc,2013-11-16T09:00:00,0.0,0,Depression / Weak System,HURSAT-B1 IRWIN/rad10,1.0,0,train
2013305N07141,2013-11-16T09:00:00,E:\Cyclone-x-prototype\datas\HURSAT_NI\2013\2013305N07141\2013305N07141.TD.2013.11.16.0900.70.MTS-1.025.hursat-b1.v06.nc,2013-11-16T09:00:00,0.0,0,Depression / Weak System,HURSAT-B1 IRWIN/rad10,1.0,0,train
2013305N07141,2013-11-16T12:00:00,E:\Cyclone-x-prototype\datas\HURSAT_NI\2013\2013305N07141\2013305N07141.TD.2013.11.16.1200.29.MET-7.024.hursat-b1.v06.nc,2013-11-16T12:00:00,0.0,0,Depression / Weak System,HURSAT-B1 IRWIN/rad10,1.0,0,train
2013305N07141,2013-11-16T12:00:00,E:\Cyclone-x-prototype\datas\HURSAT_NI\2013\2013305N07141\2013305N07141.TD.2013.11.16.1200.33.FY2-E.024.hursat-b1.v06.nc,2013-11-16T12:00:00,0.0,0,Depression / Weak System,HURSAT-B1 IRWIN/rad10,1.0,0,train
2013305N07141,2013-11-16T12:00:00,E:\Cyclone-x-prototype\datas\HURSAT_NI\2013\2013305N07141\2013305N07141.TD.2013.11.16.1200.70.MTS-1.024.hursat-b1.v06.nc,2013-11-16T12:00:00,0.0,0,Depression / Weak System,HURSAT-B1 IRWIN/rad10,1.0,0,train
2013305N07141,2013-11-16T15:00:00,E:\Cyclone-x-prototype\datas\HURSAT_NI\2013\2013305N07141\2013305N07141.TD.2013.11.16.1500.28.MET-7.022.hursat-b1.v06.nc,2013-11-16T12:00:00,3.0,0,Depression / Weak System,HURSAT-B1 IRWIN/rad10,1.0,0,train
2013305N07141,2013-11-16T15:00:00,E:\Cyclone-x-prototype\datas\HURSAT_NI\2013\2013305N07141\2013305N07141.TD.2013.11.16.1500.33.FY2-E.022.hursat-b1.v06.nc,2013-11-16T12:00:00,3.0,0,Depression / Weak System,HURSAT-B1 IRWIN/rad10,1.0,0,train
2013305N07141,2013-11-16T15:00:00,E:\Cyclone-x-prototype\datas\HURSAT_NI\2013\2013305N07141\2013305N07141.TD.2013.11.16.1500.71.MTS-1.022.hursat-b1.v06.nc,2013-11-16T12:00:00,3.0,0,Depression / Weak System,HURSAT-B1 IRWIN/rad10,1.0,0,train
2013305N07141,2013-11-16T18:00:00,E:\Cyclone-x-prototype\datas\HURSAT_NI\2013\2013305N07141\2013305N07141.TD.2013.11.16.1800.27.MET-7.021.hursat-b1.v06.nc,2013-11-16T18:00:00,0.0,0,Depression / Weak System,HURSAT-B1 IRWIN/rad10,1.0,0,train
2013305N07141,2013-11-16T18:00:00,E:\Cyclone-x-prototype\datas\HURSAT_NI\2013\2013305N07141\2013305N07141.TD.2013.11.16.1800.34.FY2-E.021.hursat-b1.v06.nc,2013-11-16T18:00:00,0.0,0,Depression / Weak System,HURSAT-B1 IRWIN/rad10,1.0,0,train
2013305N07141,2013-11-16T18:00:00,E:\Cyclone-x-prototype\datas\HURSAT_NI\2013\2013305N07141\2013305N07141.TD.2013.11.16.1800.72.MTS-1.021.hursat-b1.v06.nc,2013-11-16T18:00:00,0.0,0,Depression / Weak System,HURSAT-B1 IRWIN/rad10,1.0,0,train
2013305N07141,2013-11-16T21:00:00,E:\Cyclone-x-prototype\datas\HURSAT_NI\2013\2013305N07141\2013305N07141.TD.2013.11.16.2100.27.MET-7.019.hursat-b1.v06.nc,2013-11-16T18:00:00,3.0,0,Depression / Weak System,HURSAT-B1 IRWIN/rad10,1.0,0,train
2013305N07141,2013-11-16T21:00:00,E:\Cyclone-x-prototype\datas\HURSAT_NI\2013\2013305N07141\2013305N07141.TD.2013.11.16.2100.72.MTS-1.019.hursat-b1.v06.nc,2013-11-16T18:00:00,3.0,0,Depression / Weak System,HURSAT-B1 IRWIN/rad10,1.0,0,train
2013310N06066,2013-11-08T03:00:00,E:\Cyclone-x-prototype\datas\HURSAT_NI\2013\2013310N06066\2013310N06066.THREE.2013.11.08.0300.09.MET-7.021.hursat-b1.v06.nc,2013-11-08T06:00:00,3.0,0,Depression / Weak System,HURSAT-B1 IRWIN/rad10,1.0,0,train
2013310N06066,2013-11-08T03:00:00,E:\Cyclone-x-prototype\datas\HURSAT_NI\2013\2013310N06066\2013310N06066.THREE.2013.11.08.0300.56.FY2-E.021.hursat-b1.v06.nc,2013-11-08T06:00:00,3.0,0,Depression / Weak System,HURSAT-B1 IRWIN/rad10,1.0,0,train
2013310N06066,2013-11-08T03:00:00,E:\Cyclone-x-prototype\datas\HURSAT_NI\2013\2013310N06066\2013310N06066.THREE.2013.11.08.0300.65.MSG-3.021.hursat-b1.v06.nc,2013-11-08T06:00:00,3.0,0,Depression / Weak System,HURSAT-B1 IRWIN/rad10,1.0,0,train
2013310N06066,2013-11-08T06:00:00,E:\Cyclone-x-prototype\datas\HURSAT_NI\2013\2013310N06066\2013310N06066.THREE.2013.11.08.0600.09.MET-7.024.hursat-b1.v06.nc,2013-11-08T06:00:00,0.0,0,Depression / Weak System,HURSAT-B1 IRWIN/rad10,1.0,0,train
2013310N06066,2013-11-08T06:00:00,E:\Cyclone-x-prototype\datas\HURSAT_NI\2013\2013310N06066\2013310N06066.THREE.2013.11.08.0600.56.FY2-E.024.hursat-b1.v06.nc,2013-11-08T06:00:00,0.0,0,Depression / Weak System,HURSAT-B1 IRWIN/rad10,1.0,0,train
2013310N06066,2013-11-08T06:00:00,E:\Cyclone-x-prototype\datas\HURSAT_NI\2013\2013310N06066\2013310N06066.THREE.2013.11.08.0600.65.MSG-3.024.hursat-b1.v06.nc,2013-11-08T06:00:00,0.0,0,Depression / Weak System,HURSAT-B1 IRWIN/rad10,1.0,0,train
2013310N06066,2013-11-08T09:00:00,E:\Cyclone-x-prototype\datas\HURSAT_NI\2013\2013310N06066\2013310N06066.THREE.2013.11.08.0900.10.MET-7.026.hursat-b1.v06.nc,2013-11-08T06:00:00,3.0,0,Depression / Weak System,HURSAT-B1 IRWIN/rad10,1.0,0,train
2013310N06066,2013-11-08T09:00:00,E:\Cyclone-x-prototype\datas\HURSAT_NI\2013\2013310N06066\2013310N06066.THREE.2013.11.08.0900.57.FY2-E.026.hursat-b1.v06.nc,2013-11-08T06:00:00,3.0,0,Depression / Weak System,HURSAT-B1 IRWIN/rad10,1.0,0,train
2013310N06066,2013-11-08T09:00:00,E:\Cyclone-x-prototype\datas\HURSAT_NI\2013\2013310N06066\2013310N06066.THREE.2013.11.08.0900.64.MSG-3.026.hursat-b1.v06.nc,2013-11-08T06:00:00,3.0,0,Depression / Weak System,HURSAT-B1 IRWIN/rad10,1.0,0,train
2013310N06066,2013-11-08T12:00:00,E:\Cyclone-x-prototype\datas\HURSAT_NI\2013\2013310N06066\2013310N06066.THREE.2013.11.08.1200.10.MET-7.028.hursat-b1.v06.nc,2013-11-08T12:00:00,0.0,0,Depression / Weak System,HURSAT-B1 IRWIN/rad10,1.0,0,train
2013310N06066,2013-11-08T12:00:00,E:\Cyclone-x-prototype\datas\HURSAT_NI\2013\2013310N06066\2013310N06066.THREE.2013.11.08.1200.58.FY2-E.028.hursat-b1.v06.nc,2013-11-08T12:00:00,0.0,0,Depression / Weak System,HURSAT-B1 IRWIN/rad10,1.0,0,train
2013310N06066,2013-11-08T12:00:00,E:\Cyclone-x-prototype\datas\HURSAT_NI\2013\2013310N06066\2013310N06066.THREE.2013.11.08.1200.64.MSG-3.028.hursat-b1.v06.nc,2013-11-08T12:00:00,0.0,0,Depression / Weak System,HURSAT-B1 IRWIN/rad10,1.0,0,train
2013310N06066,2013-11-08T15:00:00,E:\Cyclone-x-prototype\datas\HURSAT_NI\2013\2013310N06066\2013310N06066.THREE.2013.11.08.1500.10.MET-7.029.hursat-b1.v06.nc,2013-11-08T12:00:00,3.0,0,Depression / Weak System,HURSAT-B1 IRWIN/rad10,1.0,0,train
2013310N06066,2013-11-08T15:00:00,E:\Cyclone-x-prototype\datas\HURSAT_NI\2013\2013310N06066\2013310N06066.THREE.2013.11.08.1500.58.FY2-E.029.hursat-b1.v06.nc,2013-11-08T12:00:00,3.0,0,Depression / Weak System,HURSAT-B1 IRWIN/rad10,1.0,0,train
2013310N06066,2013-11-08T15:00:00,E:\Cyclone-x-prototype\datas\HURSAT_NI\2013\2013310N06066\2013310N06066.THREE.2013.11.08.1500.63.MSG-3.029.hursat-b1.v06.nc,2013-11-08T12:00:00,3.0,0,Depression / Weak System,HURSAT-B1 IRWIN/rad10,1.0,0,train
2013310N06066,2013-11-08T18:00:00,E:\Cyclone-x-prototype\datas\HURSAT_NI\2013\2013310N06066\2013310N06066.THREE.2013.11.08.1800.10.MET-7.030.hursat-b1.v06.nc,2013-11-08T18:00:00,0.0,0,Depression / Weak System,HURSAT-B1 IRWIN/rad10,1.0,0,train
2013310N06066,2013-11-08T18:00:00,E:\Cyclone-x-prototype\datas\HURSAT_NI\2013\2013310N06066\2013310N06066.THREE.2013.11.08.1800.59.FY2-E.030.hursat-b1.v06.nc,2013-11-08T18:00:00,0.0,0,Depression / Weak System,HURSAT-B1 IRWIN/rad10,1.0,0,train
2013310N06066,2013-11-08T18:00:00,E:\Cyclone-x-prototype\datas\HURSAT_NI\2013\2013310N06066\2013310N06066.THREE.2013.11.08.1800.62.MSG-3.030.hursat-b1.v06.nc,2013-11-08T18:00:00,0.0,0,Depression / Weak System,HURSAT-B1 IRWIN/rad10,1.0,0,train
2013310N06066,2013-11-08T21:00:00,E:\Cyclone-x-prototype\datas\HURSAT_NI\2013\2013310N06066\2013310N06066.THREE.2013.11.08.2100.10.MET-7.032.hursat-b1.v06.nc,2013-11-08T18:00:00,3.0,0,Depression / Weak System,HURSAT-B1 IRWIN/rad10,1.0,0,train
2013310N06066,2013-11-08T21:00:00,E:\Cyclone-x-prototype\datas\HURSAT_NI\2013\2013310N06066\2013310N06066.THREE.2013.11.08.2100.59.FY2-E.032.hursat-b1.v06.nc,2013-11-08T18:00:00,3.0,0,Depression / Weak System,HURSAT-B1 IRWIN/rad10,1.0,0,train
2013310N06066,2013-11-08T21:00:00,E:\Cyclone-x-prototype\datas\HURSAT_NI\2013\2013310N06066\2013310N06066.THREE.2013.11.08.2100.62.MSG-3.032.hursat-b1.v06.nc,2013-11-08T18:00:00,3.0,0,Depression / Weak System,HURSAT-B1 IRWIN/rad10,1.0,0,train
2013310N06066,2013-11-09T00:00:00,E:\Cyclone-x-prototype\datas\HURSAT_NI\2013\2013310N06066\2013310N06066.THREE.2013.11.09.0000.11.MET-7.035.hursat-b1.v06.nc,2013-11-09T00:00:00,0.0,0,Depression / Weak System,HURSAT-B1 IRWIN/rad10,1.0,0,train
2013310N06066,2013-11-09T00:00:00,E:\Cyclone-x-prototype\datas\HURSAT_NI\2013\2013310N06066\2013310N06066.THREE.2013.11.09.0000.61.MSG-3.035.hursat-b1.v06.nc,2013-11-09T00:00:00,0.0,0,Depression / Weak System,HURSAT-B1 IRWIN/rad10,1.0,0,train
2013310N06066,2013-11-09T03:00:00,E:\Cyclone-x-prototype\datas\HURSAT_NI\2013\2013310N06066\2013310N06066.THREE.2013.11.09.0300.11.MET-7.033.hursat-b1.v06.nc,2013-11-09T03:00:00,0.0,0,Depression / Weak System,HURSAT-B1 IRWIN/rad10,1.0,0,train
2013310N06066,2013-11-09T03:00:00,E:\Cyclone-x-prototype\datas\HURSAT_NI\2013\2013310N06066\2013310N06066.THREE.2013.11.09.0300.60.FY2-E.033.hursat-b1.v06.nc,2013-11-09T03:00:00,0.0,0,Depression / Weak System,HURSAT-B1 IRWIN/rad10,1.0,0,train
2013310N06066,2013-11-09T03:00:00,E:\Cyclone-x-prototype\datas\HURSAT_NI\2013\2013310N06066\2013310N06066.THREE.2013.11.09.0300.61.MSG-3.033.hursat-b1.v06.nc,2013-11-09T03:00:00,0.0,0,Depression / Weak System,HURSAT-B1 IRWIN/rad10,1.0,0,train
2013310N06066,2013-11-09T06:00:00,E:\Cyclone-x-prototype\datas\HURSAT_NI\2013\2013310N06066\2013310N06066.THREE.2013.11.09.0600.11.MET-7.030.hursat-b1.v06.nc,2013-11-09T06:00:00,0.0,0,Depression / Weak System,HURSAT-B1 IRWIN/rad10,1.0,0,train
2013310N06066,2013-11-09T06:00:00,E:\Cyclone-x-prototype\datas\HURSAT_NI\2013\2013310N06066\2013310N06066.THREE.2013.11.09.0600.60.FY2-E.030.hursat-b1.v06.nc,2013-11-09T06:00:00,0.0,0,Depression / Weak System,HURSAT-B1 IRWIN/rad10,1.0,0,train
2013310N06066,2013-11-09T06:00:00,E:\Cyclone-x-prototype\datas\HURSAT_NI\2013\2013310N06066\2013310N06066.THREE.2013.11.09.0600.61.MSG-3.030.hursat-b1.v06.nc,2013-11-09T06:00:00,0.0,0,Depression / Weak System,HURSAT-B1 IRWIN/rad10,1.0,0,train
2013310N06066,2013-11-09T09:00:00,E:\Cyclone-x-prototype\datas\HURSAT_NI\2013\2013310N06066\2013310N06066.THREE.2013.11.09.0900.11.MET-7.030.hursat-b1.v06.nc,2013-11-09T06:00:00,3.0,0,Depression / Weak System,HURSAT-B1 IRWIN/rad10,1.0,0,train
2013310N06066,2013-11-09T09:00:00,E:\Cyclone-x-prototype\datas\HURSAT_NI\2013\2013310N06066\2013310N06066.THREE.2013.11.09.0900.60.FY2-E.030.hursat-b1.v06.nc,2013-11-09T06:00:00,3.0,0,Depression / Weak System,HURSAT-B1 IRWIN/rad10,1.0,0,train
2013310N06066,2013-11-09T09:00:00,E:\Cyclone-x-prototype\datas\HURSAT_NI\2013\2013310N06066\2013310N06066.THREE.2013.11.09.0900.61.MSG-3.030.hursat-b1.v06.nc,2013-11-09T06:00:00,3.0,0,Depression / Weak System,HURSAT-B1 IRWIN/rad10,1.0,0,train
2013310N06066,2013-11-09T12:00:00,E:\Cyclone-x-prototype\datas\HURSAT_NI\2013\2013310N06066\2013310N06066.THREE.2013.11.09.1200.11.MET-7.030.hursat-b1.v06.nc,2013-11-09T12:00:00,0.0,0,Depression / Weak System,HURSAT-B1 IRWIN/rad10,1.0,0,train
2013310N06066,2013-11-09T12:00:00,E:\Cyclone-x-prototype\datas\HURSAT_NI\2013\2013310N06066\2013310N06066.THREE.2013.11.09.1200.60.MSG-3.030.hursat-b1.v06.nc,2013-11-09T12:00:00,0.0,0,Depression / Weak System,HURSAT-B1 IRWIN/rad10,1.0,0,train
2013310N06066,2013-11-09T12:00:00,E:\Cyclone-x-prototype\datas\HURSAT_NI\2013\2013310N06066\2013310N06066.THREE.2013.11.09.1200.61.FY2-E.030.hursat-b1.v06.nc,2013-11-09T12:00:00,0.0,0,Depression / Weak System,HURSAT-B1 IRWIN/rad10,1.0,0,train
2013310N06066,2013-11-09T15:00:00,E:\Cyclone-x-prototype\datas\HURSAT_NI\2013\2013310N06066\2013310N06066.THREE.2013.11.09.1500.11.MET-7.030.hursat-b1.v06.nc,2013-11-09T12:00:00,3.0,0,Depression / Weak System,HURSAT-B1 IRWIN/rad10,1.0,0,train
2013310N06066,2013-11-09T15:00:00,E:\Cyclone-x-prototype\datas\HURSAT_NI\2013\2013310N06066\2013310N06066.THREE.2013.11.09.1500.60.MSG-3.030.hursat-b1.v06.nc,2013-11-09T12:00:00,3.0,0,Depression / Weak System,HURSAT-B1 IRWIN/rad10,1.0,0,train
2013310N06066,2013-11-09T15:00:00,E:\Cyclone-x-prototype\datas\HURSAT_NI\2013\2013310N06066\2013310N06066.THREE.2013.11.09.1500.61.FY2-E.030.hursat-b1.v06.nc,2013-11-09T12:00:00,3.0,0,Depression / Weak System,HURSAT-B1 IRWIN/rad10,1.0,0,train
2013310N06066,2013-11-09T18:00:00,E:\Cyclone-x-prototype\datas\HURSAT_NI\2013\2013310N06066\2013310N06066.THREE.2013.11.09.1800.11.MET-7.030.hursat-b1.v06.nc,2013-11-09T18:00:00,0.0,0,Depression / Weak System,HURSAT-B1 IRWIN/rad10,1.0,0,train
2013310N06066,2013-11-09T18:00:00,E:\Cyclone-x-prototype\datas\HURSAT_NI\2013\2013310N06066\2013310N06066.THREE.2013.11.09.1800.60.MSG-3.030.hursat-b1.v06.nc,2013-11-09T18:00:00,0.0,0,Depression / Weak System,HURSAT-B1 IRWIN/rad10,1.0,0,train
2013310N06066,2013-11-09T18:00:00,E:\Cyclone-x-prototype\datas\HURSAT_NI\2013\2013310N06066\2013310N06066.THREE.2013.11.09.1800.61.FY2-E.030.hursat-b1.v06.nc,2013-11-09T18:00:00,0.0,0,Depression / Weak System,HURSAT-B1 IRWIN/rad10,1.0,0,train
2013310N06066,2013-11-09T21:00:00,E:\Cyclone-x-prototype\datas\HURSAT_NI\2013\2013310N06066\2013310N06066.THREE.2013.11.09.2100.11.MET-7.030.hursat-b1.v06.nc,2013-11-09T18:00:00,3.0,0,Depression / Weak System,HURSAT-B1 IRWIN/rad10,1.0,0,train
2013310N06066,2013-11-09T21:00:00,E:\Cyclone-x-prototype\datas\HURSAT_NI\2013\2013310N06066\2013310N06066.THREE.2013.11.09.2100.60.MSG-3.030.hursat-b1.v06.nc,2013-11-09T18:00:00,3.0,0,Depression / Weak System,HURSAT-B1 IRWIN/rad10,1.0,0,train
2013310N06066,2013-11-09T21:00:00,E:\Cyclone-x-prototype\datas\HURSAT_NI\2013\2013310N06066\2013310N06066.THREE.2013.11.09.2100.61.FY2-E.030.hursat-b1.v06.nc,2013-11-09T18:00:00,3.0,0,Depression / Weak System,HURSAT-B1 IRWIN/rad10,1.0,0,train
2013310N06066,2013-11-10T00:00:00,E:\Cyclone-x-prototype\datas\HURSAT_NI\2013\2013310N06066\2013310N06066.THREE.2013.11.10.0000.11.MET-7.030.hursat-b1.v06.nc,2013-11-10T00:00:00,0.0,0,Depression / Weak System,HURSAT-B1 IRWIN/rad10,1.0,0,train
2013310N06066,2013-11-10T00:00:00,E:\Cyclone-x-prototype\datas\HURSAT_NI\2013\2013310N06066\2013310N06066.THREE.2013.11.10.0000.60.MSG-3.030.hursat-b1.v06.nc,2013-11-10T00:00:00,0.0,0,Depression / Weak System,HURSAT-B1 IRWIN/rad10,1.0,0,train
2013310N06066,2013-11-10T03:00:00,E:\Cyclone-x-prototype\datas\HURSAT_NI\2013\2013310N06066\2013310N06066.THREE.2013.11.10.0300.11.MET-7.032.hursat-b1.v06.nc,2013-11-10T03:00:00,0.0,0,Depression / Weak System,HURSAT-B1 IRWIN/rad10,1.0,0,train
2013310N06066,2013-11-10T03:00:00,E:\Cyclone-x-prototype\datas\HURSAT_NI\2013\2013310N06066\2013310N06066.THREE.2013.11.10.0300.60.MSG-3.032.hursat-b1.v06.nc,2013-11-10T03:00:00,0.0,0,Depression / Weak System,HURSAT-B1 IRWIN/rad10,1.0,0,train
2013310N06066,2013-11-10T03:00:00,E:\Cyclone-x-prototype\datas\HURSAT_NI\2013\2013310N06066\2013310N06066.THREE.2013.11.10.0300.61.FY2-E.032.hursat-b1.v06.nc,2013-11-10T03:00:00,0.0,0,Depression / Weak System,HURSAT-B1 IRWIN/rad10,1.0,0,train
2013310N06066,2013-11-10T06:00:00,E:\Cyclone-x-prototype\datas\HURSAT_NI\2013\2013310N06066\2013310N06066.THREE.2013.11.10.0600.12.MET-7.033.hursat-b1.v06.nc,2013-11-10T06:00:00,0.0,0,Depression / Weak System,HURSAT-B1 IRWIN/rad10,1.0,0,train
2013310N06066,2013-11-10T06:00:00,E:\Cyclone-x-prototype\datas\HURSAT_NI\2013\2013310N06066\2013310N06066.THREE.2013.11.10.0600.60.MSG-3.033.hursat-b1.v06.nc,2013-11-10T06:00:00,0.0,0,Depression / Weak System,HURSAT-B1 IRWIN/rad10,1.0,0,train
2013310N06066,2013-11-10T06:00:00,E:\Cyclone-x-prototype\datas\HURSAT_NI\2013\2013310N06066\2013310N06066.THREE.2013.11.10.0600.62.FY2-E.033.hursat-b1.v06.nc,2013-11-10T06:00:00,0.0,0,Depression / Weak System,HURSAT-B1 IRWIN/rad10,1.0,0,train
2013310N06066,2013-11-10T09:00:00,E:\Cyclone-x-prototype\datas\HURSAT_NI\2013\2013310N06066\2013310N06066.THREE.2013.11.10.0900.12.MET-7.032.hursat-b1.v06.nc,2013-11-10T06:00:00,3.0,0,Depression / Weak System,HURSAT-B1 IRWIN/rad10,1.0,0,train
2013310N06066,2013-11-10T09:00:00,E:\Cyclone-x-prototype\datas\HURSAT_NI\2013\2013310N06066\2013310N06066.THREE.2013.11.10.0900.59.MSG-3.032.hursat-b1.v06.nc,2013-11-10T06:00:00,3.0,0,Depression / Weak System,HURSAT-B1 IRWIN/rad10,1.0,0,train
2013310N06066,2013-11-10T09:00:00,E:\Cyclone-x-prototype\datas\HURSAT_NI\2013\2013310N06066\2013310N06066.THREE.2013.11.10.0900.62.FY2-E.032.hursat-b1.v06.nc,2013-11-10T06:00:00,3.0,0,Depression / Weak System,HURSAT-B1 IRWIN/rad10,1.0,0,train
2013310N06066,2013-11-10T12:00:00,E:\Cyclone-x-prototype\datas\HURSAT_NI\2013\2013310N06066\2013310N06066.THREE.2013.11.10.1200.12.MET-7.030.hursat-b1.v06.nc,2013-11-10T12:00:00,0.0,0,Depression / Weak System,HURSAT-B1 IRWIN/rad10,1.0,0,train
2013310N06066,2013-11-10T12:00:00,E:\Cyclone-x-prototype\datas\HURSAT_NI\2013\2013310N06066\2013310N06066.THREE.2013.11.10.1200.59.MSG-3.030.hursat-b1.v06.nc,2013-11-10T12:00:00,0.0,0,Depression / Weak System,HURSAT-B1 IRWIN/rad10,1.0,0,train
2013310N06066,2013-11-10T12:00:00,E:\Cyclone-x-prototype\datas\HURSAT_NI\2013\2013310N06066\2013310N06066.THREE.2013.11.10.1200.62.FY2-E.030.hursat-b1.v06.nc,2013-11-10T12:00:00,0.0,0,Depression / Weak System,HURSAT-B1 IRWIN/rad10,1.0,0,train
2013310N06066,2013-11-10T15:00:00,E:\Cyclone-x-prototype\datas\HURSAT_NI\2013\2013310N06066\2013310N06066.THREE.2013.11.10.1500.12.MET-7.030.hursat-b1.v06.nc,2013-11-10T12:00:00,3.0,0,Depression / Weak System,HURSAT-B1 IRWIN/rad10,1.0,0,train
2013310N06066,2013-11-10T15:00:00,E:\Cyclone-x-prototype\datas\HURSAT_NI\2013\2013310N06066\2013310N06066.THREE.2013.11.10.1500.59.MSG-3.030.hursat-b1.v06.nc,2013-11-10T12:00:00,3.0,0,Depression / Weak System,HURSAT-B1 IRWIN/rad10,1.0,0,train
2013310N06066,2013-11-10T15:00:00,E:\Cyclone-x-prototype\datas\HURSAT_NI\2013\2013310N06066\2013310N06066.THREE.2013.11.10.1500.62.FY2-E.030.hursat-b1.v06.nc,2013-11-10T12:00:00,3.0,0,Depression / Weak System,HURSAT-B1 IRWIN/rad10,1.0,0,train
2013310N06066,2013-11-10T18:00:00,E:\Cyclone-x-prototype\datas\HURSAT_NI\2013\2013310N06066\2013310N06066.THREE.2013.11.10.1800.12.MET-7.030.hursat-b1.v06.nc,2013-11-10T18:00:00,0.0,0,Depression / Weak System,HURSAT-B1 IRWIN/rad10,1.0,0,train
2013310N06066,2013-11-10T18:00:00,E:\Cyclone-x-prototype\datas\HURSAT_NI\2013\2013310N06066\2013310N06066.THREE.2013.11.10.1800.59.MSG-3.030.hursat-b1.v06.nc,2013-11-10T18:00:00,0.0,0,Depression / Weak System,HURSAT-B1 IRWIN/rad10,1.0,0,train
2013310N06066,2013-11-10T18:00:00,E:\Cyclone-x-prototype\datas\HURSAT_NI\2013\2013310N06066\2013310N06066.THREE.2013.11.10.1800.62.FY2-E.030.hursat-b1.v06.nc,2013-11-10T18:00:00,0.0,0,Depression / Weak System,HURSAT-B1 IRWIN/rad10,1.0,0,train
2013310N06066,2013-11-10T21:00:00,E:\Cyclone-x-prototype\datas\HURSAT_NI\2013\2013310N06066\2013310N06066.THREE.2013.11.10.2100.13.MET-7.030.hursat-b1.v06.nc,2013-11-10T18:00:00,3.0,0,Depression / Weak System,HURSAT-B1 IRWIN/rad10,1.0,0,train
2013310N06066,2013-11-10T21:00:00,E:\Cyclone-x-prototype\datas\HURSAT_NI\2013\2013310N06066\2013310N06066.THREE.2013.11.10.2100.59.MSG-3.030.hursat-b1.v06.nc,2013-11-10T18:00:00,3.0,0,Depression / Weak System,HURSAT-B1 IRWIN/rad10,1.0,0,train
2013310N06066,2013-11-10T21:00:00,E:\Cyclone-x-prototype\datas\HURSAT_NI\2013\2013310N06066\2013310N06066.THREE.2013.11.10.2100.63.FY2-E.030.hursat-b1.v06.nc,2013-11-10T18:00:00,3.0,0,Depression / Weak System,HURSAT-B1 IRWIN/rad10,1.0,0,train
2013310N06066,2013-11-11T00:00:00,E:\Cyclone-x-prototype\datas\HURSAT_NI\2013\2013310N06066\2013310N06066.THREE.2013.11.11.0000.13.MET-7.030.hursat-b1.v06.nc,2013-11-11T00:00:00,0.0,0,Depression / Weak System,HURSAT-B1 IRWIN/rad10,1.0,0,train
2013310N06066,2013-11-11T00:00:00,E:\Cyclone-x-prototype\datas\HURSAT_NI\2013\2013310N06066\2013310N06066.THREE.2013.11.11.0000.58.MSG-3.030.hursat-b1.v06.nc,2013-11-11T00:00:00,0.0,0,Depression / Weak System,HURSAT-B1 IRWIN/rad10,1.0,0,train
2013310N06066,2013-11-11T03:00:00,E:\Cyclone-x-prototype\datas\HURSAT_NI\2013\2013310N06066\2013310N06066.THREE.2013.11.11.0300.13.MET-7.029.hursat-b1.v06.nc,2013-11-11T03:00:00,0.0,0,Depression / Weak System,HURSAT-B1 IRWIN/rad10,1.0,0,train
2013310N06066,2013-11-11T03:00:00,E:\Cyclone-x-prototype\datas\HURSAT_NI\2013\2013310N06066\2013310N06066.THREE.2013.11.11.0300.58.MSG-3.029.hursat-b1.v06.nc,2013-11-11T03:00:00,0.0,0,Depression / Weak System,HURSAT-B1 IRWIN/rad10,1.0,0,train
2013310N06066,2013-11-11T03:00:00,E:\Cyclone-x-prototype\datas\HURSAT_NI\2013\2013310N06066\2013310N06066.THREE.2013.11.11.0300.63.FY2-E.029.hursat-b1.v06.nc,2013-11-11T03:00:00,0.0,0,Depression / Weak System,HURSAT-B1 IRWIN/rad10,1.0,0,train
2013310N06066,2013-11-11T06:00:00,E:\Cyclone-x-prototype\datas\HURSAT_NI\2013\2013310N06066\2013310N06066.THREE.2013.11.11.0600.14.MET-7.028.hursat-b1.v06.nc,2013-11-11T06:00:00,0.0,0,Depression / Weak System,HURSAT-B1 IRWIN/rad10,1.0,0,train
2013310N06066,2013-11-11T06:00:00,E:\Cyclone-x-prototype\datas\HURSAT_NI\2013\2013310N06066\2013310N06066.THREE.2013.11.11.0600.57.MSG-3.028.hursat-b1.v06.nc,2013-11-11T06:00:00,0.0,0,Depression / Weak System,HURSAT-B1 IRWIN/rad10,1.0,0,train
2013310N06066,2013-11-11T06:00:00,E:\Cyclone-x-prototype\datas\HURSAT_NI\2013\2013310N06066\2013310N06066.THREE.2013.11.11.0600.64.FY2-E.028.hursat-b1.v06.nc,2013-11-11T06:00:00,0.0,0,Depression / Weak System,HURSAT-B1 IRWIN/rad10,1.0,0,train
2013310N06066,2013-11-11T09:00:00,E:\Cyclone-x-prototype\datas\HURSAT_NI\2013\2013310N06066\2013310N06066.THREE.2013.11.11.0900.15.MET-7.027.hursat-b1.v06.nc,2013-11-11T06:00:00,3.0,0,Depression / Weak System,HURSAT-B1 IRWIN/rad10,1.0,0,train
2013310N06066,2013-11-11T09:00:00,E:\Cyclone-x-prototype\datas\HURSAT_NI\2013\2013310N06066\2013310N06066.THREE.2013.11.11.0900.57.MSG-3.027.hursat-b1.v06.nc,2013-11-11T06:00:00,3.0,0,Depression / Weak System,HURSAT-B1 IRWIN/rad10,1.0,0,train
2013310N06066,2013-11-11T09:00:00,E:\Cyclone-x-prototype\datas\HURSAT_NI\2013\2013310N06066\2013310N06066.THREE.2013.11.11.0900.65.FY2-E.027.hursat-b1.v06.nc,2013-11-11T06:00:00,3.0,0,Depression / Weak System,HURSAT-B1 IRWIN/rad10,1.0,0,train
2013322N13090,2013-11-18T21:00:00,E:\Cyclone-x-prototype\datas\HURSAT_NI\2013\2013322N13090\2013322N13090.HELEN.2013.11.18.2100.38.MET-7.025.hursat-b1.v06.nc,2013-11-19T00:00:00,3.0,0,Depression / Weak System,HURSAT-B1 IRWIN/rad10,1.0,0,validation
2013322N13090,2013-11-18T21:00:00,E:\Cyclone-x-prototype\datas\HURSAT_NI\2013\2013322N13090\2013322N13090.HELEN.2013.11.18.2100.63.MTS-1.025.hursat-b1.v06.nc,2013-11-19T00:00:00,3.0,0,Depression / Weak System,HURSAT-B1 IRWIN/rad10,1.0,0,validation
2013322N13090,2013-11-19T00:00:00,E:\Cyclone-x-prototype\datas\HURSAT_NI\2013\2013322N13090\2013322N13090.HELEN.2013.11.19.0000.38.MET-7.028.hursat-b1.v06.nc,2013-11-19T00:00:00,0.0,0,Depression / Weak System,HURSAT-B1 IRWIN/rad10,1.0,0,validation
2013322N13090,2013-11-19T00:00:00,E:\Cyclone-x-prototype\datas\HURSAT_NI\2013\2013322N13090\2013322N13090.HELEN.2013.11.19.0000.63.MTS-1.028.hursat-b1.v06.nc,2013-11-19T00:00:00,0.0,0,Depression / Weak System,HURSAT-B1 IRWIN/rad10,1.0,0,validation
2013322N13090,2013-11-19T03:00:00,E:\Cyclone-x-prototype\datas\HURSAT_NI\2013\2013322N13090\2013322N13090.HELEN.2013.11.19.0300.28.FY2-E.028.hursat-b1.v06.nc,2013-11-19T03:00:00,0.0,0,Depression / Weak System,HURSAT-B1 IRWIN/rad10,1.0,0,validation
2013322N13090,2013-11-19T03:00:00,E:\Cyclone-x-prototype\datas\HURSAT_NI\2013\2013322N13090\2013322N13090.HELEN.2013.11.19.0300.38.MET-7.028.hursat-b1.v06.nc,2013-11-19T03:00:00,0.0,0,Depression / Weak System,HURSAT-B1 IRWIN/rad10,1.0,0,validation
2013322N13090,2013-11-19T03:00:00,E:\Cyclone-x-prototype\datas\HURSAT_NI\2013\2013322N13090\2013322N13090.HELEN.2013.11.19.0300.64.MTS-1.028.hursat-b1.v06.nc,2013-11-19T03:00:00,0.0,0,Depression / Weak System,HURSAT-B1 IRWIN/rad10,1.0,0,validation
2013322N13090,2013-11-19T06:00:00,E:\Cyclone-x-prototype\datas\HURSAT_NI\2013\2013322N13090\2013322N13090.HELEN.2013.11.19.0600.28.FY2-E.028.hursat-b1.v06.nc,2013-11-19T06:00:00,0.0,0,Depression / Weak System,HURSAT-B1 IRWIN/rad10,1.0,0,validation
2013322N13090,2013-11-19T06:00:00,E:\Cyclone-x-prototype\datas\HURSAT_NI\2013\2013322N13090\2013322N13090.HELEN.2013.11.19.0600.37.MET-7.028.hursat-b1.v06.nc,2013-11-19T06:00:00,0.0,0,Depression / Weak System,HURSAT-B1 IRWIN/rad10,1.0,0,validation
2013322N13090,2013-11-19T06:00:00,E:\Cyclone-x-prototype\datas\HURSAT_NI\2013\2013322N13090\2013322N13090.HELEN.2013.11.19.0600.64.MTS-1.028.hursat-b1.v06.nc,2013-11-19T06:00:00,0.0,0,Depression / Weak System,HURSAT-B1 IRWIN/rad10,1.0,0,validation
2013322N13090,2013-11-19T09:00:00,E:\Cyclone-x-prototype\datas\HURSAT_NI\2013\2013322N13090\2013322N13090.HELEN.2013.11.19.0900.28.FY2-E.029.hursat-b1.v06.nc,2013-11-19T06:00:00,3.0,0,Depression / Weak System,HURSAT-B1 IRWIN/rad10,1.0,0,validation
2013322N13090,2013-11-19T09:00:00,E:\Cyclone-x-prototype\datas\HURSAT_NI\2013\2013322N13090\2013322N13090.HELEN.2013.11.19.0900.37.MET-7.029.hursat-b1.v06.nc,2013-11-19T06:00:00,3.0,0,Depression / Weak System,HURSAT-B1 IRWIN/rad10,1.0,0,validation
2013322N13090,2013-11-19T09:00:00,E:\Cyclone-x-prototype\datas\HURSAT_NI\2013\2013322N13090\2013322N13090.HELEN.2013.11.19.0900.64.MTS-1.029.hursat-b1.v06.nc,2013-11-19T06:00:00,3.0,0,Depression / Weak System,HURSAT-B1 IRWIN/rad10,1.0,0,validation
2013322N13090,2013-11-19T12:00:00,E:\Cyclone-x-prototype\datas\HURSAT_NI\2013\2013322N13090\2013322N13090.HELEN.2013.11.19.1200.29.FY2-E.030.hursat-b1.v06.nc,2013-11-19T12:00:00,0.0,0,Depression / Weak System,HURSAT-B1 IRWIN/rad10,1.0,0,validation
2013322N13090,2013-11-19T12:00:00,E:\Cyclone-x-prototype\datas\HURSAT_NI\2013\2013322N13090\2013322N13090.HELEN.2013.11.19.1200.37.MET-7.030.hursat-b1.v06.nc,2013-11-19T12:00:00,0.0,0,Depression / Weak System,HURSAT-B1 IRWIN/rad10,1.0,0,validation
2013322N13090,2013-11-19T12:00:00,E:\Cyclone-x-prototype\datas\HURSAT_NI\2013\2013322N13090\2013322N13090.HELEN.2013.11.19.1200.65.MTS-1.030.hursat-b1.v06.nc,2013-11-19T12:00:00,0.0,0,Depression / Weak System,HURSAT-B1 IRWIN/rad10,1.0,0,validation
2013322N13090,2013-11-19T15:00:00,E:\Cyclone-x-prototype\datas\HURSAT_NI\2013\2013322N13090\2013322N13090.HELEN.2013.11.19.1500.29.FY2-E.031.hursat-b1.v06.nc,2013-11-19T15:00:00,0.0,0,Depression / Weak System,HURSAT-B1 IRWIN/rad10,1.0,0,validation
2013322N13090,2013-11-19T15:00:00,E:\Cyclone-x-prototype\datas\HURSAT_NI\2013\2013322N13090\2013322N13090.HELEN.2013.11.19.1500.37.MET-7.031.hursat-b1.v06.nc,2013-11-19T15:00:00,0.0,0,Depression / Weak System,HURSAT-B1 IRWIN/rad10,1.0,0,validation
2013322N13090,2013-11-19T15:00:00,E:\Cyclone-x-prototype\datas\HURSAT_NI\2013\2013322N13090\2013322N13090.HELEN.2013.11.19.1500.65.MTS-1.031.hursat-b1.v06.nc,2013-11-19T15:00:00,0.0,0,Depression / Weak System,HURSAT-B1 IRWIN/rad10,1.0,0,validation
2013322N13090,2013-11-19T18:00:00,E:\Cyclone-x-prototype\datas\HURSAT_NI\2013\2013322N13090\2013322N13090.HELEN.2013.11.19.1800.29.FY2-E.033.hursat-b1.v06.nc,2013-11-19T18:00:00,0.0,0,Depression / Weak System,HURSAT-B1 IRWIN/rad10,1.0,0,validation
2013322N13090,2013-11-19T18:00:00,E:\Cyclone-x-prototype\datas\HURSAT_NI\2013\2013322N13090\2013322N13090.HELEN.2013.11.19.1800.36.MET-7.033.hursat-b1.v06.nc,2013-11-19T18:00:00,0.0,0,Depression / Weak System,HURSAT-B1 IRWIN/rad10,1.0,0,validation
2013322N13090,2013-11-19T18:00:00,E:\Cyclone-x-prototype\datas\HURSAT_NI\2013\2013322N13090\2013322N13090.HELEN.2013.11.19.1800.65.MTS-1.033.hursat-b1.v06.nc,2013-11-19T18:00:00,0.0,0,Depression / Weak System,HURSAT-B1 IRWIN/rad10,1.0,0,validation
2013322N13090,2013-11-19T21:00:00,E:\Cyclone-x-prototype\datas\HURSAT_NI\2013\2013322N13090\2013322N13090.HELEN.2013.11.19.2100.36.MET-7.035.hursat-b1.v06.nc,2013-11-19T18:00:00,3.0,0,Depression / Weak System,HURSAT-B1 IRWIN/rad10,1.0,0,validation
2013322N13090,2013-11-19T21:00:00,E:\Cyclone-x-prototype\datas\HURSAT_NI\2013\2013322N13090\2013322N13090.HELEN.2013.11.19.2100.65.MTS-1.035.hursat-b1.v06.nc,2013-11-19T18:00:00,3.0,0,Depression / Weak System,HURSAT-B1 IRWIN/rad10,1.0,0,validation
2013322N13090,2013-11-20T00:00:00,E:\Cyclone-x-prototype\datas\HURSAT_NI\2013\2013322N13090\2013322N13090.HELEN.2013.11.20.0000.36.MET-7.037.hursat-b1.v06.nc,2013-11-20T00:00:00,0.0,0,Depression / Weak System,HURSAT-B1 IRWIN/rad10,1.0,0,validation
2013322N13090,2013-11-20T00:00:00,E:\Cyclone-x-prototype\datas\HURSAT_NI\2013\2013322N13090\2013322N13090.HELEN.2013.11.20.0000.66.MTS-1.037.hursat-b1.v06.nc,2013-11-20T00:00:00,0.0,0,Depression / Weak System,HURSAT-B1 IRWIN/rad10,1.0,0,validation
2013322N13090,2013-11-20T03:00:00,E:\Cyclone-x-prototype\datas\HURSAT_NI\2013\2013322N13090\2013322N13090.HELEN.2013.11.20.0300.30.FY2-E.040.hursat-b1.v06.nc,2013-11-20T03:00:00,0.0,1,Cyclonic Storm,HURSAT-B1 IRWIN/rad10,1.0,0,validation
2013322N13090,2013-11-20T03:00:00,E:\Cyclone-x-prototype\datas\HURSAT_NI\2013\2013322N13090\2013322N13090.HELEN.2013.11.20.0300.36.MET-7.040.hursat-b1.v06.nc,2013-11-20T03:00:00,0.0,1,Cyclonic Storm,HURSAT-B1 IRWIN/rad10,1.0,0,validation
2013322N13090,2013-11-20T03:00:00,E:\Cyclone-x-prototype\datas\HURSAT_NI\2013\2013322N13090\2013322N13090.HELEN.2013.11.20.0300.66.MTS-1.040.hursat-b1.v06.nc,2013-11-20T03:00:00,0.0,1,Cyclonic Storm,HURSAT-B1 IRWIN/rad10,1.0,0,validation
2013322N13090,2013-11-20T06:00:00,E:\Cyclone-x-prototype\datas\HURSAT_NI\2013\2013322N13090\2013322N13090.HELEN.2013.11.20.0600.30.FY2-E.042.hursat-b1.v06.nc,2013-11-20T06:00:00,0.0,1,Cyclonic Storm,HURSAT-B1 IRWIN/rad10,1.0,0,validation
2013322N13090,2013-11-20T06:00:00,E:\Cyclone-x-prototype\datas\HURSAT_NI\2013\2013322N13090\2013322N13090.HELEN.2013.11.20.0600.36.MET-7.042.hursat-b1.v06.nc,2013-11-20T06:00:00,0.0,1,Cyclonic Storm,HURSAT-B1 IRWIN/rad10,1.0,0,validation
2013322N13090,2013-11-20T06:00:00,E:\Cyclone-x-prototype\datas\HURSAT_NI\2013\2013322N13090\2013322N13090.HELEN.2013.11.20.0600.66.MTS-1.042.hursat-b1.v06.nc,2013-11-20T06:00:00,0.0,1,Cyclonic Storm,HURSAT-B1 IRWIN/rad10,1.0,0,validation
2013322N13090,2013-11-20T09:00:00,E:\Cyclone-x-prototype\datas\HURSAT_NI\2013\2013322N13090\2013322N13090.HELEN.2013.11.20.0900.30.FY2-E.044.hursat-b1.v06.nc,2013-11-20T09:00:00,0.0,1,Cyclonic Storm,HURSAT-B1 IRWIN/rad10,1.0,0,validation
2013322N13090,2013-11-20T09:00:00,E:\Cyclone-x-prototype\datas\HURSAT_NI\2013\2013322N13090\2013322N13090.HELEN.2013.11.20.0900.36.MET-7.044.hursat-b1.v06.nc,2013-11-20T09:00:00,0.0,1,Cyclonic Storm,HURSAT-B1 IRWIN/rad10,1.0,0,validation
2013322N13090,2013-11-20T09:00:00,E:\Cyclone-x-prototype\datas\HURSAT_NI\2013\2013322N13090\2013322N13090.HELEN.2013.11.20.0900.66.MTS-1.044.hursat-b1.v06.nc,2013-11-20T09:00:00,0.0,1,Cyclonic Storm,HURSAT-B1 IRWIN/rad10,1.0,0,validation
2013322N13090,2013-11-20T12:00:00,E:\Cyclone-x-prototype\datas\HURSAT_NI\2013\2013322N13090\2013322N13090.HELEN.2013.11.20.1200.30.FY2-E.047.hursat-b1.v06.nc,2013-11-20T12:00:00,0.0,1,Cyclonic Storm,HURSAT-B1 IRWIN/rad10,1.0,0,validation
2013322N13090,2013-11-20T12:00:00,E:\Cyclone-x-prototype\datas\HURSAT_NI\2013\2013322N13090\2013322N13090.HELEN.2013.11.20.1200.36.MET-7.047.hursat-b1.v06.nc,2013-11-20T12:00:00,0.0,1,Cyclonic Storm,HURSAT-B1 IRWIN/rad10,1.0,0,validation
2013322N13090,2013-11-20T12:00:00,E:\Cyclone-x-prototype\datas\HURSAT_NI\2013\2013322N13090\2013322N13090.HELEN.2013.11.20.1200.66.MTS-1.047.hursat-b1.v06.nc,2013-11-20T12:00:00,0.0,1,Cyclonic Storm,HURSAT-B1 IRWIN/rad10,1.0,0,validation
2013322N13090,2013-11-20T15:00:00,E:\Cyclone-x-prototype\datas\HURSAT_NI\2013\2013322N13090\2013322N13090.HELEN.2013.11.20.1500.30.FY2-E.048.hursat-b1.v06.nc,2013-11-20T15:00:00,0.0,1,Cyclonic Storm,HURSAT-B1 IRWIN/rad10,1.0,0,validation
2013322N13090,2013-11-20T15:00:00,E:\Cyclone-x-prototype\datas\HURSAT_NI\2013\2013322N13090\2013322N13090.HELEN.2013.11.20.1500.36.MET-7.048.hursat-b1.v06.nc,2013-11-20T15:00:00,0.0,1,Cyclonic Storm,HURSAT-B1 IRWIN/rad10,1.0,0,validation
2013322N13090,2013-11-20T15:00:00,E:\Cyclone-x-prototype\datas\HURSAT_NI\2013\2013322N13090\2013322N13090.HELEN.2013.11.20.1500.66.MTS-1.048.hursat-b1.v06.nc,2013-11-20T15:00:00,0.0,1,Cyclonic Storm,HURSAT-B1 IRWIN/rad10,1.0,0,validation
2013322N13090,2013-11-20T18:00:00,E:\Cyclone-x-prototype\datas\HURSAT_NI\2013\2013322N13090\2013322N13090.HELEN.2013.11.20.1800.30.FY2-E.049.hursat-b1.v06.nc,2013-11-20T18:00:00,0.0,1,Cyclonic Storm,HURSAT-B1 IRWIN/rad10,1.0,0,validation
2013322N13090,2013-11-20T18:00:00,E:\Cyclone-x-prototype\datas\HURSAT_NI\2013\2013322N13090\2013322N13090.HELEN.2013.11.20.1800.36.MET-7.049.hursat-b1.v06.nc,2013-11-20T18:00:00,0.0,1,Cyclonic Storm,HURSAT-B1 IRWIN/rad10,1.0,0,validation
2013322N13090,2013-11-20T18:00:00,E:\Cyclone-x-prototype\datas\HURSAT_NI\2013\2013322N13090\2013322N13090.HELEN.2013.11.20.1800.66.MTS-1.049.hursat-b1.v06.nc,2013-11-20T18:00:00,0.0,1,Cyclonic Storm,HURSAT-B1 IRWIN/rad10,1.0,0,validation
2013322N13090,2013-11-20T21:00:00,E:\Cyclone-x-prototype\datas\HURSAT_NI\2013\2013322N13090\2013322N13090.HELEN.2013.11.20.2100.36.MET-7.051.hursat-b1.v06.nc,2013-11-20T21:00:00,0.0,1,Cyclonic Storm,HURSAT-B1 IRWIN/rad10,1.0,0,validation
2013322N13090,2013-11-20T21:00:00,E:\Cyclone-x-prototype\datas\HURSAT_NI\2013\2013322N13090\2013322N13090.HELEN.2013.11.20.2100.66.MTS-1.051.hursat-b1.v06.nc,2013-11-20T21:00:00,0.0,1,Cyclonic Storm,HURSAT-B1 IRWIN/rad10,1.0,0,validation
2013322N13090,2013-11-21T00:00:00,E:\Cyclone-x-prototype\datas\HURSAT_NI\2013\2013322N13090\2013322N13090.HELEN.2013.11.21.0000.36.MET-7.054.hursat-b1.v06.nc,2013-11-21T00:00:00,0.0,1,Cyclonic Storm,HURSAT-B1 IRWIN/rad10,1.0,0,validation
2013322N13090,2013-11-21T00:00:00,E:\Cyclone-x-prototype\datas\HURSAT_NI\2013\2013322N13090\2013322N13090.HELEN.2013.11.21.0000.66.MTS-1.054.hursat-b1.v06.nc,2013-11-21T00:00:00,0.0,1,Cyclonic Storm,HURSAT-B1 IRWIN/rad10,1.0,0,validation
2013322N13090,2013-11-21T03:00:00,E:\Cyclone-x-prototype\datas\HURSAT_NI\2013\2013322N13090\2013322N13090.HELEN.2013.11.21.0300.36.MET-7.056.hursat-b1.v06.nc,2013-11-21T03:00:00,0.0,1,Cyclonic Storm,HURSAT-B1 IRWIN/rad10,1.0,0,validation
2013322N13090,2013-11-21T03:00:00,E:\Cyclone-x-prototype\datas\HURSAT_NI\2013\2013322N13090\2013322N13090.HELEN.2013.11.21.0300.66.MTS-1.056.hursat-b1.v06.nc,2013-11-21T03:00:00,0.0,1,Cyclonic Storm,HURSAT-B1 IRWIN/rad10,1.0,0,validation
2013322N13090,2013-11-21T06:00:00,E:\Cyclone-x-prototype\datas\HURSAT_NI\2013\2013322N13090\2013322N13090.HELEN.2013.11.21.0600.36.MET-7.058.hursat-b1.v06.nc,2013-11-21T06:00:00,0.0,1,Cyclonic Storm,HURSAT-B1 IRWIN/rad10,1.0,0,validation
2013322N13090,2013-11-21T06:00:00,E:\Cyclone-x-prototype\datas\HURSAT_NI\2013\2013322N13090\2013322N13090.HELEN.2013.11.21.0600.66.MTS-1.058.hursat-b1.v06.nc,2013-11-21T06:00:00,0.0,1,Cyclonic Storm,HURSAT-B1 IRWIN/rad10,1.0,0,validation
2013322N13090,2013-11-21T09:00:00,E:\Cyclone-x-prototype\datas\HURSAT_NI\2013\2013322N13090\2013322N13090.HELEN.2013.11.21.0900.36.MET-7.057.hursat-b1.v06.nc,2013-11-21T09:00:00,0.0,1,Cyclonic Storm,HURSAT-B1 IRWIN/rad10,1.0,0,validation
2013322N13090,2013-11-21T09:00:00,E:\Cyclone-x-prototype\datas\HURSAT_NI\2013\2013322N13090\2013322N13090.HELEN.2013.11.21.0900.67.MTS-1.057.hursat-b1.v06.nc,2013-11-21T09:00:00,0.0,1,Cyclonic Storm,HURSAT-B1 IRWIN/rad10,1.0,0,validation
2013322N13090,2013-11-21T12:00:00,E:\Cyclone-x-prototype\datas\HURSAT_NI\2013\2013322N13090\2013322N13090.HELEN.2013.11.21.1200.35.MET-7.056.hursat-b1.v06.nc,2013-11-21T12:00:00,0.0,1,Cyclonic Storm,HURSAT-B1 IRWIN/rad10,1.0,0,validation
2013322N13090,2013-11-21T12:00:00,E:\Cyclone-x-prototype\datas\HURSAT_NI\2013\2013322N13090\2013322N13090.HELEN.2013.11.21.1200.67.MTS-1.056.hursat-b1.v06.nc,2013-11-21T12:00:00,0.0,1,Cyclonic Storm,HURSAT-B1 IRWIN/rad10,1.0,0,validation
2013322N13090,2013-11-21T15:00:00,E:\Cyclone-x-prototype\datas\HURSAT_NI\2013\2013322N13090\2013322N13090.HELEN.2013.11.21.1500.35.MET-7.056.hursat-b1.v06.nc,2013-11-21T15:00:00,0.0,1,Cyclonic Storm,HURSAT-B1 IRWIN/rad10,1.0,0,validation
2013322N13090,2013-11-21T15:00:00,E:\Cyclone-x-prototype\datas\HURSAT_NI\2013\2013322N13090\2013322N13090.HELEN.2013.11.21.1500.67.MTS-1.056.hursat-b1.v06.nc,2013-11-21T15:00:00,0.0,1,Cyclonic Storm,HURSAT-B1 IRWIN/rad10,1.0,0,validation
2013322N13090,2013-11-21T18:00:00,E:\Cyclone-x-prototype\datas\HURSAT_NI\2013\2013322N13090\2013322N13090.HELEN.2013.11.21.1800.35.MET-7.056.hursat-b1.v06.nc,2013-11-21T18:00:00,0.0,1,Cyclonic Storm,HURSAT-B1 IRWIN/rad10,1.0,0,validation
2013322N13090,2013-11-21T18:00:00,E:\Cyclone-x-prototype\datas\HURSAT_NI\2013\2013322N13090\2013322N13090.HELEN.2013.11.21.1800.67.MTS-1.056.hursat-b1.v06.nc,2013-11-21T18:00:00,0.0,1,Cyclonic Storm,HURSAT-B1 IRWIN/rad10,1.0,0,validation
2013322N13090,2013-11-21T21:00:00,E:\Cyclone-x-prototype\datas\HURSAT_NI\2013\2013322N13090\2013322N13090.HELEN.2013.11.21.2100.35.MET-7.055.hursat-b1.v06.nc,2013-11-21T21:00:00,0.0,1,Cyclonic Storm,HURSAT-B1 IRWIN/rad10,1.0,0,validation
2013322N13090,2013-11-21T21:00:00,E:\Cyclone-x-prototype\datas\HURSAT_NI\2013\2013322N13090\2013322N13090.HELEN.2013.11.21.2100.68.MTS-1.055.hursat-b1.v06.nc,2013-11-21T21:00:00,0.0,1,Cyclonic Storm,HURSAT-B1 IRWIN/rad10,1.0,0,validation
2013322N13090,2013-11-22T00:00:00,E:\Cyclone-x-prototype\datas\HURSAT_NI\2013\2013322N13090\2013322N13090.HELEN.2013.11.22.0000.34.MET-7.054.hursat-b1.v06.nc,2013-11-22T00:00:00,0.0,1,Cyclonic Storm,HURSAT-B1 IRWIN/rad10,1.0,0,validation
2013322N13090,2013-11-22T00:00:00,E:\Cyclone-x-prototype\datas\HURSAT_NI\2013\2013322N13090\2013322N13090.HELEN.2013.11.22.0000.68.MTS-1.054.hursat-b1.v06.nc,2013-11-22T00:00:00,0.0,1,Cyclonic Storm,HURSAT-B1 IRWIN/rad10,1.0,0,validation
2013322N13090,2013-11-22T03:00:00,E:\Cyclone-x-prototype\datas\HURSAT_NI\2013\2013322N13090\2013322N13090.HELEN.2013.11.22.0300.34.MET-7.053.hursat-b1.v06.nc,2013-11-22T03:00:00,0.0,1,Cyclonic Storm,HURSAT-B1 IRWIN/rad10,1.0,0,validation
2013322N13090,2013-11-22T03:00:00,E:\Cyclone-x-prototype\datas\HURSAT_NI\2013\2013322N13090\2013322N13090.HELEN.2013.11.22.0300.68.MTS-1.053.hursat-b1.v06.nc,2013-11-22T03:00:00,0.0,1,Cyclonic Storm,HURSAT-B1 IRWIN/rad10,1.0,0,validation
2013322N13090,2013-11-22T06:00:00,E:\Cyclone-x-prototype\datas\HURSAT_NI\2013\2013322N13090\2013322N13090.HELEN.2013.11.22.0600.34.MET-7.052.hursat-b1.v06.nc,2013-11-22T06:00:00,0.0,1,Cyclonic Storm,HURSAT-B1 IRWIN/rad10,1.0,0,validation
2013322N13090,2013-11-22T06:00:00,E:\Cyclone-x-prototype\datas\HURSAT_NI\2013\2013322N13090\2013322N13090.HELEN.2013.11.22.0600.68.MTS-1.052.hursat-b1.v06.nc,2013-11-22T06:00:00,0.0,1,Cyclonic Storm,HURSAT-B1 IRWIN/rad10,1.0,0,validation
2013322N13090,2013-11-22T09:00:00,E:\Cyclone-x-prototype\datas\HURSAT_NI\2013\2013322N13090\2013322N13090.HELEN.2013.11.22.0900.34.MET-7.040.hursat-b1.v06.nc,2013-11-22T09:00:00,0.0,1,Cyclonic Storm,HURSAT-B1 IRWIN/rad10,1.0,0,validation
2013322N13090,2013-11-22T09:00:00,E:\Cyclone-x-prototype\datas\HURSAT_NI\2013\2013322N13090\2013322N13090.HELEN.2013.11.22.0900.69.MTS-1.040.hursat-b1.v06.nc,2013-11-22T09:00:00,0.0,1,Cyclonic Storm,HURSAT-B1 IRWIN/rad10,1.0,0,validation
2013322N13090,2013-11-22T12:00:00,E:\Cyclone-x-prototype\datas\HURSAT_NI\2013\2013322N13090\2013322N13090.HELEN.2013.11.22.1200.33.MET-7.028.hursat-b1.v06.nc,2013-11-22T12:00:00,0.0,0,Depression / Weak System,HURSAT-B1 IRWIN/rad10,1.0,0,validation
2013322N13090,2013-11-22T12:00:00,E:\Cyclone-x-prototype\datas\HURSAT_NI\2013\2013322N13090\2013322N13090.HELEN.2013.11.22.1200.69.MTS-1.028.hursat-b1.v06.nc,2013-11-22T12:00:00,0.0,0,Depression / Weak System,HURSAT-B1 IRWIN/rad10,1.0,0,validation
2013322N13090,2013-11-22T15:00:00,E:\Cyclone-x-prototype\datas\HURSAT_NI\2013\2013322N13090\2013322N13090.HELEN.2013.11.22.1500.33.MET-7.026.hursat-b1.v06.nc,2013-11-22T12:00:00,3.0,0,Depression / Weak System,HURSAT-B1 IRWIN/rad10,1.0,0,validation
2013322N13090,2013-11-22T15:00:00,E:\Cyclone-x-prototype\datas\HURSAT_NI\2013\2013322N13090\2013322N13090.HELEN.2013.11.22.1500.69.MTS-1.026.hursat-b1.v06.nc,2013-11-22T12:00:00,3.0,0,Depression / Weak System,HURSAT-B1 IRWIN/rad10,1.0,0,validation
2013322N13090,2013-11-22T18:00:00,E:\Cyclone-x-prototype\datas\HURSAT_NI\2013\2013322N13090\2013322N13090.HELEN.2013.11.22.1800.33.MET-7.024.hursat-b1.v06.nc,2013-11-22T18:00:00,0.0,0,Depression / Weak System,HURSAT-B1 IRWIN/rad10,1.0,0,validation
2013322N13090,2013-11-22T18:00:00,E:\Cyclone-x-prototype\datas\HURSAT_NI\2013\2013322N13090\2013322N13090.HELEN.2013.11.22.1800.70.MTS-1.024.hursat-b1.v06.nc,2013-11-22T18:00:00,0.0,0,Depression / Weak System,HURSAT-B1 IRWIN/rad10,1.0,0,validation
2013322N13090,2013-11-22T21:00:00,E:\Cyclone-x-prototype\datas\HURSAT_NI\2013\2013322N13090\2013322N13090.HELEN.2013.11.22.2100.32.MET-7.021.hursat-b1.v06.nc,2013-11-22T18:00:00,3.0,0,Depression / Weak System,HURSAT-B1 IRWIN/rad10,1.0,0,validation
2013322N13090,2013-11-22T21:00:00,E:\Cyclone-x-prototype\datas\HURSAT_NI\2013\2013322N13090\2013322N13090.HELEN.2013.11.22.2100.70.MTS-1.021.hursat-b1.v06.nc,2013-11-22T18:00:00,3.0,0,Depression / Weak System,HURSAT-B1 IRWIN/rad10,1.0,0,validation
2013324N07103,2013-11-23T09:00:00,E:\Cyclone-x-prototype\datas\HURSAT_NI\2013\2013324N07103\2013324N07103.LEHAR.2013.11.23.0900.13.FY2-E.025.hursat-b1.v06.nc,2013-11-23T12:00:00,3.0,0,Depression / Weak System,HURSAT-B1 IRWIN/rad10,1.0,0,train
2013324N07103,2013-11-23T09:00:00,E:\Cyclone-x-prototype\datas\HURSAT_NI\2013\2013324N07103\2013324N07103.LEHAR.2013.11.23.0900.47.MET-7.025.hursat-b1.v06.nc,2013-11-23T12:00:00,3.0,0,Depression / Weak System,HURSAT-B1 IRWIN/rad10,1.0,0,train
2013324N07103,2013-11-23T09:00:00,E:\Cyclone-x-prototype\datas\HURSAT_NI\2013\2013324N07103\2013324N07103.LEHAR.2013.11.23.0900.51.MTS-1.025.hursat-b1.v06.nc,2013-11-23T12:00:00,3.0,0,Depression / Weak System,HURSAT-B1 IRWIN/rad10,1.0,0,train
2013324N07103,2013-11-23T12:00:00,E:\Cyclone-x-prototype\datas\HURSAT_NI\2013\2013324N07103\2013324N07103.LEHAR.2013.11.23.1200.14.FY2-E.028.hursat-b1.v06.nc,2013-11-23T12:00:00,0.0,0,Depression / Weak System,HURSAT-B1 IRWIN/rad10,1.0,0,train
2013324N07103,2013-11-23T12:00:00,E:\Cyclone-x-prototype\datas\HURSAT_NI\2013\2013324N07103\2013324N07103.LEHAR.2013.11.23.1200.47.MET-7.028.hursat-b1.v06.nc,2013-11-23T12:00:00,0.0,0,Depression / Weak System,HURSAT-B1 IRWIN/rad10,1.0,0,train
2013324N07103,2013-11-23T12:00:00,E:\Cyclone-x-prototype\datas\HURSAT_NI\2013\2013324N07103\2013324N07103.LEHAR.2013.11.23.1200.51.MTS-1.028.hursat-b1.v06.nc,2013-11-23T12:00:00,0.0,0,Depression / Weak System,HURSAT-B1 IRWIN/rad10,1.0,0,train
2013324N07103,2013-11-23T15:00:00,E:\Cyclone-x-prototype\datas\HURSAT_NI\2013\2013324N07103\2013324N07103.LEHAR.2013.11.23.1500.14.FY2-E.029.hursat-b1.v06.nc,2013-11-23T12:00:00,3.0,0,Depression / Weak System,HURSAT-B1 IRWIN/rad10,1.0,0,train
2013324N07103,2013-11-23T15:00:00,E:\Cyclone-x-prototype\datas\HURSAT_NI\2013\2013324N07103\2013324N07103.LEHAR.2013.11.23.1500.47.MET-7.029.hursat-b1.v06.nc,2013-11-23T12:00:00,3.0,0,Depression / Weak System,HURSAT-B1 IRWIN/rad10,1.0,0,train
2013324N07103,2013-11-23T15:00:00,E:\Cyclone-x-prototype\datas\HURSAT_NI\2013\2013324N07103\2013324N07103.LEHAR.2013.11.23.1500.51.MTS-1.029.hursat-b1.v06.nc,2013-11-23T12:00:00,3.0,0,Depression / Weak System,HURSAT-B1 IRWIN/rad10,1.0,0,train
2013324N07103,2013-11-23T18:00:00,E:\Cyclone-x-prototype\datas\HURSAT_NI\2013\2013324N07103\2013324N07103.LEHAR.2013.11.23.1800.15.FY2-E.030.hursat-b1.v06.nc,2013-11-23T18:00:00,0.0,0,Depression / Weak System,HURSAT-B1 IRWIN/rad10,1.0,0,train
2013324N07103,2013-11-23T18:00:00,E:\Cyclone-x-prototype\datas\HURSAT_NI\2013\2013324N07103\2013324N07103.LEHAR.2013.11.23.1800.46.MET-7.030.hursat-b1.v06.nc,2013-11-23T18:00:00,0.0,0,Depression / Weak System,HURSAT-B1 IRWIN/rad10,1.0,0,train
2013324N07103,2013-11-23T18:00:00,E:\Cyclone-x-prototype\datas\HURSAT_NI\2013\2013324N07103\2013324N07103.LEHAR.2013.11.23.1800.52.MTS-1.030.hursat-b1.v06.nc,2013-11-23T18:00:00,0.0,0,Depression / Weak System,HURSAT-B1 IRWIN/rad10,1.0,0,train
2013324N07103,2013-11-23T21:00:00,E:\Cyclone-x-prototype\datas\HURSAT_NI\2013\2013324N07103\2013324N07103.LEHAR.2013.11.23.2100.46.MET-7.033.hursat-b1.v06.nc,2013-11-23T18:00:00,3.0,0,Depression / Weak System,HURSAT-B1 IRWIN/rad10,1.0,0,train
2013324N07103,2013-11-23T21:00:00,E:\Cyclone-x-prototype\datas\HURSAT_NI\2013\2013324N07103\2013324N07103.LEHAR.2013.11.23.2100.52.MTS-1.033.hursat-b1.v06.nc,2013-11-23T18:00:00,3.0,0,Depression / Weak System,HURSAT-B1 IRWIN/rad10,1.0,0,train
2013324N07103,2013-11-24T00:00:00,E:\Cyclone-x-prototype\datas\HURSAT_NI\2013\2013324N07103\2013324N07103.LEHAR.2013.11.24.0000.46.MET-7.035.hursat-b1.v06.nc,2013-11-24T00:00:00,0.0,1,Cyclonic Storm,HURSAT-B1 IRWIN/rad10,1.0,0,train
2013324N07103,2013-11-24T00:00:00,E:\Cyclone-x-prototype\datas\HURSAT_NI\2013\2013324N07103\2013324N07103.LEHAR.2013.11.24.0000.53.MTS-1.035.hursat-b1.v06.nc,2013-11-24T00:00:00,0.0,1,Cyclonic Storm,HURSAT-B1 IRWIN/rad10,1.0,0,train
2013324N07103,2013-11-24T03:00:00,E:\Cyclone-x-prototype\datas\HURSAT_NI\2013\2013324N07103\2013324N07103.LEHAR.2013.11.24.0300.17.FY2-E.037.hursat-b1.v06.nc,2013-11-24T03:00:00,0.0,1,Cyclonic Storm,HURSAT-B1 IRWIN/rad10,1.0,0,train
2013324N07103,2013-11-24T03:00:00,E:\Cyclone-x-prototype\datas\HURSAT_NI\2013\2013324N07103\2013324N07103.LEHAR.2013.11.24.0300.45.MET-7.037.hursat-b1.v06.nc,2013-11-24T03:00:00,0.0,1,Cyclonic Storm,HURSAT-B1 IRWIN/rad10,1.0,0,train
2013324N07103,2013-11-24T03:00:00,E:\Cyclone-x-prototype\datas\HURSAT_NI\2013\2013324N07103\2013324N07103.LEHAR.2013.11.24.0300.53.MTS-1.037.hursat-b1.v06.nc,2013-11-24T03:00:00,0.0,1,Cyclonic Storm,HURSAT-B1 IRWIN/rad10,1.0,0,train
2013324N07103,2013-11-24T06:00:00,E:\Cyclone-x-prototype\datas\HURSAT_NI\2013\2013324N07103\2013324N07103.LEHAR.2013.11.24.0600.17.FY2-E.040.hursat-b1.v06.nc,2013-11-24T06:00:00,0.0,1,Cyclonic Storm,HURSAT-B1 IRWIN/rad10,1.0,0,train
2013324N07103,2013-11-24T06:00:00,E:\Cyclone-x-prototype\datas\HURSAT_NI\2013\2013324N07103\2013324N07103.LEHAR.2013.11.24.0600.45.MET-7.040.hursat-b1.v06.nc,2013-11-24T06:00:00,0.0,1,Cyclonic Storm,HURSAT-B1 IRWIN/rad10,1.0,0,train
2013324N07103,2013-11-24T06:00:00,E:\Cyclone-x-prototype\datas\HURSAT_NI\2013\2013324N07103\2013324N07103.LEHAR.2013.11.24.0600.54.MTS-1.040.hursat-b1.v06.nc,2013-11-24T06:00:00,0.0,1,Cyclonic Storm,HURSAT-B1 IRWIN/rad10,1.0,0,train
2013324N07103,2013-11-24T09:00:00,E:\Cyclone-x-prototype\datas\HURSAT_NI\2013\2013324N07103\2013324N07103.LEHAR.2013.11.24.0900.18.FY2-E.042.hursat-b1.v06.nc,2013-11-24T09:00:00,0.0,1,Cyclonic Storm,HURSAT-B1 IRWIN/rad10,1.0,0,train
2013324N07103,2013-11-24T09:00:00,E:\Cyclone-x-prototype\datas\HURSAT_NI\2013\2013324N07103\2013324N07103.LEHAR.2013.11.24.0900.45.MET-7.042.hursat-b1.v06.nc,2013-11-24T09:00:00,0.0,1,Cyclonic Storm,HURSAT-B1 IRWIN/rad10,1.0,0,train
2013324N07103,2013-11-24T09:00:00,E:\Cyclone-x-prototype\datas\HURSAT_NI\2013\2013324N07103\2013324N07103.LEHAR.2013.11.24.0900.54.MTS-1.042.hursat-b1.v06.nc,2013-11-24T09:00:00,0.0,1,Cyclonic Storm,HURSAT-B1 IRWIN/rad10,1.0,0,train
2013324N07103,2013-11-24T12:00:00,E:\Cyclone-x-prototype\datas\HURSAT_NI\2013\2013324N07103\2013324N07103.LEHAR.2013.11.24.1200.18.FY2-E.045.hursat-b1.v06.nc,2013-11-24T12:00:00,0.0,1,Cyclonic Storm,HURSAT-B1 IRWIN/rad10,1.0,0,train
2013324N07103,2013-11-24T12:00:00,E:\Cyclone-x-prototype\datas\HURSAT_NI\2013\2013324N07103\2013324N07103.LEHAR.2013.11.24.1200.44.MET-7.045.hursat-b1.v06.nc,2013-11-24T12:00:00,0.0,1,Cyclonic Storm,HURSAT-B1 IRWIN/rad10,1.0,0,train
2013324N07103,2013-11-24T12:00:00,E:\Cyclone-x-prototype\datas\HURSAT_NI\2013\2013324N07103\2013324N07103.LEHAR.2013.11.24.1200.55.MTS-1.045.hursat-b1.v06.nc,2013-11-24T12:00:00,0.0,1,Cyclonic Storm,HURSAT-B1 IRWIN/rad10,1.0,0,train
2013324N07103,2013-11-24T15:00:00,E:\Cyclone-x-prototype\datas\HURSAT_NI\2013\2013324N07103\2013324N07103.LEHAR.2013.11.24.1500.19.FY2-E.046.hursat-b1.v06.nc,2013-11-24T15:00:00,0.0,1,Cyclonic Storm,HURSAT-B1 IRWIN/rad10,1.0,0,train
2013324N07103,2013-11-24T15:00:00,E:\Cyclone-x-prototype\datas\HURSAT_NI\2013\2013324N07103\2013324N07103.LEHAR.2013.11.24.1500.44.MET-7.046.hursat-b1.v06.nc,2013-11-24T15:00:00,0.0,1,Cyclonic Storm,HURSAT-B1 IRWIN/rad10,1.0,0,train
2013324N07103,2013-11-24T15:00:00,E:\Cyclone-x-prototype\datas\HURSAT_NI\2013\2013324N07103\2013324N07103.LEHAR.2013.11.24.1500.55.MTS-1.046.hursat-b1.v06.nc,2013-11-24T15:00:00,0.0,1,Cyclonic Storm,HURSAT-B1 IRWIN/rad10,1.0,0,train
2013324N07103,2013-11-24T18:00:00,E:\Cyclone-x-prototype\datas\HURSAT_NI\2013\2013324N07103\2013324N07103.LEHAR.2013.11.24.1800.19.FY2-E.047.hursat-b1.v06.nc,2013-11-24T18:00:00,0.0,1,Cyclonic Storm,HURSAT-B1 IRWIN/rad10,1.0,0,train
2013324N07103,2013-11-24T18:00:00,E:\Cyclone-x-prototype\datas\HURSAT_NI\2013\2013324N07103\2013324N07103.LEHAR.2013.11.24.1800.44.MET-7.047.hursat-b1.v06.nc,2013-11-24T18:00:00,0.0,1,Cyclonic Storm,HURSAT-B1 IRWIN/rad10,1.0,0,train
2013324N07103,2013-11-24T18:00:00,E:\Cyclone-x-prototype\datas\HURSAT_NI\2013\2013324N07103\2013324N07103.LEHAR.2013.11.24.1800.55.MTS-1.047.hursat-b1.v06.nc,2013-11-24T18:00:00,0.0,1,Cyclonic Storm,HURSAT-B1 IRWIN/rad10,1.0,0,train
2013324N07103,2013-11-24T21:00:00,E:\Cyclone-x-prototype\datas\HURSAT_NI\2013\2013324N07103\2013324N07103.LEHAR.2013.11.24.2100.44.MET-7.050.hursat-b1.v06.nc,2013-11-24T21:00:00,0.0,1,Cyclonic Storm,HURSAT-B1 IRWIN/rad10,1.0,0,train
2013324N07103,2013-11-24T21:00:00,E:\Cyclone-x-prototype\datas\HURSAT_NI\2013\2013324N07103\2013324N07103.LEHAR.2013.11.24.2100.56.MTS-1.050.hursat-b1.v06.nc,2013-11-24T21:00:00,0.0,1,Cyclonic Storm,HURSAT-B1 IRWIN/rad10,1.0,0,train
2013324N07103,2013-11-25T00:00:00,E:\Cyclone-x-prototype\datas\HURSAT_NI\2013\2013324N07103\2013324N07103.LEHAR.2013.11.25.0000.43.MET-7.054.hursat-b1.v06.nc,2013-11-25T00:00:00,0.0,1,Cyclonic Storm,HURSAT-B1 IRWIN/rad10,1.0,0,train
2013324N07103,2013-11-25T00:00:00,E:\Cyclone-x-prototype\datas\HURSAT_NI\2013\2013324N07103\2013324N07103.LEHAR.2013.11.25.0000.56.MTS-1.054.hursat-b1.v06.nc,2013-11-25T00:00:00,0.0,1,Cyclonic Storm,HURSAT-B1 IRWIN/rad10,1.0,0,train
2013324N07103,2013-11-25T03:00:00,E:\Cyclone-x-prototype\datas\HURSAT_NI\2013\2013324N07103\2013324N07103.LEHAR.2013.11.25.0300.43.MET-7.055.hursat-b1.v06.nc,2013-11-25T03:00:00,0.0,1,Cyclonic Storm,HURSAT-B1 IRWIN/rad10,1.0,0,train
2013324N07103,2013-11-25T03:00:00,E:\Cyclone-x-prototype\datas\HURSAT_NI\2013\2013324N07103\2013324N07103.LEHAR.2013.11.25.0300.56.MTS-1.055.hursat-b1.v06.nc,2013-11-25T03:00:00,0.0,1,Cyclonic Storm,HURSAT-B1 IRWIN/rad10,1.0,0,train
2013324N07103,2013-11-25T06:00:00,E:\Cyclone-x-prototype\datas\HURSAT_NI\2013\2013324N07103\2013324N07103.LEHAR.2013.11.25.0600.43.MET-7.056.hursat-b1.v06.nc,2013-11-25T06:00:00,0.0,1,Cyclonic Storm,HURSAT-B1 IRWIN/rad10,1.0,0,train
2013324N07103,2013-11-25T06:00:00,E:\Cyclone-x-prototype\datas\HURSAT_NI\2013\2013324N07103\2013324N07103.LEHAR.2013.11.25.0600.57.MTS-1.056.hursat-b1.v06.nc,2013-11-25T06:00:00,0.0,1,Cyclonic Storm,HURSAT-B1 IRWIN/rad10,1.0,0,train
2013324N07103,2013-11-25T09:00:00,E:\Cyclone-x-prototype\datas\HURSAT_NI\2013\2013324N07103\2013324N07103.LEHAR.2013.11.25.0900.43.MET-7.058.hursat-b1.v06.nc,2013-11-25T09:00:00,0.0,1,Cyclonic Storm,HURSAT-B1 IRWIN/rad10,1.0,0,train
2013324N07103,2013-11-25T09:00:00,E:\Cyclone-x-prototype\datas\HURSAT_NI\2013\2013324N07103\2013324N07103.LEHAR.2013.11.25.0900.57.MTS-1.058.hursat-b1.v06.nc,2013-11-25T09:00:00,0.0,1,Cyclonic Storm,HURSAT-B1 IRWIN/rad10,1.0,0,train
2013324N07103,2013-11-25T12:00:00,E:\Cyclone-x-prototype\datas\HURSAT_NI\2013\2013324N07103\2013324N07103.LEHAR.2013.11.25.1200.42.MET-7.061.hursat-b1.v06.nc,2013-11-25T12:00:00,0.0,1,Cyclonic Storm,HURSAT-B1 IRWIN/rad10,1.0,0,train
2013324N07103,2013-11-25T12:00:00,E:\Cyclone-x-prototype\datas\HURSAT_NI\2013\2013324N07103\2013324N07103.LEHAR.2013.11.25.1200.57.MTS-1.061.hursat-b1.v06.nc,2013-11-25T12:00:00,0.0,1,Cyclonic Storm,HURSAT-B1 IRWIN/rad10,1.0,0,train
2013324N07103,2013-11-25T15:00:00,E:\Cyclone-x-prototype\datas\HURSAT_NI\2013\2013324N07103\2013324N07103.LEHAR.2013.11.25.1500.42.MET-7.061.hursat-b1.v06.nc,2013-11-25T15:00:00,0.0,1,Cyclonic Storm,HURSAT-B1 IRWIN/rad10,1.0,0,train
2013324N07103,2013-11-25T15:00:00,E:\Cyclone-x-prototype\datas\HURSAT_NI\2013\2013324N07103\2013324N07103.LEHAR.2013.11.25.1500.57.MTS-1.061.hursat-b1.v06.nc,2013-11-25T15:00:00,0.0,1,Cyclonic Storm,HURSAT-B1 IRWIN/rad10,1.0,0,train
2013324N07103,2013-11-25T18:00:00,E:\Cyclone-x-prototype\datas\HURSAT_NI\2013\2013324N07103\2013324N07103.LEHAR.2013.11.25.1800.42.MET-7.061.hursat-b1.v06.nc,2013-11-25T18:00:00,0.0,1,Cyclonic Storm,HURSAT-B1 IRWIN/rad10,1.0,0,train
2013324N07103,2013-11-25T18:00:00,E:\Cyclone-x-prototype\datas\HURSAT_NI\2013\2013324N07103\2013324N07103.LEHAR.2013.11.25.1800.58.MTS-1.061.hursat-b1.v06.nc,2013-11-25T18:00:00,0.0,1,Cyclonic Storm,HURSAT-B1 IRWIN/rad10,1.0,0,train
2013324N07103,2013-11-25T21:00:00,E:\Cyclone-x-prototype\datas\HURSAT_NI\2013\2013324N07103\2013324N07103.LEHAR.2013.11.25.2100.42.MET-7.064.hursat-b1.v06.nc,2013-11-25T21:00:00,0.0,2,Severe Cyclone,HURSAT-B1 IRWIN/rad10,1.0,0,train
2013324N07103,2013-11-25T21:00:00,E:\Cyclone-x-prototype\datas\HURSAT_NI\2013\2013324N07103\2013324N07103.LEHAR.2013.11.25.2100.58.MTS-1.064.hursat-b1.v06.nc,2013-11-25T21:00:00,0.0,2,Severe Cyclone,HURSAT-B1 IRWIN/rad10,1.0,0,train
2013324N07103,2013-11-26T00:00:00,E:\Cyclone-x-prototype\datas\HURSAT_NI\2013\2013324N07103\2013324N07103.LEHAR.2013.11.26.0000.41.MET-7.068.hursat-b1.v06.nc,2013-11-26T00:00:00,0.0,2,Severe Cyclone,HURSAT-B1 IRWIN/rad10,1.0,0,train
2013324N07103,2013-11-26T00:00:00,E:\Cyclone-x-prototype\datas\HURSAT_NI\2013\2013324N07103\2013324N07103.LEHAR.2013.11.26.0000.58.MTS-1.068.hursat-b1.v06.nc,2013-11-26T00:00:00,0.0,2,Severe Cyclone,HURSAT-B1 IRWIN/rad10,1.0,0,train
2013324N07103,2013-11-26T03:00:00,E:\Cyclone-x-prototype\datas\HURSAT_NI\2013\2013324N07103\2013324N07103.LEHAR.2013.11.26.0300.41.MET-7.068.hursat-b1.v06.nc,2013-11-26T03:00:00,0.0,2,Severe Cyclone,HURSAT-B1 IRWIN/rad10,1.0,0,train
2013324N07103,2013-11-26T03:00:00,E:\Cyclone-x-prototype\datas\HURSAT_NI\2013\2013324N07103\2013324N07103.LEHAR.2013.11.26.0300.59.MTS-1.068.hursat-b1.v06.nc,2013-11-26T03:00:00,0.0,2,Severe Cyclone,HURSAT-B1 IRWIN/rad10,1.0,0,train
2013324N07103,2013-11-26T06:00:00,E:\Cyclone-x-prototype\datas\HURSAT_NI\2013\2013324N07103\2013324N07103.LEHAR.2013.11.26.0600.40.MET-7.068.hursat-b1.v06.nc,2013-11-26T06:00:00,0.0,2,Severe Cyclone,HURSAT-B1 IRWIN/rad10,1.0,0,train
2013324N07103,2013-11-26T06:00:00,E:\Cyclone-x-prototype\datas\HURSAT_NI\2013\2013324N07103\2013324N07103.LEHAR.2013.11.26.0600.59.MTS-1.068.hursat-b1.v06.nc,2013-11-26T06:00:00,0.0,2,Severe Cyclone,HURSAT-B1 IRWIN/rad10,1.0,0,train
2013324N07103,2013-11-26T09:00:00,E:\Cyclone-x-prototype\datas\HURSAT_NI\2013\2013324N07103\2013324N07103.LEHAR.2013.11.26.0900.40.MET-7.068.hursat-b1.v06.nc,2013-11-26T09:00:00,0.0,2,Severe Cyclone,HURSAT-B1 IRWIN/rad10,1.0,0,train
2013324N07103,2013-11-26T09:00:00,E:\Cyclone-x-prototype\datas\HURSAT_NI\2013\2013324N07103\2013324N07103.LEHAR.2013.11.26.0900.60.MTS-1.068.hursat-b1.v06.nc,2013-11-26T09:00:00,0.0,2,Severe Cyclone,HURSAT-B1 IRWIN/rad10,1.0,0,train
2013324N07103,2013-11-26T12:00:00,E:\Cyclone-x-prototype\datas\HURSAT_NI\2013\2013324N07103\2013324N07103.LEHAR.2013.11.26.1200.40.MET-7.068.hursat-b1.v06.nc,2013-11-26T12:00:00,0.0,2,Severe Cyclone,HURSAT-B1 IRWIN/rad10,1.0,0,train
2013324N07103,2013-11-26T12:00:00,E:\Cyclone-x-prototype\datas\HURSAT_NI\2013\2013324N07103\2013324N07103.LEHAR.2013.11.26.1200.60.MTS-1.068.hursat-b1.v06.nc,2013-11-26T12:00:00,0.0,2,Severe Cyclone,HURSAT-B1 IRWIN/rad10,1.0,0,train
2013324N07103,2013-11-26T15:00:00,E:\Cyclone-x-prototype\datas\HURSAT_NI\2013\2013324N07103\2013324N07103.LEHAR.2013.11.26.1500.39.MET-7.068.hursat-b1.v06.nc,2013-11-26T15:00:00,0.0,2,Severe Cyclone,HURSAT-B1 IRWIN/rad10,1.0,0,train
2013324N07103,2013-11-26T15:00:00,E:\Cyclone-x-prototype\datas\HURSAT_NI\2013\2013324N07103\2013324N07103.LEHAR.2013.11.26.1500.61.MTS-1.068.hursat-b1.v06.nc,2013-11-26T15:00:00,0.0,2,Severe Cyclone,HURSAT-B1 IRWIN/rad10,1.0,0,train
2013324N07103,2013-11-26T18:00:00,E:\Cyclone-x-prototype\datas\HURSAT_NI\2013\2013324N07103\2013324N07103.LEHAR.2013.11.26.1800.39.MET-7.068.hursat-b1.v06.nc,2013-11-26T18:00:00,0.0,2,Severe Cyclone,HURSAT-B1 IRWIN/rad10,1.0,0,train
2013324N07103,2013-11-26T18:00:00,E:\Cyclone-x-prototype\datas\HURSAT_NI\2013\2013324N07103\2013324N07103.LEHAR.2013.11.26.1800.61.MTS-1.068.hursat-b1.v06.nc,2013-11-26T18:00:00,0.0,2,Severe Cyclone,HURSAT-B1 IRWIN/rad10,1.0,0,train
2013324N07103,2013-11-26T21:00:00,E:\Cyclone-x-prototype\datas\HURSAT_NI\2013\2013324N07103\2013324N07103.LEHAR.2013.11.26.2100.39.MET-7.068.hursat-b1.v06.nc,2013-11-26T21:00:00,0.0,2,Severe Cyclone,HURSAT-B1 IRWIN/rad10,1.0,0,train
2013324N07103,2013-11-26T21:00:00,E:\Cyclone-x-prototype\datas\HURSAT_NI\2013\2013324N07103\2013324N07103.LEHAR.2013.11.26.2100.62.MTS-1.068.hursat-b1.v06.nc,2013-11-26T21:00:00,0.0,2,Severe Cyclone,HURSAT-B1 IRWIN/rad10,1.0,0,train
2013324N07103,2013-11-27T00:00:00,E:\Cyclone-x-prototype\datas\HURSAT_NI\2013\2013324N07103\2013324N07103.LEHAR.2013.11.27.0000.38.MET-7.068.hursat-b1.v06.nc,2013-11-27T00:00:00,0.0,2,Severe Cyclone,HURSAT-B1 IRWIN/rad10,1.0,0,train
2013324N07103,2013-11-27T00:00:00,E:\Cyclone-x-prototype\datas\HURSAT_NI\2013\2013324N07103\2013324N07103.LEHAR.2013.11.27.0000.62.MTS-1.068.hursat-b1.v06.nc,2013-11-27T00:00:00,0.0,2,Severe Cyclone,HURSAT-B1 IRWIN/rad10,1.0,0,train
2013324N07103,2013-11-27T03:00:00,E:\Cyclone-x-prototype\datas\HURSAT_NI\2013\2013324N07103\2013324N07103.LEHAR.2013.11.27.0300.38.MET-7.066.hursat-b1.v06.nc,2013-11-27T03:00:00,0.0,2,Severe Cyclone,HURSAT-B1 IRWIN/rad10,1.0,0,train
2013324N07103,2013-11-27T03:00:00,E:\Cyclone-x-prototype\datas\HURSAT_NI\2013\2013324N07103\2013324N07103.LEHAR.2013.11.27.0300.63.MTS-1.066.hursat-b1.v06.nc,2013-11-27T03:00:00,0.0,2,Severe Cyclone,HURSAT-B1 IRWIN/rad10,1.0,0,train
2013324N07103,2013-11-27T06:00:00,E:\Cyclone-x-prototype\datas\HURSAT_NI\2013\2013324N07103\2013324N07103.LEHAR.2013.11.27.0600.37.MET-7.064.hursat-b1.v06.nc,2013-11-27T06:00:00,0.0,2,Severe Cyclone,HURSAT-B1 IRWIN/rad10,1.0,0,train
2013324N07103,2013-11-27T06:00:00,E:\Cyclone-x-prototype\datas\HURSAT_NI\2013\2013324N07103\2013324N07103.LEHAR.2013.11.27.0600.63.MTS-1.064.hursat-b1.v06.nc,2013-11-27T06:00:00,0.0,2,Severe Cyclone,HURSAT-B1 IRWIN/rad10,1.0,0,train
2013324N07103,2013-11-27T09:00:00,E:\Cyclone-x-prototype\datas\HURSAT_NI\2013\2013324N07103\2013324N07103.LEHAR.2013.11.27.0900.37.MET-7.060.hursat-b1.v06.nc,2013-11-27T09:00:00,0.0,2,Severe Cyclone,HURSAT-B1 IRWIN/rad10,1.0,0,train
2013324N07103,2013-11-27T09:00:00,E:\Cyclone-x-prototype\datas\HURSAT_NI\2013\2013324N07103\2013324N07103.LEHAR.2013.11.27.0900.64.MTS-1.060.hursat-b1.v06.nc,2013-11-27T09:00:00,0.0,2,Severe Cyclone,HURSAT-B1 IRWIN/rad10,1.0,0,train
2013324N07103,2013-11-27T12:00:00,E:\Cyclone-x-prototype\datas\HURSAT_NI\2013\2013324N07103\2013324N07103.LEHAR.2013.11.27.1200.37.MET-7.056.hursat-b1.v06.nc,2013-11-27T12:00:00,0.0,1,Cyclonic Storm,HURSAT-B1 IRWIN/rad10,1.0,0,train
2013324N07103,2013-11-27T12:00:00,E:\Cyclone-x-prototype\datas\HURSAT_NI\2013\2013324N07103\2013324N07103.LEHAR.2013.11.27.1200.64.MTS-1.056.hursat-b1.v06.nc,2013-11-27T12:00:00,0.0,1,Cyclonic Storm,HURSAT-B1 IRWIN/rad10,1.0,0,train
2013324N07103,2013-11-27T15:00:00,E:\Cyclone-x-prototype\datas\HURSAT_NI\2013\2013324N07103\2013324N07103.LEHAR.2013.11.27.1500.36.MET-7.050.hursat-b1.v06.nc,2013-11-27T15:00:00,0.0,1,Cyclonic Storm,HURSAT-B1 IRWIN/rad10,1.0,0,train
2013324N07103,2013-11-27T15:00:00,E:\Cyclone-x-prototype\datas\HURSAT_NI\2013\2013324N07103\2013324N07103.LEHAR.2013.11.27.1500.65.MTS-1.050.hursat-b1.v06.nc,2013-11-27T15:00:00,0.0,1,Cyclonic Storm,HURSAT-B1 IRWIN/rad10,1.0,0,train
2013324N07103,2013-11-27T18:00:00,E:\Cyclone-x-prototype\datas\HURSAT_NI\2013\2013324N07103\2013324N07103.LEHAR.2013.11.27.1800.36.MET-7.045.hursat-b1.v06.nc,2013-11-27T18:00:00,0.0,1,Cyclonic Storm,HURSAT-B1 IRWIN/rad10,1.0,0,train
2013324N07103,2013-11-27T18:00:00,E:\Cyclone-x-prototype\datas\HURSAT_NI\2013\2013324N07103\2013324N07103.LEHAR.2013.11.27.1800.65.MTS-1.045.hursat-b1.v06.nc,2013-11-27T18:00:00,0.0,1,Cyclonic Storm,HURSAT-B1 IRWIN/rad10,1.0,0,train
2013324N07103,2013-11-27T21:00:00,E:\Cyclone-x-prototype\datas\HURSAT_NI\2013\2013324N07103\2013324N07103.LEHAR.2013.11.27.2100.35.MET-7.039.hursat-b1.v06.nc,2013-11-27T21:00:00,0.0,1,Cyclonic Storm,HURSAT-B1 IRWIN/rad10,1.0,0,train
2013324N07103,2013-11-27T21:00:00,E:\Cyclone-x-prototype\datas\HURSAT_NI\2013\2013324N07103\2013324N07103.LEHAR.2013.11.27.2100.66.MTS-1.039.hursat-b1.v06.nc,2013-11-27T21:00:00,0.0,1,Cyclonic Storm,HURSAT-B1 IRWIN/rad10,1.0,0,train
2013324N07103,2013-11-28T00:00:00,E:\Cyclone-x-prototype\datas\HURSAT_NI\2013\2013324N07103\2013324N07103.LEHAR.2013.11.28.0000.34.MET-7.033.hursat-b1.v06.nc,2013-11-28T00:00:00,0.0,0,Depression / Weak System,HURSAT-B1 IRWIN/rad10,1.0,0,train
2013324N07103,2013-11-28T00:00:00,E:\Cyclone-x-prototype\datas\HURSAT_NI\2013\2013324N07103\2013324N07103.LEHAR.2013.11.28.0000.67.MTS-1.033.hursat-b1.v06.nc,2013-11-28T00:00:00,0.0,0,Depression / Weak System,HURSAT-B1 IRWIN/rad10,1.0,0,train
2013324N07103,2013-11-28T03:00:00,E:\Cyclone-x-prototype\datas\HURSAT_NI\2013\2013324N07103\2013324N07103.LEHAR.2013.11.28.0300.31.FY2-E.032.hursat-b1.v06.nc,2013-11-28T03:00:00,0.0,0,Depression / Weak System,HURSAT-B1 IRWIN/rad10,1.0,0,train
2013324N07103,2013-11-28T03:00:00,E:\Cyclone-x-prototype\datas\HURSAT_NI\2013\2013324N07103\2013324N07103.LEHAR.2013.11.28.0300.34.MET-7.032.hursat-b1.v06.nc,2013-11-28T03:00:00,0.0,0,Depression / Weak System,HURSAT-B1 IRWIN/rad10,1.0,0,train
2013324N07103,2013-11-28T03:00:00,E:\Cyclone-x-prototype\datas\HURSAT_NI\2013\2013324N07103\2013324N07103.LEHAR.2013.11.28.0300.68.MTS-1.032.hursat-b1.v06.nc,2013-11-28T03:00:00,0.0,0,Depression / Weak System,HURSAT-B1 IRWIN/rad10,1.0,0,train
2013324N07103,2013-11-28T06:00:00,E:\Cyclone-x-prototype\datas\HURSAT_NI\2013\2013324N07103\2013324N07103.LEHAR.2013.11.28.0600.32.FY2-E.030.hursat-b1.v06.nc,2013-11-28T06:00:00,0.0,0,Depression / Weak System,HURSAT-B1 IRWIN/rad10,1.0,0,train
2013324N07103,2013-11-28T06:00:00,E:\Cyclone-x-prototype\datas\HURSAT_NI\2013\2013324N07103\2013324N07103.LEHAR.2013.11.28.0600.34.MET-7.030.hursat-b1.v06.nc,2013-11-28T06:00:00,0.0,0,Depression / Weak System,HURSAT-B1 IRWIN/rad10,1.0,0,train
2013324N07103,2013-11-28T06:00:00,E:\Cyclone-x-prototype\datas\HURSAT_NI\2013\2013324N07103\2013324N07103.LEHAR.2013.11.28.0600.68.MTS-1.030.hursat-b1.v06.nc,2013-11-28T06:00:00,0.0,0,Depression / Weak System,HURSAT-B1 IRWIN/rad10,1.0,0,train
2013324N07103,2013-11-28T09:00:00,E:\Cyclone-x-prototype\datas\HURSAT_NI\2013\2013324N07103\2013324N07103.LEHAR.2013.11.28.0900.32.FY2-E.028.hursat-b1.v06.nc,2013-11-28T09:00:00,0.0,0,Depression / Weak System,HURSAT-B1 IRWIN/rad10,1.0,0,train
2013324N07103,2013-11-28T09:00:00,E:\Cyclone-x-prototype\datas\HURSAT_NI\2013\2013324N07103\2013324N07103.LEHAR.2013.11.28.0900.34.MET-7.028.hursat-b1.v06.nc,2013-11-28T09:00:00,0.0,0,Depression / Weak System,HURSAT-B1 IRWIN/rad10,1.0,0,train
2013324N07103,2013-11-28T09:00:00,E:\Cyclone-x-prototype\datas\HURSAT_NI\2013\2013324N07103\2013324N07103.LEHAR.2013.11.28.0900.68.MTS-1.028.hursat-b1.v06.nc,2013-11-28T09:00:00,0.0,0,Depression / Weak System,HURSAT-B1 IRWIN/rad10,1.0,0,train
2013324N07103,2013-11-28T12:00:00,E:\Cyclone-x-prototype\datas\HURSAT_NI\2013\2013324N07103\2013324N07103.LEHAR.2013.11.28.1200.33.FY2-E.025.hursat-b1.v06.nc,2013-11-28T12:00:00,0.0,0,Depression / Weak System,HURSAT-B1 IRWIN/rad10,1.0,0,train
2013324N07103,2013-11-28T12:00:00,E:\Cyclone-x-prototype\datas\HURSAT_NI\2013\2013324N07103\2013324N07103.LEHAR.2013.11.28.1200.33.MET-7.025.hursat-b1.v06.nc,2013-11-28T12:00:00,0.0,0,Depression / Weak System,HURSAT-B1 IRWIN/rad10,1.0,0,train
2013324N07103,2013-11-28T12:00:00,E:\Cyclone-x-prototype\datas\HURSAT_NI\2013\2013324N07103\2013324N07103.LEHAR.2013.11.28.1200.69.MTS-1.025.hursat-b1.v06.nc,2013-11-28T12:00:00,0.0,0,Depression / Weak System,HURSAT-B1 IRWIN/rad10,1.0,0,train
2013324N07103,2013-11-28T15:00:00,E:\Cyclone-x-prototype\datas\HURSAT_NI\2013\2013324N07103\2013324N07103.LEHAR.2013.11.28.1500.33.FY2-E.024.hursat-b1.v06.nc,2013-11-28T12:00:00,3.0,0,Depression / Weak System,HURSAT-B1 IRWIN/rad10,1.0,0,train
2013324N07103,2013-11-28T15:00:00,E:\Cyclone-x-prototype\datas\HURSAT_NI\2013\2013324N07103\2013324N07103.LEHAR.2013.11.28.1500.33.MET-7.024.hursat-b1.v06.nc,2013-11-28T12:00:00,3.0,0,Depression / Weak System,HURSAT-B1 IRWIN/rad10,1.0,0,train
2013324N07103,2013-11-28T15:00:00,E:\Cyclone-x-prototype\datas\HURSAT_NI\2013\2013324N07103\2013324N07103.LEHAR.2013.11.28.1500.69.MTS-1.024.hursat-b1.v06.nc,2013-11-28T12:00:00,3.0,0,Depression / Weak System,HURSAT-B1 IRWIN/rad10,1.0,0,train
2013339N09084,2013-12-06T00:00:00,E:\Cyclone-x-prototype\datas\HURSAT_NI\2013\2013339N09084\2013339N09084.MADI.2013.12.06.0000.33.MET-7.026.hursat-b1.v06.nc,2013-12-06T03:00:00,3.0,0,Depression / Weak System,HURSAT-B1 IRWIN/rad10,1.0,0,test
2013339N09084,2013-12-06T00:00:00,E:\Cyclone-x-prototype\datas\HURSAT_NI\2013\2013339N09084\2013339N09084.MADI.2013.12.06.0000.65.MTS-1.026.hursat-b1.v06.nc,2013-12-06T03:00:00,3.0,0,Depression / Weak System,HURSAT-B1 IRWIN/rad10,1.0,0,test
2013339N09084,2013-12-06T03:00:00,E:\Cyclone-x-prototype\datas\HURSAT_NI\2013\2013339N09084\2013339N09084.MADI.2013.12.06.0300.27.FY2-E.027.hursat-b1.v06.nc,2013-12-06T03:00:00,0.0,0,Depression / Weak System,HURSAT-B1 IRWIN/rad10,1.0,0,test
2013339N09084,2013-12-06T03:00:00,E:\Cyclone-x-prototype\datas\HURSAT_NI\2013\2013339N09084\2013339N09084.MADI.2013.12.06.0300.33.MET-7.027.hursat-b1.v06.nc,2013-12-06T03:00:00,0.0,0,Depression / Weak System,HURSAT-B1 IRWIN/rad10,1.0,0,test
2013339N09084,2013-12-06T03:00:00,E:\Cyclone-x-prototype\datas\HURSAT_NI\2013\2013339N09084\2013339N09084.MADI.2013.12.06.0300.65.MTS-1.027.hursat-b1.v06.nc,2013-12-06T03:00:00,0.0,0,Depression / Weak System,HURSAT-B1 IRWIN/rad10,1.0,0,test
2013339N09084,2013-12-06T06:00:00,E:\Cyclone-x-prototype\datas\HURSAT_NI\2013\2013339N09084\2013339N09084.MADI.2013.12.06.0600.27.FY2-E.028.hursat-b1.v06.nc,2013-12-06T06:00:00,0.0,0,Depression / Weak System,HURSAT-B1 IRWIN/rad10,1.0,0,test
2013339N09084,2013-12-06T06:00:00,E:\Cyclone-x-prototype\datas\HURSAT_NI\2013\2013339N09084\2013339N09084.MADI.2013.12.06.0600.33.MET-7.028.hursat-b1.v06.nc,2013-12-06T06:00:00,0.0,0,Depression / Weak System,HURSAT-B1 IRWIN/rad10,1.0,0,test
2013339N09084,2013-12-06T06:00:00,E:\Cyclone-x-prototype\datas\HURSAT_NI\2013\2013339N09084\2013339N09084.MADI.2013.12.06.0600.65.MTS-1.028.hursat-b1.v06.nc,2013-12-06T06:00:00,0.0,0,Depression / Weak System,HURSAT-B1 IRWIN/rad10,1.0,0,test
2013339N09084,2013-12-06T09:00:00,E:\Cyclone-x-prototype\datas\HURSAT_NI\2013\2013339N09084\2013339N09084.MADI.2013.12.06.0900.27.FY2-E.029.hursat-b1.v06.nc,2013-12-06T06:00:00,3.0,0,Depression / Weak System,HURSAT-B1 IRWIN/rad10,1.0,0,test
2013339N09084,2013-12-06T09:00:00,E:\Cyclone-x-prototype\datas\HURSAT_NI\2013\2013339N09084\2013339N09084.MADI.2013.12.06.0900.33.MET-7.029.hursat-b1.v06.nc,2013-12-06T06:00:00,3.0,0,Depression / Weak System,HURSAT-B1 IRWIN/rad10,1.0,0,test
2013339N09084,2013-12-06T09:00:00,E:\Cyclone-x-prototype\datas\HURSAT_NI\2013\2013339N09084\2013339N09084.MADI.2013.12.06.0900.65.MTS-1.029.hursat-b1.v06.nc,2013-12-06T06:00:00,3.0,0,Depression / Weak System,HURSAT-B1 IRWIN/rad10,1.0,0,test
2013339N09084,2013-12-06T12:00:00,E:\Cyclone-x-prototype\datas\HURSAT_NI\2013\2013339N09084\2013339N09084.MADI.2013.12.06.1200.27.FY2-E.030.hursat-b1.v06.nc,2013-12-06T12:00:00,0.0,0,Depression / Weak System,HURSAT-B1 IRWIN/rad10,1.0,0,test
2013339N09084,2013-12-06T12:00:00,E:\Cyclone-x-prototype\datas\HURSAT_NI\2013\2013339N09084\2013339N09084.MADI.2013.12.06.1200.33.MET-7.030.hursat-b1.v06.nc,2013-12-06T12:00:00,0.0,0,Depression / Weak System,HURSAT-B1 IRWIN/rad10,1.0,0,test
2013339N09084,2013-12-06T12:00:00,E:\Cyclone-x-prototype\datas\HURSAT_NI\2013\2013339N09084\2013339N09084.MADI.2013.12.06.1200.65.MTS-1.030.hursat-b1.v06.nc,2013-12-06T12:00:00,0.0,0,Depression / Weak System,HURSAT-B1 IRWIN/rad10,1.0,0,test
2013339N09084,2013-12-06T15:00:00,E:\Cyclone-x-prototype\datas\HURSAT_NI\2013\2013339N09084\2013339N09084.MADI.2013.12.06.1500.27.FY2-E.032.hursat-b1.v06.nc,2013-12-06T12:00:00,3.0,0,Depression / Weak System,HURSAT-B1 IRWIN/rad10,1.0,0,test
2013339N09084,2013-12-06T15:00:00,E:\Cyclone-x-prototype\datas\HURSAT_NI\2013\2013339N09084\2013339N09084.MADI.2013.12.06.1500.33.MET-7.032.hursat-b1.v06.nc,2013-12-06T12:00:00,3.0,0,Depression / Weak System,HURSAT-B1 IRWIN/rad10,1.0,0,test
2013339N09084,2013-12-06T15:00:00,E:\Cyclone-x-prototype\datas\HURSAT_NI\2013\2013339N09084\2013339N09084.MADI.2013.12.06.1500.65.MTS-1.032.hursat-b1.v06.nc,2013-12-06T12:00:00,3.0,0,Depression / Weak System,HURSAT-B1 IRWIN/rad10,1.0,0,test
2013339N09084,2013-12-06T18:00:00,E:\Cyclone-x-prototype\datas\HURSAT_NI\2013\2013339N09084\2013339N09084.MADI.2013.12.06.1800.34.MET-7.035.hursat-b1.v06.nc,2013-12-06T18:00:00,0.0,0,Depression / Weak System,HURSAT-B1 IRWIN/rad10,1.0,0,test
2013339N09084,2013-12-06T18:00:00,E:\Cyclone-x-prototype\datas\HURSAT_NI\2013\2013339N09084\2013339N09084.MADI.2013.12.06.1800.65.MTS-1.035.hursat-b1.v06.nc,2013-12-06T18:00:00,0.0,0,Depression / Weak System,HURSAT-B1 IRWIN/rad10,1.0,0,test
2013339N09084,2013-12-06T21:00:00,E:\Cyclone-x-prototype\datas\HURSAT_NI\2013\2013339N09084\2013339N09084.MADI.2013.12.06.2100.34.MET-7.037.hursat-b1.v06.nc,2013-12-06T18:00:00,3.0,0,Depression / Weak System,HURSAT-B1 IRWIN/rad10,1.0,0,test
2013339N09084,2013-12-06T21:00:00,E:\Cyclone-x-prototype\datas\HURSAT_NI\2013\2013339N09084\2013339N09084.MADI.2013.12.06.2100.65.MTS-1.037.hursat-b1.v06.nc,2013-12-06T18:00:00,3.0,0,Depression / Weak System,HURSAT-B1 IRWIN/rad10,1.0,0,test
2013339N09084,2013-12-07T00:00:00,E:\Cyclone-x-prototype\datas\HURSAT_NI\2013\2013339N09084\2013339N09084.MADI.2013.12.07.0000.34.MET-7.040.hursat-b1.v06.nc,2013-12-07T00:00:00,0.0,1,Cyclonic Storm,HURSAT-B1 IRWIN/rad10,1.0,0,test
2013339N09084,2013-12-07T00:00:00,E:\Cyclone-x-prototype\datas\HURSAT_NI\2013\2013339N09084\2013339N09084.MADI.2013.12.07.0000.65.MTS-1.040.hursat-b1.v06.nc,2013-12-07T00:00:00,0.0,1,Cyclonic Storm,HURSAT-B1 IRWIN/rad10,1.0,0,test
2013339N09084,2013-12-07T03:00:00,E:\Cyclone-x-prototype\datas\HURSAT_NI\2013\2013339N09084\2013339N09084.MADI.2013.12.07.0300.26.FY2-E.043.hursat-b1.v06.nc,2013-12-07T03:00:00,0.0,1,Cyclonic Storm,HURSAT-B1 IRWIN/rad10,1.0,0,test
2013339N09084,2013-12-07T03:00:00,E:\Cyclone-x-prototype\datas\HURSAT_NI\2013\2013339N09084\2013339N09084.MADI.2013.12.07.0300.34.MET-7.043.hursat-b1.v06.nc,2013-12-07T03:00:00,0.0,1,Cyclonic Storm,HURSAT-B1 IRWIN/rad10,1.0,0,test
2013339N09084,2013-12-07T03:00:00,E:\Cyclone-x-prototype\datas\HURSAT_NI\2013\2013339N09084\2013339N09084.MADI.2013.12.07.0300.65.MTS-1.043.hursat-b1.v06.nc,2013-12-07T03:00:00,0.0,1,Cyclonic Storm,HURSAT-B1 IRWIN/rad10,1.0,0,test
2013339N09084,2013-12-07T06:00:00,E:\Cyclone-x-prototype\datas\HURSAT_NI\2013\2013339N09084\2013339N09084.MADI.2013.12.07.0600.26.FY2-E.047.hursat-b1.v06.nc,2013-12-07T06:00:00,0.0,1,Cyclonic Storm,HURSAT-B1 IRWIN/rad10,1.0,0,test
2013339N09084,2013-12-07T06:00:00,E:\Cyclone-x-prototype\datas\HURSAT_NI\2013\2013339N09084\2013339N09084.MADI.2013.12.07.0600.34.MET-7.047.hursat-b1.v06.nc,2013-12-07T06:00:00,0.0,1,Cyclonic Storm,HURSAT-B1 IRWIN/rad10,1.0,0,test
2013339N09084,2013-12-07T06:00:00,E:\Cyclone-x-prototype\datas\HURSAT_NI\2013\2013339N09084\2013339N09084.MADI.2013.12.07.0600.65.MTS-1.047.hursat-b1.v06.nc,2013-12-07T06:00:00,0.0,1,Cyclonic Storm,HURSAT-B1 IRWIN/rad10,1.0,0,test
2013339N09084,2013-12-07T09:00:00,E:\Cyclone-x-prototype\datas\HURSAT_NI\2013\2013339N09084\2013339N09084.MADI.2013.12.07.0900.26.FY2-E.049.hursat-b1.v06.nc,2013-12-07T09:00:00,0.0,1,Cyclonic Storm,HURSAT-B1 IRWIN/rad10,1.0,0,test
2013339N09084,2013-12-07T09:00:00,E:\Cyclone-x-prototype\datas\HURSAT_NI\2013\2013339N09084\2013339N09084.MADI.2013.12.07.0900.34.MET-7.049.hursat-b1.v06.nc,2013-12-07T09:00:00,0.0,1,Cyclonic Storm,HURSAT-B1 IRWIN/rad10,1.0,0,test
2013339N09084,2013-12-07T09:00:00,E:\Cyclone-x-prototype\datas\HURSAT_NI\2013\2013339N09084\2013339N09084.MADI.2013.12.07.0900.65.MTS-1.049.hursat-b1.v06.nc,2013-12-07T09:00:00,0.0,1,Cyclonic Storm,HURSAT-B1 IRWIN/rad10,1.0,0,test
2013339N09084,2013-12-07T12:00:00,E:\Cyclone-x-prototype\datas\HURSAT_NI\2013\2013339N09084\2013339N09084.MADI.2013.12.07.1200.27.FY2-E.052.hursat-b1.v06.nc,2013-12-07T12:00:00,0.0,1,Cyclonic Storm,HURSAT-B1 IRWIN/rad10,1.0,0,test
2013339N09084,2013-12-07T12:00:00,E:\Cyclone-x-prototype\datas\HURSAT_NI\2013\2013339N09084\2013339N09084.MADI.2013.12.07.1200.34.MET-7.052.hursat-b1.v06.nc,2013-12-07T12:00:00,0.0,1,Cyclonic Storm,HURSAT-B1 IRWIN/rad10,1.0,0,test
2013339N09084,2013-12-07T12:00:00,E:\Cyclone-x-prototype\datas\HURSAT_NI\2013\2013339N09084\2013339N09084.MADI.2013.12.07.1200.65.MTS-1.052.hursat-b1.v06.nc,2013-12-07T12:00:00,0.0,1,Cyclonic Storm,HURSAT-B1 IRWIN/rad10,1.0,0,test
2013339N09084,2013-12-07T15:00:00,E:\Cyclone-x-prototype\datas\HURSAT_NI\2013\2013339N09084\2013339N09084.MADI.2013.12.07.1500.27.FY2-E.053.hursat-b1.v06.nc,2013-12-07T15:00:00,0.0,1,Cyclonic Storm,HURSAT-B1 IRWIN/rad10,1.0,0,test
2013339N09084,2013-12-07T15:00:00,E:\Cyclone-x-prototype\datas\HURSAT_NI\2013\2013339N09084\2013339N09084.MADI.2013.12.07.1500.34.MET-7.053.hursat-b1.v06.nc,2013-12-07T15:00:00,0.0,1,Cyclonic Storm,HURSAT-B1 IRWIN/rad10,1.0,0,test
2013339N09084,2013-12-07T15:00:00,E:\Cyclone-x-prototype\datas\HURSAT_NI\2013\2013339N09084\2013339N09084.MADI.2013.12.07.1500.64.MTS-1.053.hursat-b1.v06.nc,2013-12-07T15:00:00,0.0,1,Cyclonic Storm,HURSAT-B1 IRWIN/rad10,1.0,0,test
2013339N09084,2013-12-07T18:00:00,E:\Cyclone-x-prototype\datas\HURSAT_NI\2013\2013339N09084\2013339N09084.MADI.2013.12.07.1800.35.MET-7.054.hursat-b1.v06.nc,2013-12-07T18:00:00,0.0,1,Cyclonic Storm,HURSAT-B1 IRWIN/rad10,1.0,0,test
2013339N09084,2013-12-07T18:00:00,E:\Cyclone-x-prototype\datas\HURSAT_NI\2013\2013339N09084\2013339N09084.MADI.2013.12.07.1800.64.MTS-1.054.hursat-b1.v06.nc,2013-12-07T18:00:00,0.0,1,Cyclonic Storm,HURSAT-B1 IRWIN/rad10,1.0,0,test
2013339N09084,2013-12-07T21:00:00,E:\Cyclone-x-prototype\datas\HURSAT_NI\2013\2013339N09084\2013339N09084.MADI.2013.12.07.2100.35.MET-7.056.hursat-b1.v06.nc,2013-12-07T21:00:00,0.0,1,Cyclonic Storm,HURSAT-B1 IRWIN/rad10,1.0,0,test
2013339N09084,2013-12-07T21:00:00,E:\Cyclone-x-prototype\datas\HURSAT_NI\2013\2013339N09084\2013339N09084.MADI.2013.12.07.2100.64.MTS-1.056.hursat-b1.v06.nc,2013-12-07T21:00:00,0.0,1,Cyclonic Storm,HURSAT-B1 IRWIN/rad10,1.0,0,test
2013339N09084,2013-12-08T00:00:00,E:\Cyclone-x-prototype\datas\HURSAT_NI\2013\2013339N09084\2013339N09084.MADI.2013.12.08.0000.35.MET-7.059.hursat-b1.v06.nc,2013-12-08T00:00:00,0.0,1,Cyclonic Storm,HURSAT-B1 IRWIN/rad10,1.0,0,test
2013339N09084,2013-12-08T00:00:00,E:\Cyclone-x-prototype\datas\HURSAT_NI\2013\2013339N09084\2013339N09084.MADI.2013.12.08.0000.64.MTS-1.059.hursat-b1.v06.nc,2013-12-08T00:00:00,0.0,1,Cyclonic Storm,HURSAT-B1 IRWIN/rad10,1.0,0,test
2013339N09084,2013-12-08T03:00:00,E:\Cyclone-x-prototype\datas\HURSAT_NI\2013\2013339N09084\2013339N09084.MADI.2013.12.08.0300.27.FY2-E.060.hursat-b1.v06.nc,2013-12-08T03:00:00,0.0,1,Cyclonic Storm,HURSAT-B1 IRWIN/rad10,1.0,0,test
2013339N09084,2013-12-08T03:00:00,E:\Cyclone-x-prototype\datas\HURSAT_NI\2013\2013339N09084\2013339N09084.MADI.2013.12.08.0300.35.MET-7.060.hursat-b1.v06.nc,2013-12-08T03:00:00,0.0,1,Cyclonic Storm,HURSAT-B1 IRWIN/rad10,1.0,0,test
2013339N09084,2013-12-08T03:00:00,E:\Cyclone-x-prototype\datas\HURSAT_NI\2013\2013339N09084\2013339N09084.MADI.2013.12.08.0300.64.MTS-1.060.hursat-b1.v06.nc,2013-12-08T03:00:00,0.0,1,Cyclonic Storm,HURSAT-B1 IRWIN/rad10,1.0,0,test
2013339N09084,2013-12-08T06:00:00,E:\Cyclone-x-prototype\datas\HURSAT_NI\2013\2013339N09084\2013339N09084.MADI.2013.12.08.0600.27.FY2-E.061.hursat-b1.v06.nc,2013-12-08T06:00:00,0.0,2,Severe Cyclone,HURSAT-B1 IRWIN/rad10,1.0,0,test
2013339N09084,2013-12-08T06:00:00,E:\Cyclone-x-prototype\datas\HURSAT_NI\2013\2013339N09084\2013339N09084.MADI.2013.12.08.0600.35.MET-7.061.hursat-b1.v06.nc,2013-12-08T06:00:00,0.0,2,Severe Cyclone,HURSAT-B1 IRWIN/rad10,1.0,0,test
2013339N09084,2013-12-08T06:00:00,E:\Cyclone-x-prototype\datas\HURSAT_NI\2013\2013339N09084\2013339N09084.MADI.2013.12.08.0600.64.MTS-1.061.hursat-b1.v06.nc,2013-12-08T06:00:00,0.0,2,Severe Cyclone,HURSAT-B1 IRWIN/rad10,1.0,0,test
2013339N09084,2013-12-08T09:00:00,E:\Cyclone-x-prototype\datas\HURSAT_NI\2013\2013339N09084\2013339N09084.MADI.2013.12.08.0900.27.FY2-E.061.hursat-b1.v06.nc,2013-12-08T09:00:00,0.0,2,Severe Cyclone,HURSAT-B1 IRWIN/rad10,1.0,0,test
2013339N09084,2013-12-08T09:00:00,E:\Cyclone-x-prototype\datas\HURSAT_NI\2013\2013339N09084\2013339N09084.MADI.2013.12.08.0900.35.MET-7.061.hursat-b1.v06.nc,2013-12-08T09:00:00,0.0,2,Severe Cyclone,HURSAT-B1 IRWIN/rad10,1.0,0,test
2013339N09084,2013-12-08T09:00:00,E:\Cyclone-x-prototype\datas\HURSAT_NI\2013\2013339N09084\2013339N09084.MADI.2013.12.08.0900.64.MTS-1.061.hursat-b1.v06.nc,2013-12-08T09:00:00,0.0,2,Severe Cyclone,HURSAT-B1 IRWIN/rad10,1.0,0,test
2013339N09084,2013-12-08T12:00:00,E:\Cyclone-x-prototype\datas\HURSAT_NI\2013\2013339N09084\2013339N09084.MADI.2013.12.08.1200.27.FY2-E.061.hursat-b1.v06.nc,2013-12-08T12:00:00,0.0,2,Severe Cyclone,HURSAT-B1 IRWIN/rad10,1.0,0,test
2013339N09084,2013-12-08T12:00:00,E:\Cyclone-x-prototype\datas\HURSAT_NI\2013\2013339N09084\2013339N09084.MADI.2013.12.08.1200.36.MET-7.061.hursat-b1.v06.nc,2013-12-08T12:00:00,0.0,2,Severe Cyclone,HURSAT-B1 IRWIN/rad10,1.0,0,test
2013339N09084,2013-12-08T12:00:00,E:\Cyclone-x-prototype\datas\HURSAT_NI\2013\2013339N09084\2013339N09084.MADI.2013.12.08.1200.65.MTS-1.061.hursat-b1.v06.nc,2013-12-08T12:00:00,0.0,2,Severe Cyclone,HURSAT-B1 IRWIN/rad10,1.0,0,test
2013339N09084,2013-12-08T15:00:00,E:\Cyclone-x-prototype\datas\HURSAT_NI\2013\2013339N09084\2013339N09084.MADI.2013.12.08.1500.28.FY2-E.061.hursat-b1.v06.nc,2013-12-08T15:00:00,0.0,2,Severe Cyclone,HURSAT-B1 IRWIN/rad10,1.0,0,test
2013339N09084,2013-12-08T15:00:00,E:\Cyclone-x-prototype\datas\HURSAT_NI\2013\2013339N09084\2013339N09084.MADI.2013.12.08.1500.36.MET-7.061.hursat-b1.v06.nc,2013-12-08T15:00:00,0.0,2,Severe Cyclone,HURSAT-B1 IRWIN/rad10,1.0,0,test
2013339N09084,2013-12-08T15:00:00,E:\Cyclone-x-prototype\datas\HURSAT_NI\2013\2013339N09084\2013339N09084.MADI.2013.12.08.1500.65.MTS-1.061.hursat-b1.v06.nc,2013-12-08T15:00:00,0.0,2,Severe Cyclone,HURSAT-B1 IRWIN/rad10,1.0,0,test
2013339N09084,2013-12-08T18:00:00,E:\Cyclone-x-prototype\datas\HURSAT_NI\2013\2013339N09084\2013339N09084.MADI.2013.12.08.1800.36.MET-7.061.hursat-b1.v06.nc,2013-12-08T18:00:00,0.0,2,Severe Cyclone,HURSAT-B1 IRWIN/rad10,1.0,0,test
2013339N09084,2013-12-08T18:00:00,E:\Cyclone-x-prototype\datas\HURSAT_NI\2013\2013339N09084\2013339N09084.MADI.2013.12.08.1800.65.MTS-1.061.hursat-b1.v06.nc,2013-12-08T18:00:00,0.0,2,Severe Cyclone,HURSAT-B1 IRWIN/rad10,1.0,0,test
2013339N09084,2013-12-08T21:00:00,E:\Cyclone-x-prototype\datas\HURSAT_NI\2013\2013339N09084\2013339N09084.MADI.2013.12.08.2100.36.MET-7.060.hursat-b1.v06.nc,2013-12-08T21:00:00,0.0,2,Severe Cyclone,HURSAT-B1 IRWIN/rad10,1.0,0,test
2013339N09084,2013-12-08T21:00:00,E:\Cyclone-x-prototype\datas\HURSAT_NI\2013\2013339N09084\2013339N09084.MADI.2013.12.08.2100.65.MTS-1.060.hursat-b1.v06.nc,2013-12-08T21:00:00,0.0,2,Severe Cyclone,HURSAT-B1 IRWIN/rad10,1.0,0,test
2013339N09084,2013-12-09T00:00:00,E:\Cyclone-x-prototype\datas\HURSAT_NI\2013\2013339N09084\2013339N09084.MADI.2013.12.09.0000.36.MET-7.059.hursat-b1.v06.nc,2013-12-09T00:00:00,0.0,2,Severe Cyclone,HURSAT-B1 IRWIN/rad10,1.0,0,test
2013339N09084,2013-12-09T00:00:00,E:\Cyclone-x-prototype\datas\HURSAT_NI\2013\2013339N09084\2013339N09084.MADI.2013.12.09.0000.65.MTS-1.059.hursat-b1.v06.nc,2013-12-09T00:00:00,0.0,2,Severe Cyclone,HURSAT-B1 IRWIN/rad10,1.0,0,test
2013339N09084,2013-12-09T03:00:00,E:\Cyclone-x-prototype\datas\HURSAT_NI\2013\2013339N09084\2013339N09084.MADI.2013.12.09.0300.28.FY2-E.059.hursat-b1.v06.nc,2013-12-09T03:00:00,0.0,2,Severe Cyclone,HURSAT-B1 IRWIN/rad10,1.0,0,test
2013339N09084,2013-12-09T03:00:00,E:\Cyclone-x-prototype\datas\HURSAT_NI\2013\2013339N09084\2013339N09084.MADI.2013.12.09.0300.36.MET-7.059.hursat-b1.v06.nc,2013-12-09T03:00:00,0.0,2,Severe Cyclone,HURSAT-B1 IRWIN/rad10,1.0,0,test
2013339N09084,2013-12-09T03:00:00,E:\Cyclone-x-prototype\datas\HURSAT_NI\2013\2013339N09084\2013339N09084.MADI.2013.12.09.0300.65.MTS-1.059.hursat-b1.v06.nc,2013-12-09T03:00:00,0.0,2,Severe Cyclone,HURSAT-B1 IRWIN/rad10,1.0,0,test
2013339N09084,2013-12-09T06:00:00,E:\Cyclone-x-prototype\datas\HURSAT_NI\2013\2013339N09084\2013339N09084.MADI.2013.12.09.0600.28.FY2-E.059.hursat-b1.v06.nc,2013-12-09T06:00:00,0.0,2,Severe Cyclone,HURSAT-B1 IRWIN/rad10,1.0,0,test
2013339N09084,2013-12-09T06:00:00,E:\Cyclone-x-prototype\datas\HURSAT_NI\2013\2013339N09084\2013339N09084.MADI.2013.12.09.0600.36.MET-7.059.hursat-b1.v06.nc,2013-12-09T06:00:00,0.0,2,Severe Cyclone,HURSAT-B1 IRWIN/rad10,1.0,0,test
2013339N09084,2013-12-09T06:00:00,E:\Cyclone-x-prototype\datas\HURSAT_NI\2013\2013339N09084\2013339N09084.MADI.2013.12.09.0600.65.MTS-1.059.hursat-b1.v06.nc,2013-12-09T06:00:00,0.0,2,Severe Cyclone,HURSAT-B1 IRWIN/rad10,1.0,0,test
2013339N09084,2013-12-09T09:00:00,E:\Cyclone-x-prototype\datas\HURSAT_NI\2013\2013339N09084\2013339N09084.MADI.2013.12.09.0900.28.FY2-E.059.hursat-b1.v06.nc,2013-12-09T09:00:00,0.0,2,Severe Cyclone,HURSAT-B1 IRWIN/rad10,1.0,0,test
2013339N09084,2013-12-09T09:00:00,E:\Cyclone-x-prototype\datas\HURSAT_NI\2013\2013339N09084\2013339N09084.MADI.2013.12.09.0900.36.MET-7.059.hursat-b1.v06.nc,2013-12-09T09:00:00,0.0,2,Severe Cyclone,HURSAT-B1 IRWIN/rad10,1.0,0,test
2013339N09084,2013-12-09T09:00:00,E:\Cyclone-x-prototype\datas\HURSAT_NI\2013\2013339N09084\2013339N09084.MADI.2013.12.09.0900.65.MTS-1.059.hursat-b1.v06.nc,2013-12-09T09:00:00,0.0,2,Severe Cyclone,HURSAT-B1 IRWIN/rad10,1.0,0,test
2013339N09084,2013-12-09T12:00:00,E:\Cyclone-x-prototype\datas\HURSAT_NI\2013\2013339N09084\2013339N09084.MADI.2013.12.09.1200.28.FY2-E.059.hursat-b1.v06.nc,2013-12-09T12:00:00,0.0,1,Cyclonic Storm,HURSAT-B1 IRWIN/rad10,1.0,0,test
2013339N09084,2013-12-09T12:00:00,E:\Cyclone-x-prototype\datas\HURSAT_NI\2013\2013339N09084\2013339N09084.MADI.2013.12.09.1200.36.MET-7.059.hursat-b1.v06.nc,2013-12-09T12:00:00,0.0,1,Cyclonic Storm,HURSAT-B1 IRWIN/rad10,1.0,0,test
2013339N09084,2013-12-09T12:00:00,E:\Cyclone-x-prototype\datas\HURSAT_NI\2013\2013339N09084\2013339N09084.MADI.2013.12.09.1200.65.MTS-1.059.hursat-b1.v06.nc,2013-12-09T12:00:00,0.0,1,Cyclonic Storm,HURSAT-B1 IRWIN/rad10,1.0,0,test
2013339N09084,2013-12-09T15:00:00,E:\Cyclone-x-prototype\datas\HURSAT_NI\2013\2013339N09084\2013339N09084.MADI.2013.12.09.1500.28.FY2-E.059.hursat-b1.v06.nc,2013-12-09T15:00:00,0.0,1,Cyclonic Storm,HURSAT-B1 IRWIN/rad10,1.0,0,test
2013339N09084,2013-12-09T15:00:00,E:\Cyclone-x-prototype\datas\HURSAT_NI\2013\2013339N09084\2013339N09084.MADI.2013.12.09.1500.37.MET-7.059.hursat-b1.v06.nc,2013-12-09T15:00:00,0.0,1,Cyclonic Storm,HURSAT-B1 IRWIN/rad10,1.0,0,test
2013339N09084,2013-12-09T15:00:00,E:\Cyclone-x-prototype\datas\HURSAT_NI\2013\2013339N09084\2013339N09084.MADI.2013.12.09.1500.65.MTS-1.059.hursat-b1.v06.nc,2013-12-09T15:00:00,0.0,1,Cyclonic Storm,HURSAT-B1 IRWIN/rad10,1.0,0,test
2013339N09084,2013-12-09T18:00:00,E:\Cyclone-x-prototype\datas\HURSAT_NI\2013\2013339N09084\2013339N09084.MADI.2013.12.09.1800.37.MET-7.059.hursat-b1.v06.nc,2013-12-09T18:00:00,0.0,1,Cyclonic Storm,HURSAT-B1 IRWIN/rad10,1.0,0,test
2013339N09084,2013-12-09T18:00:00,E:\Cyclone-x-prototype\datas\HURSAT_NI\2013\2013339N09084\2013339N09084.MADI.2013.12.09.1800.65.MTS-1.059.hursat-b1.v06.nc,2013-12-09T18:00:00,0.0,1,Cyclonic Storm,HURSAT-B1 IRWIN/rad10,1.0,0,test
2013339N09084,2013-12-09T21:00:00,E:\Cyclone-x-prototype\datas\HURSAT_NI\2013\2013339N09084\2013339N09084.MADI.2013.12.09.2100.37.MET-7.060.hursat-b1.v06.nc,2013-12-09T21:00:00,0.0,1,Cyclonic Storm,HURSAT-B1 IRWIN/rad10,1.0,0,test
2013339N09084,2013-12-09T21:00:00,E:\Cyclone-x-prototype\datas\HURSAT_NI\2013\2013339N09084\2013339N09084.MADI.2013.12.09.2100.65.MTS-1.060.hursat-b1.v06.nc,2013-12-09T21:00:00,0.0,1,Cyclonic Storm,HURSAT-B1 IRWIN/rad10,1.0,0,test
2013339N09084,2013-12-10T00:00:00,E:\Cyclone-x-prototype\datas\HURSAT_NI\2013\2013339N09084\2013339N09084.MADI.2013.12.10.0000.37.MET-7.061.hursat-b1.v06.nc,2013-12-10T00:00:00,0.0,1,Cyclonic Storm,HURSAT-B1 IRWIN/rad10,1.0,0,test
2013339N09084,2013-12-10T00:00:00,E:\Cyclone-x-prototype\datas\HURSAT_NI\2013\2013339N09084\2013339N09084.MADI.2013.12.10.0000.65.MTS-1.061.hursat-b1.v06.nc,2013-12-10T00:00:00,0.0,1,Cyclonic Storm,HURSAT-B1 IRWIN/rad10,1.0,0,test
2013339N09084,2013-12-10T03:00:00,E:\Cyclone-x-prototype\datas\HURSAT_NI\2013\2013339N09084\2013339N09084.MADI.2013.12.10.0300.28.FY2-E.065.hursat-b1.v06.nc,2013-12-10T03:00:00,0.0,2,Severe Cyclone,HURSAT-B1 IRWIN/rad10,1.0,0,test
2013339N09084,2013-12-10T03:00:00,E:\Cyclone-x-prototype\datas\HURSAT_NI\2013\2013339N09084\2013339N09084.MADI.2013.12.10.0300.37.MET-7.065.hursat-b1.v06.nc,2013-12-10T03:00:00,0.0,2,Severe Cyclone,HURSAT-B1 IRWIN/rad10,1.0,0,test
2013339N09084,2013-12-10T03:00:00,E:\Cyclone-x-prototype\datas\HURSAT_NI\2013\2013339N09084\2013339N09084.MADI.2013.12.10.0300.64.MTS-1.065.hursat-b1.v06.nc,2013-12-10T03:00:00,0.0,2,Severe Cyclone,HURSAT-B1 IRWIN/rad10,1.0,0,test
2013339N09084,2013-12-10T06:00:00,E:\Cyclone-x-prototype\datas\HURSAT_NI\2013\2013339N09084\2013339N09084.MADI.2013.12.10.0600.28.FY2-E.070.hursat-b1.v06.nc,2013-12-10T06:00:00,0.0,2,Severe Cyclone,HURSAT-B1 IRWIN/rad10,1.0,0,test
2013339N09084,2013-12-10T06:00:00,E:\Cyclone-x-prototype\datas\HURSAT_NI\2013\2013339N09084\2013339N09084.MADI.2013.12.10.0600.37.MET-7.070.hursat-b1.v06.nc,2013-12-10T06:00:00,0.0,2,Severe Cyclone,HURSAT-B1 IRWIN/rad10,1.0,0,test
2013339N09084,2013-12-10T06:00:00,E:\Cyclone-x-prototype\datas\HURSAT_NI\2013\2013339N09084\2013339N09084.MADI.2013.12.10.0600.64.MTS-1.070.hursat-b1.v06.nc,2013-12-10T06:00:00,0.0,2,Severe Cyclone,HURSAT-B1 IRWIN/rad10,1.0,0,test
2013339N09084,2013-12-10T09:00:00,E:\Cyclone-x-prototype\datas\HURSAT_NI\2013\2013339N09084\2013339N09084.MADI.2013.12.10.0900.28.FY2-E.066.hursat-b1.v06.nc,2013-12-10T09:00:00,0.0,2,Severe Cyclone,HURSAT-B1 IRWIN/rad10,1.0,0,test
2013339N09084,2013-12-10T09:00:00,E:\Cyclone-x-prototype\datas\HURSAT_NI\2013\2013339N09084\2013339N09084.MADI.2013.12.10.0900.37.MET-7.066.hursat-b1.v06.nc,2013-12-10T09:00:00,0.0,2,Severe Cyclone,HURSAT-B1 IRWIN/rad10,1.0,0,test
2013339N09084,2013-12-10T09:00:00,E:\Cyclone-x-prototype\datas\HURSAT_NI\2013\2013339N09084\2013339N09084.MADI.2013.12.10.0900.64.MTS-1.066.hursat-b1.v06.nc,2013-12-10T09:00:00,0.0,2,Severe Cyclone,HURSAT-B1 IRWIN/rad10,1.0,0,test
2013339N09084,2013-12-10T12:00:00,E:\Cyclone-x-prototype\datas\HURSAT_NI\2013\2013339N09084\2013339N09084.MADI.2013.12.10.1200.29.FY2-E.063.hursat-b1.v06.nc,2013-12-10T12:00:00,0.0,1,Cyclonic Storm,HURSAT-B1 IRWIN/rad10,1.0,0,test
2013339N09084,2013-12-10T12:00:00,E:\Cyclone-x-prototype\datas\HURSAT_NI\2013\2013339N09084\2013339N09084.MADI.2013.12.10.1200.37.MET-7.063.hursat-b1.v06.nc,2013-12-10T12:00:00,0.0,1,Cyclonic Storm,HURSAT-B1 IRWIN/rad10,1.0,0,test
2013339N09084,2013-12-10T12:00:00,E:\Cyclone-x-prototype\datas\HURSAT_NI\2013\2013339N09084\2013339N09084.MADI.2013.12.10.1200.65.MTS-1.063.hursat-b1.v06.nc,2013-12-10T12:00:00,0.0,1,Cyclonic Storm,HURSAT-B1 IRWIN/rad10,1.0,0,test
2013339N09084,2013-12-10T15:00:00,E:\Cyclone-x-prototype\datas\HURSAT_NI\2013\2013339N09084\2013339N09084.MADI.2013.12.10.1500.29.FY2-E.058.hursat-b1.v06.nc,2013-12-10T15:00:00,0.0,1,Cyclonic Storm,HURSAT-B1 IRWIN/rad10,1.0,0,test
2013339N09084,2013-12-10T15:00:00,E:\Cyclone-x-prototype\datas\HURSAT_NI\2013\2013339N09084\2013339N09084.MADI.2013.12.10.1500.37.MET-7.058.hursat-b1.v06.nc,2013-12-10T15:00:00,0.0,1,Cyclonic Storm,HURSAT-B1 IRWIN/rad10,1.0,0,test
2013339N09084,2013-12-10T15:00:00,E:\Cyclone-x-prototype\datas\HURSAT_NI\2013\2013339N09084\2013339N09084.MADI.2013.12.10.1500.65.MTS-1.058.hursat-b1.v06.nc,2013-12-10T15:00:00,0.0,1,Cyclonic Storm,HURSAT-B1 IRWIN/rad10,1.0,0,test
2013339N09084,2013-12-10T18:00:00,E:\Cyclone-x-prototype\datas\HURSAT_NI\2013\2013339N09084\2013339N09084.MADI.2013.12.10.1800.36.MET-7.054.hursat-b1.v06.nc,2013-12-10T18:00:00,0.0,1,Cyclonic Storm,HURSAT-B1 IRWIN/rad10,1.0,0,test
2013339N09084,2013-12-10T18:00:00,E:\Cyclone-x-prototype\datas\HURSAT_NI\2013\2013339N09084\2013339N09084.MADI.2013.12.10.1800.65.MTS-1.054.hursat-b1.v06.nc,2013-12-10T18:00:00,0.0,1,Cyclonic Storm,HURSAT-B1 IRWIN/rad10,1.0,0,test
2013339N09084,2013-12-10T21:00:00,E:\Cyclone-x-prototype\datas\HURSAT_NI\2013\2013339N09084\2013339N09084.MADI.2013.12.10.2100.36.MET-7.048.hursat-b1.v06.nc,2013-12-10T21:00:00,0.0,1,Cyclonic Storm,HURSAT-B1 IRWIN/rad10,1.0,0,test
2013339N09084,2013-12-10T21:00:00,E:\Cyclone-x-prototype\datas\HURSAT_NI\2013\2013339N09084\2013339N09084.MADI.2013.12.10.2100.65.MTS-1.048.hursat-b1.v06.nc,2013-12-10T21:00:00,0.0,1,Cyclonic Storm,HURSAT-B1 IRWIN/rad10,1.0,0,test
2013339N09084,2013-12-11T00:00:00,E:\Cyclone-x-prototype\datas\HURSAT_NI\2013\2013339N09084\2013339N09084.MADI.2013.12.11.0000.36.MET-7.042.hursat-b1.v06.nc,2013-12-11T00:00:00,0.0,1,Cyclonic Storm,HURSAT-B1 IRWIN/rad10,1.0,0,test
2013339N09084,2013-12-11T00:00:00,E:\Cyclone-x-prototype\datas\HURSAT_NI\2013\2013339N09084\2013339N09084.MADI.2013.12.11.0000.65.MTS-1.042.hursat-b1.v06.nc,2013-12-11T00:00:00,0.0,1,Cyclonic Storm,HURSAT-B1 IRWIN/rad10,1.0,0,test
2013339N09084,2013-12-11T03:00:00,E:\Cyclone-x-prototype\datas\HURSAT_NI\2013\2013339N09084\2013339N09084.MADI.2013.12.11.0300.29.FY2-E.038.hursat-b1.v06.nc,2013-12-11T03:00:00,0.0,0,Depression / Weak System,HURSAT-B1 IRWIN/rad10,1.0,0,test
2013339N09084,2013-12-11T03:00:00,E:\Cyclone-x-prototype\datas\HURSAT_NI\2013\2013339N09084\2013339N09084.MADI.2013.12.11.0300.35.MET-7.038.hursat-b1.v06.nc,2013-12-11T03:00:00,0.0,0,Depression / Weak System,HURSAT-B1 IRWIN/rad10,1.0,0,test
2013339N09084,2013-12-11T03:00:00,E:\Cyclone-x-prototype\datas\HURSAT_NI\2013\2013339N09084\2013339N09084.MADI.2013.12.11.0300.66.MTS-1.038.hursat-b1.v06.nc,2013-12-11T03:00:00,0.0,0,Depression / Weak System,HURSAT-B1 IRWIN/rad10,1.0,0,test
2013339N09084,2013-12-11T06:00:00,E:\Cyclone-x-prototype\datas\HURSAT_NI\2013\2013339N09084\2013339N09084.MADI.2013.12.11.0600.29.FY2-E.035.hursat-b1.v06.nc,2013-12-11T06:00:00,0.0,0,Depression / Weak System,HURSAT-B1 IRWIN/rad10,1.0,0,test
2013339N09084,2013-12-11T06:00:00,E:\Cyclone-x-prototype\datas\HURSAT_NI\2013\2013339N09084\2013339N09084.MADI.2013.12.11.0600.35.MET-7.035.hursat-b1.v06.nc,2013-12-11T06:00:00,0.0,0,Depression / Weak System,HURSAT-B1 IRWIN/rad10,1.0,0,test
2013339N09084,2013-12-11T06:00:00,E:\Cyclone-x-prototype\datas\HURSAT_NI\2013\2013339N09084\2013339N09084.MADI.2013.12.11.0600.66.MTS-1.035.hursat-b1.v06.nc,2013-12-11T06:00:00,0.0,0,Depression / Weak System,HURSAT-B1 IRWIN/rad10,1.0,0,test
2013339N09084,2013-12-11T09:00:00,E:\Cyclone-x-prototype\datas\HURSAT_NI\2013\2013339N09084\2013339N09084.MADI.2013.12.11.0900.29.FY2-E.035.hursat-b1.v06.nc,2013-12-11T09:00:00,0.0,0,Depression / Weak System,HURSAT-B1 IRWIN/rad10,1.0,0,test
2013339N09084,2013-12-11T09:00:00,E:\Cyclone-x-prototype\datas\HURSAT_NI\2013\2013339N09084\2013339N09084.MADI.2013.12.11.0900.35.MET-7.035.hursat-b1.v06.nc,2013-12-11T09:00:00,0.0,0,Depression / Weak System,HURSAT-B1 IRWIN/rad10,1.0,0,test
2013339N09084,2013-12-11T09:00:00,E:\Cyclone-x-prototype\datas\HURSAT_NI\2013\2013339N09084\2013339N09084.MADI.2013.12.11.0900.66.MTS-1.035.hursat-b1.v06.nc,2013-12-11T09:00:00,0.0,0,Depression / Weak System,HURSAT-B1 IRWIN/rad10,1.0,0,test
2013339N09084,2013-12-11T12:00:00,E:\Cyclone-x-prototype\datas\HURSAT_NI\2013\2013339N09084\2013339N09084.MADI.2013.12.11.1200.29.FY2-E.035.hursat-b1.v06.nc,2013-12-11T12:00:00,0.0,0,Depression / Weak System,HURSAT-B1 IRWIN/rad10,1.0,0,test
2013339N09084,2013-12-11T12:00:00,E:\Cyclone-x-prototype\datas\HURSAT_NI\2013\2013339N09084\2013339N09084.MADI.2013.12.11.1200.34.MET-7.035.hursat-b1.v06.nc,2013-12-11T12:00:00,0.0,0,Depression / Weak System,HURSAT-B1 IRWIN/rad10,1.0,0,test
2013339N09084,2013-12-11T12:00:00,E:\Cyclone-x-prototype\datas\HURSAT_NI\2013\2013339N09084\2013339N09084.MADI.2013.12.11.1200.66.MTS-1.035.hursat-b1.v06.nc,2013-12-11T12:00:00,0.0,0,Depression / Weak System,HURSAT-B1 IRWIN/rad10,1.0,0,test
2013339N09084,2013-12-11T15:00:00,E:\Cyclone-x-prototype\datas\HURSAT_NI\2013\2013339N09084\2013339N09084.MADI.2013.12.11.1500.29.FY2-E.030.hursat-b1.v06.nc,2013-12-11T12:00:00,3.0,0,Depression / Weak System,HURSAT-B1 IRWIN/rad10,1.0,0,test
2014003N08086,2014-01-04T00:00:00,E:\Cyclone-x-prototype\datas\HURSAT_NI\2014\2014003N08086\2014003N08086.ONE.2014.01.04.0000.26.FY2-E.026.hursat-b1.v06.nc,2014-01-04T03:00:00,3.0,0,Depression / Weak System,HURSAT-B1 IRWIN/rad10,1.0,0,test
2014003N08086,2014-01-04T00:00:00,E:\Cyclone-x-prototype\datas\HURSAT_NI\2014\2014003N08086\2014003N08086.ONE.2014.01.04.0000.33.MET-7.026.hursat-b1.v06.nc,2014-01-04T03:00:00,3.0,0,Depression / Weak System,HURSAT-B1 IRWIN/rad10,1.0,0,test
2014003N08086,2014-01-04T00:00:00,E:\Cyclone-x-prototype\datas\HURSAT_NI\2014\2014003N08086\2014003N08086.ONE.2014.01.04.0000.70.MTS-2.026.hursat-b1.v06.nc,2014-01-04T03:00:00,3.0,0,Depression / Weak System,HURSAT-B1 IRWIN/rad10,1.0,0,test
2014003N08086,2014-01-04T03:00:00,E:\Cyclone-x-prototype\datas\HURSAT_NI\2014\2014003N08086\2014003N08086.ONE.2014.01.04.0300.27.FY2-E.027.hursat-b1.v06.nc,2014-01-04T03:00:00,0.0,0,Depression / Weak System,HURSAT-B1 IRWIN/rad10,1.0,0,test
2014003N08086,2014-01-04T03:00:00,E:\Cyclone-x-prototype\datas\HURSAT_NI\2014\2014003N08086\2014003N08086.ONE.2014.01.04.0300.33.MET-7.027.hursat-b1.v06.nc,2014-01-04T03:00:00,0.0,0,Depression / Weak System,HURSAT-B1 IRWIN/rad10,1.0,0,test
2014003N08086,2014-01-04T03:00:00,E:\Cyclone-x-prototype\datas\HURSAT_NI\2014\2014003N08086\2014003N08086.ONE.2014.01.04.0300.71.MTS-2.027.hursat-b1.v06.nc,2014-01-04T03:00:00,0.0,0,Depression / Weak System,HURSAT-B1 IRWIN/rad10,1.0,0,test
2014003N08086,2014-01-04T06:00:00,E:\Cyclone-x-prototype\datas\HURSAT_NI\2014\2014003N08086\2014003N08086.ONE.2014.01.04.0600.27.FY2-E.028.hursat-b1.v06.nc,2014-01-04T06:00:00,0.0,0,Depression / Weak System,HURSAT-B1 IRWIN/rad10,1.0,0,test
2014003N08086,2014-01-04T06:00:00,E:\Cyclone-x-prototype\datas\HURSAT_NI\2014\2014003N08086\2014003N08086.ONE.2014.01.04.0600.32.MET-7.028.hursat-b1.v06.nc,2014-01-04T06:00:00,0.0,0,Depression / Weak System,HURSAT-B1 IRWIN/rad10,1.0,0,test
2014003N08086,2014-01-04T06:00:00,E:\Cyclone-x-prototype\datas\HURSAT_NI\2014\2014003N08086\2014003N08086.ONE.2014.01.04.0600.71.MTS-2.028.hursat-b1.v06.nc,2014-01-04T06:00:00,0.0,0,Depression / Weak System,HURSAT-B1 IRWIN/rad10,1.0,0,test
2014003N08086,2014-01-04T09:00:00,E:\Cyclone-x-prototype\datas\HURSAT_NI\2014\2014003N08086\2014003N08086.ONE.2014.01.04.0900.32.MET-7.028.hursat-b1.v06.nc,2014-01-04T06:00:00,3.0,0,Depression / Weak System,HURSAT-B1 IRWIN/rad10,1.0,0,test
2014003N08086,2014-01-04T09:00:00,E:\Cyclone-x-prototype\datas\HURSAT_NI\2014\2014003N08086\2014003N08086.ONE.2014.01.04.0900.71.MTS-2.028.hursat-b1.v06.nc,2014-01-04T06:00:00,3.0,0,Depression / Weak System,HURSAT-B1 IRWIN/rad10,1.0,0,test
2014003N08086,2014-01-04T12:00:00,E:\Cyclone-x-prototype\datas\HURSAT_NI\2014\2014003N08086\2014003N08086.ONE.2014.01.04.1200.32.MET-7.028.hursat-b1.v06.nc,2014-01-04T12:00:00,0.0,0,Depression / Weak System,HURSAT-B1 IRWIN/rad10,1.0,0,test
2014003N08086,2014-01-04T12:00:00,E:\Cyclone-x-prototype\datas\HURSAT_NI\2014\2014003N08086\2014003N08086.ONE.2014.01.04.1200.71.MTS-2.028.hursat-b1.v06.nc,2014-01-04T12:00:00,0.0,0,Depression / Weak System,HURSAT-B1 IRWIN/rad10,1.0,0,test
2014003N08086,2014-01-04T15:00:00,E:\Cyclone-x-prototype\datas\HURSAT_NI\2014\2014003N08086\2014003N08086.ONE.2014.01.04.1500.28.FY2-E.029.hursat-b1.v06.nc,2014-01-04T12:00:00,3.0,0,Depression / Weak System,HURSAT-B1 IRWIN/rad10,1.0,0,test
2014003N08086,2014-01-04T15:00:00,E:\Cyclone-x-prototype\datas\HURSAT_NI\2014\2014003N08086\2014003N08086.ONE.2014.01.04.1500.32.MET-7.029.hursat-b1.v06.nc,2014-01-04T12:00:00,3.0,0,Depression / Weak System,HURSAT-B1 IRWIN/rad10,1.0,0,test
2014003N08086,2014-01-04T15:00:00,E:\Cyclone-x-prototype\datas\HURSAT_NI\2014\2014003N08086\2014003N08086.ONE.2014.01.04.1500.71.MTS-2.029.hursat-b1.v06.nc,2014-01-04T12:00:00,3.0,0,Depression / Weak System,HURSAT-B1 IRWIN/rad10,1.0,0,test
2014003N08086,2014-01-04T18:00:00,E:\Cyclone-x-prototype\datas\HURSAT_NI\2014\2014003N08086\2014003N08086.ONE.2014.01.04.1800.28.FY2-E.030.hursat-b1.v06.nc,2014-01-04T18:00:00,0.0,0,Depression / Weak System,HURSAT-B1 IRWIN/rad10,1.0,0,test
2014003N08086,2014-01-04T18:00:00,E:\Cyclone-x-prototype\datas\HURSAT_NI\2014\2014003N08086\2014003N08086.ONE.2014.01.04.1800.32.MET-7.030.hursat-b1.v06.nc,2014-01-04T18:00:00,0.0,0,Depression / Weak System,HURSAT-B1 IRWIN/rad10,1.0,0,test
2014003N08086,2014-01-04T18:00:00,E:\Cyclone-x-prototype\datas\HURSAT_NI\2014\2014003N08086\2014003N08086.ONE.2014.01.04.1800.72.MTS-2.030.hursat-b1.v06.nc,2014-01-04T18:00:00,0.0,0,Depression / Weak System,HURSAT-B1 IRWIN/rad10,1.0,0,test
2014003N08086,2014-01-04T21:00:00,E:\Cyclone-x-prototype\datas\HURSAT_NI\2014\2014003N08086\2014003N08086.ONE.2014.01.04.2100.28.FY2-E.030.hursat-b1.v06.nc,2014-01-04T18:00:00,3.0,0,Depression / Weak System,HURSAT-B1 IRWIN/rad10,1.0,0,test
2014003N08086,2014-01-04T21:00:00,E:\Cyclone-x-prototype\datas\HURSAT_NI\2014\2014003N08086\2014003N08086.ONE.2014.01.04.2100.31.MET-7.030.hursat-b1.v06.nc,2014-01-04T18:00:00,3.0,0,Depression / Weak System,HURSAT-B1 IRWIN/rad10,1.0,0,test
2014003N08086,2014-01-04T21:00:00,E:\Cyclone-x-prototype\datas\HURSAT_NI\2014\2014003N08086\2014003N08086.ONE.2014.01.04.2100.72.MTS-2.030.hursat-b1.v06.nc,2014-01-04T18:00:00,3.0,0,Depression / Weak System,HURSAT-B1 IRWIN/rad10,1.0,0,test
2014003N08086,2014-01-05T00:00:00,E:\Cyclone-x-prototype\datas\HURSAT_NI\2014\2014003N08086\2014003N08086.ONE.2014.01.05.0000.28.FY2-E.030.hursat-b1.v06.nc,2014-01-05T00:00:00,0.0,0,Depression / Weak System,HURSAT-B1 IRWIN/rad10,1.0,0,test
2014003N08086,2014-01-05T00:00:00,E:\Cyclone-x-prototype\datas\HURSAT_NI\2014\2014003N08086\2014003N08086.ONE.2014.01.05.0000.31.MET-7.030.hursat-b1.v06.nc,2014-01-05T00:00:00,0.0,0,Depression / Weak System,HURSAT-B1 IRWIN/rad10,1.0,0,test
2014003N08086,2014-01-05T00:00:00,E:\Cyclone-x-prototype\datas\HURSAT_NI\2014\2014003N08086\2014003N08086.ONE.2014.01.05.0000.72.MTS-2.030.hursat-b1.v06.nc,2014-01-05T00:00:00,0.0,0,Depression / Weak System,HURSAT-B1 IRWIN/rad10,1.0,0,test
2014003N08086,2014-01-05T03:00:00,E:\Cyclone-x-prototype\datas\HURSAT_NI\2014\2014003N08086\2014003N08086.ONE.2014.01.05.0300.29.FY2-E.030.hursat-b1.v06.nc,2014-01-05T03:00:00,0.0,0,Depression / Weak System,HURSAT-B1 IRWIN/rad10,1.0,0,test
2014003N08086,2014-01-05T03:00:00,E:\Cyclone-x-prototype\datas\HURSAT_NI\2014\2014003N08086\2014003N08086.ONE.2014.01.05.0300.31.MET-7.030.hursat-b1.v06.nc,2014-01-05T03:00:00,0.0,0,Depression / Weak System,HURSAT-B1 IRWIN/rad10,1.0,0,test
2014003N08086,2014-01-05T03:00:00,E:\Cyclone-x-prototype\datas\HURSAT_NI\2014\2014003N08086\2014003N08086.ONE.2014.01.05.0300.72.MTS-2.030.hursat-b1.v06.nc,2014-01-05T03:00:00,0.0,0,Depression / Weak System,HURSAT-B1 IRWIN/rad10,1.0,0,test
2014003N08086,2014-01-05T06:00:00,E:\Cyclone-x-prototype\datas\HURSAT_NI\2014\2014003N08086\2014003N08086.ONE.2014.01.05.0600.29.FY2-E.030.hursat-b1.v06.nc,2014-01-05T06:00:00,0.0,0,Depression / Weak System,HURSAT-B1 IRWIN/rad10,1.0,0,test
2014003N08086,2014-01-05T06:00:00,E:\Cyclone-x-prototype\datas\HURSAT_NI\2014\2014003N08086\2014003N08086.ONE.2014.01.05.0600.31.MET-7.030.hursat-b1.v06.nc,2014-01-05T06:00:00,0.0,0,Depression / Weak System,HURSAT-B1 IRWIN/rad10,1.0,0,test
2014003N08086,2014-01-05T06:00:00,E:\Cyclone-x-prototype\datas\HURSAT_NI\2014\2014003N08086\2014003N08086.ONE.2014.01.05.0600.72.MTS-2.030.hursat-b1.v06.nc,2014-01-05T06:00:00,0.0,0,Depression / Weak System,HURSAT-B1 IRWIN/rad10,1.0,0,test
2014003N08086,2014-01-05T09:00:00,E:\Cyclone-x-prototype\datas\HURSAT_NI\2014\2014003N08086\2014003N08086.ONE.2014.01.05.0900.31.MET-7.029.hursat-b1.v06.nc,2014-01-05T06:00:00,3.0,0,Depression / Weak System,HURSAT-B1 IRWIN/rad10,1.0,0,test
2014003N08086,2014-01-05T09:00:00,E:\Cyclone-x-prototype\datas\HURSAT_NI\2014\2014003N08086\2014003N08086.ONE.2014.01.05.0900.72.MTS-2.029.hursat-b1.v06.nc,2014-01-05T06:00:00,3.0,0,Depression / Weak System,HURSAT-B1 IRWIN/rad10,1.0,0,test
2014003N08086,2014-01-05T12:00:00,E:\Cyclone-x-prototype\datas\HURSAT_NI\2014\2014003N08086\2014003N08086.ONE.2014.01.05.1200.31.MET-7.028.hursat-b1.v06.nc,2014-01-05T12:00:00,0.0,0,Depression / Weak System,HURSAT-B1 IRWIN/rad10,1.0,0,test
2014003N08086,2014-01-05T12:00:00,E:\Cyclone-x-prototype\datas\HURSAT_NI\2014\2014003N08086\2014003N08086.ONE.2014.01.05.1200.73.MTS-2.028.hursat-b1.v06.nc,2014-01-05T12:00:00,0.0,0,Depression / Weak System,HURSAT-B1 IRWIN/rad10,1.0,0,test
2014003N08086,2014-01-05T15:00:00,E:\Cyclone-x-prototype\datas\HURSAT_NI\2014\2014003N08086\2014003N08086.ONE.2014.01.05.1500.29.FY2-E.028.hursat-b1.v06.nc,2014-01-05T12:00:00,3.0,0,Depression / Weak System,HURSAT-B1 IRWIN/rad10,1.0,0,test
2014003N08086,2014-01-05T15:00:00,E:\Cyclone-x-prototype\datas\HURSAT_NI\2014\2014003N08086\2014003N08086.ONE.2014.01.05.1500.31.MET-7.028.hursat-b1.v06.nc,2014-01-05T12:00:00,3.0,0,Depression / Weak System,HURSAT-B1 IRWIN/rad10,1.0,0,test
2014003N08086,2014-01-05T15:00:00,E:\Cyclone-x-prototype\datas\HURSAT_NI\2014\2014003N08086\2014003N08086.ONE.2014.01.05.1500.73.MTS-2.028.hursat-b1.v06.nc,2014-01-05T12:00:00,3.0,0,Depression / Weak System,HURSAT-B1 IRWIN/rad10,1.0,0,test
2014003N08086,2014-01-05T18:00:00,E:\Cyclone-x-prototype\datas\HURSAT_NI\2014\2014003N08086\2014003N08086.ONE.2014.01.05.1800.29.FY2-E.028.hursat-b1.v06.nc,2014-01-05T18:00:00,0.0,0,Depression / Weak System,HURSAT-B1 IRWIN/rad10,1.0,0,test
2014003N08086,2014-01-05T18:00:00,E:\Cyclone-x-prototype\datas\HURSAT_NI\2014\2014003N08086\2014003N08086.ONE.2014.01.05.1800.31.MET-7.028.hursat-b1.v06.nc,2014-01-05T18:00:00,0.0,0,Depression / Weak System,HURSAT-B1 IRWIN/rad10,1.0,0,test
2014003N08086,2014-01-05T18:00:00,E:\Cyclone-x-prototype\datas\HURSAT_NI\2014\2014003N08086\2014003N08086.ONE.2014.01.05.1800.73.MTS-2.028.hursat-b1.v06.nc,2014-01-05T18:00:00,0.0,0,Depression / Weak System,HURSAT-B1 IRWIN/rad10,1.0,0,test
2014003N08086,2014-01-05T21:00:00,E:\Cyclone-x-prototype\datas\HURSAT_NI\2014\2014003N08086\2014003N08086.ONE.2014.01.05.2100.29.FY2-E.028.hursat-b1.v06.nc,2014-01-05T18:00:00,3.0,0,Depression / Weak System,HURSAT-B1 IRWIN/rad10,1.0,0,test
2014003N08086,2014-01-05T21:00:00,E:\Cyclone-x-prototype\datas\HURSAT_NI\2014\2014003N08086\2014003N08086.ONE.2014.01.05.2100.30.MET-7.028.hursat-b1.v06.nc,2014-01-05T18:00:00,3.0,0,Depression / Weak System,HURSAT-B1 IRWIN/rad10,1.0,0,test
2014003N08086,2014-01-05T21:00:00,E:\Cyclone-x-prototype\datas\HURSAT_NI\2014\2014003N08086\2014003N08086.ONE.2014.01.05.2100.73.MTS-2.028.hursat-b1.v06.nc,2014-01-05T18:00:00,3.0,0,Depression / Weak System,HURSAT-B1 IRWIN/rad10,1.0,0,test
2014003N08086,2014-01-06T00:00:00,E:\Cyclone-x-prototype\datas\HURSAT_NI\2014\2014003N08086\2014003N08086.ONE.2014.01.06.0000.29.FY2-E.028.hursat-b1.v06.nc,2014-01-06T00:00:00,0.0,0,Depression / Weak System,HURSAT-B1 IRWIN/rad10,1.0,0,test
2014003N08086,2014-01-06T00:00:00,E:\Cyclone-x-prototype\datas\HURSAT_NI\2014\2014003N08086\2014003N08086.ONE.2014.01.06.0000.30.MET-7.028.hursat-b1.v06.nc,2014-01-06T00:00:00,0.0,0,Depression / Weak System,HURSAT-B1 IRWIN/rad10,1.0,0,test
2014003N08086,2014-01-06T00:00:00,E:\Cyclone-x-prototype\datas\HURSAT_NI\2014\2014003N08086\2014003N08086.ONE.2014.01.06.0000.73.MTS-2.028.hursat-b1.v06.nc,2014-01-06T00:00:00,0.0,0,Depression / Weak System,HURSAT-B1 IRWIN/rad10,1.0,0,test
2014003N08086,2014-01-06T03:00:00,E:\Cyclone-x-prototype\datas\HURSAT_NI\2014\2014003N08086\2014003N08086.ONE.2014.01.06.0300.29.FY2-E.027.hursat-b1.v06.nc,2014-01-06T03:00:00,0.0,0,Depression / Weak System,HURSAT-B1 IRWIN/rad10,1.0,0,test
2014003N08086,2014-01-06T03:00:00,E:\Cyclone-x-prototype\datas\HURSAT_NI\2014\2014003N08086\2014003N08086.ONE.2014.01.06.0300.30.MET-7.027.hursat-b1.v06.nc,2014-01-06T03:00:00,0.0,0,Depression / Weak System,HURSAT-B1 IRWIN/rad10,1.0,0,test
2014003N08086,2014-01-06T03:00:00,E:\Cyclone-x-prototype\datas\HURSAT_NI\2014\2014003N08086\2014003N08086.ONE.2014.01.06.0300.73.MTS-2.027.hursat-b1.v06.nc,2014-01-06T03:00:00,0.0,0,Depression / Weak System,HURSAT-B1 IRWIN/rad10,1.0,0,test
2014003N08086,2014-01-06T06:00:00,E:\Cyclone-x-prototype\datas\HURSAT_NI\2014\2014003N08086\2014003N08086.ONE.2014.01.06.0600.30.FY2-E.026.hursat-b1.v06.nc,2014-01-06T03:00:00,3.0,0,Depression / Weak System,HURSAT-B1 IRWIN/rad10,1.0,0,test
2014003N08086,2014-01-06T06:00:00,E:\Cyclone-x-prototype\datas\HURSAT_NI\2014\2014003N08086\2014003N08086.ONE.2014.01.06.0600.30.MET-7.026.hursat-b1.v06.nc,2014-01-06T03:00:00,3.0,0,Depression / Weak System,HURSAT-B1 IRWIN/rad10,1.0,0,test
2014003N08086,2014-01-06T06:00:00,E:\Cyclone-x-prototype\datas\HURSAT_NI\2014\2014003N08086\2014003N08086.ONE.2014.01.06.0600.73.MTS-2.026.hursat-b1.v06.nc,2014-01-06T03:00:00,3.0,0,Depression / Weak System,HURSAT-B1 IRWIN/rad10,1.0,0,test
2014003N08086,2014-01-06T09:00:00,E:\Cyclone-x-prototype\datas\HURSAT_NI\2014\2014003N08086\2014003N08086.ONE.2014.01.06.0900.30.MET-7.025.hursat-b1.v06.nc,2014-01-06T12:00:00,3.0,0,Depression / Weak System,HURSAT-B1 IRWIN/rad10,1.0,0,test
2014003N08086,2014-01-06T09:00:00,E:\Cyclone-x-prototype\datas\HURSAT_NI\2014\2014003N08086\2014003N08086.ONE.2014.01.06.0900.73.MTS-2.025.hursat-b1.v06.nc,2014-01-06T12:00:00,3.0,0,Depression / Weak System,HURSAT-B1 IRWIN/rad10,1.0,0,test
2014003N08086,2014-01-06T12:00:00,E:\Cyclone-x-prototype\datas\HURSAT_NI\2014\2014003N08086\2014003N08086.ONE.2014.01.06.1200.30.MET-7.024.hursat-b1.v06.nc,2014-01-06T12:00:00,0.0,0,Depression / Weak System,HURSAT-B1 IRWIN/rad10,1.0,0,test
2014003N08086,2014-01-06T12:00:00,E:\Cyclone-x-prototype\datas\HURSAT_NI\2014\2014003N08086\2014003N08086.ONE.2014.01.06.1200.74.MTS-2.024.hursat-b1.v06.nc,2014-01-06T12:00:00,0.0,0,Depression / Weak System,HURSAT-B1 IRWIN/rad10,1.0,0,test
2014003N08086,2014-01-06T15:00:00,E:\Cyclone-x-prototype\datas\HURSAT_NI\2014\2014003N08086\2014003N08086.ONE.2014.01.06.1500.29.MET-7.024.hursat-b1.v06.nc,2014-01-06T12:00:00,3.0,0,Depression / Weak System,HURSAT-B1 IRWIN/rad10,1.0,0,test
2014003N08086,2014-01-06T15:00:00,E:\Cyclone-x-prototype\datas\HURSAT_NI\2014\2014003N08086\2014003N08086.ONE.2014.01.06.1500.30.FY2-E.024.hursat-b1.v06.nc,2014-01-06T12:00:00,3.0,0,Depression / Weak System,HURSAT-B1 IRWIN/rad10,1.0,0,test
2014003N08086,2014-01-06T15:00:00,E:\Cyclone-x-prototype\datas\HURSAT_NI\2014\2014003N08086\2014003N08086.ONE.2014.01.06.1500.74.MTS-2.024.hursat-b1.v06.nc,2014-01-06T12:00:00,3.0,0,Depression / Weak System,HURSAT-B1 IRWIN/rad10,1.0,0,test
2014003N08086,2014-01-06T21:00:00,E:\Cyclone-x-prototype\datas\HURSAT_NI\2014\2014003N08086\2014003N08086.ONE.2014.01.06.2100.29.MET-7.024.hursat-b1.v06.nc,2014-01-07T00:00:00,3.0,0,Depression / Weak System,HURSAT-B1 IRWIN/rad10,1.0,0,test
2014003N08086,2014-01-06T21:00:00,E:\Cyclone-x-prototype\datas\HURSAT_NI\2014\2014003N08086\2014003N08086.ONE.2014.01.06.2100.30.FY2-E.024.hursat-b1.v06.nc,2014-01-07T00:00:00,3.0,0,Depression / Weak System,HURSAT-B1 IRWIN/rad10,1.0,0,test
2014003N08086,2014-01-06T21:00:00,E:\Cyclone-x-prototype\datas\HURSAT_NI\2014\2014003N08086\2014003N08086.ONE.2014.01.06.2100.74.MTS-2.024.hursat-b1.v06.nc,2014-01-07T00:00:00,3.0,0,Depression / Weak System,HURSAT-B1 IRWIN/rad10,1.0,0,test
2014003N08086,2014-01-07T00:00:00,E:\Cyclone-x-prototype\datas\HURSAT_NI\2014\2014003N08086\2014003N08086.ONE.2014.01.07.0000.28.MET-7.024.hursat-b1.v06.nc,2014-01-07T00:00:00,0.0,0,Depression / Weak System,HURSAT-B1 IRWIN/rad10,1.0,0,test
2014003N08086,2014-01-07T00:00:00,E:\Cyclone-x-prototype\datas\HURSAT_NI\2014\2014003N08086\2014003N08086.ONE.2014.01.07.0000.30.FY2-E.024.hursat-b1.v06.nc,2014-01-07T00:00:00,0.0,0,Depression / Weak System,HURSAT-B1 IRWIN/rad10,1.0,0,test
2014003N08086,2014-01-07T00:00:00,E:\Cyclone-x-prototype\datas\HURSAT_NI\2014\2014003N08086\2014003N08086.ONE.2014.01.07.0000.74.MTS-2.024.hursat-b1.v06.nc,2014-01-07T00:00:00,0.0,0,Depression / Weak System,HURSAT-B1 IRWIN/rad10,1.0,0,test
2014003N08086,2014-01-07T03:00:00,E:\Cyclone-x-prototype\datas\HURSAT_NI\2014\2014003N08086\2014003N08086.ONE.2014.01.07.0300.28.MET-7.023.hursat-b1.v06.nc,2014-01-07T00:00:00,3.0,0,Depression / Weak System,HURSAT-B1 IRWIN/rad10,1.0,0,test
2014003N08086,2014-01-07T03:00:00,E:\Cyclone-x-prototype\datas\HURSAT_NI\2014\2014003N08086\2014003N08086.ONE.2014.01.07.0300.30.FY2-E.023.hursat-b1.v06.nc,2014-01-07T00:00:00,3.0,0,Depression / Weak System,HURSAT-B1 IRWIN/rad10,1.0,0,test
2014003N08086,2014-01-07T03:00:00,E:\Cyclone-x-prototype\datas\HURSAT_NI\2014\2014003N08086\2014003N08086.ONE.2014.01.07.0300.74.MTS-2.023.hursat-b1.v06.nc,2014-01-07T00:00:00,3.0,0,Depression / Weak System,HURSAT-B1 IRWIN/rad10,1.0,0,test
2014141N16091,2014-05-21T06:00:00,E:\Cyclone-x-prototype\datas\HURSAT_NI\2014\2014141N16091\2014141N16091.MISSING.2014.05.21.0600.25.FY2-E.025.hursat-b1.v06.nc,2014-05-21T06:00:00,0.0,0,Depression / Weak System,HURSAT-B1 IRWIN/rad10,1.0,0,test
2014141N16091,2014-05-21T06:00:00,E:\Cyclone-x-prototype\datas\HURSAT_NI\2014\2014141N16091\2014141N16091.MISSING.2014.05.21.0600.43.MET-7.025.hursat-b1.v06.nc,2014-05-21T06:00:00,0.0,0,Depression / Weak System,HURSAT-B1 IRWIN/rad10,1.0,0,test
2014141N16091,2014-05-21T06:00:00,E:\Cyclone-x-prototype\datas\HURSAT_NI\2014\2014141N16091\2014141N16091.MISSING.2014.05.21.0600.64.MTS-2.025.hursat-b1.v06.nc,2014-05-21T06:00:00,0.0,0,Depression / Weak System,HURSAT-B1 IRWIN/rad10,1.0,0,test
2014141N16091,2014-05-21T09:00:00,E:\Cyclone-x-prototype\datas\HURSAT_NI\2014\2014141N16091\2014141N16091.MISSING.2014.05.21.0900.25.FY2-E.025.hursat-b1.v06.nc,2014-05-21T06:00:00,3.0,0,Depression / Weak System,HURSAT-B1 IRWIN/rad10,1.0,0,test
2014141N16091,2014-05-21T09:00:00,E:\Cyclone-x-prototype\datas\HURSAT_NI\2014\2014141N16091\2014141N16091.MISSING.2014.05.21.0900.43.MET-7.025.hursat-b1.v06.nc,2014-05-21T06:00:00,3.0,0,Depression / Weak System,HURSAT-B1 IRWIN/rad10,1.0,0,test
2014141N16091,2014-05-21T09:00:00,E:\Cyclone-x-prototype\datas\HURSAT_NI\2014\2014141N16091\2014141N16091.MISSING.2014.05.21.0900.64.MTS-2.025.hursat-b1.v06.nc,2014-05-21T06:00:00,3.0,0,Depression / Weak System,HURSAT-B1 IRWIN/rad10,1.0,0,test
2014141N16091,2014-05-21T12:00:00,E:\Cyclone-x-prototype\datas\HURSAT_NI\2014\2014141N16091\2014141N16091.MISSING.2014.05.21.1200.25.FY2-E.025.hursat-b1.v06.nc,2014-05-21T12:00:00,0.0,0,Depression / Weak System,HURSAT-B1 IRWIN/rad10,1.0,0,test
2014141N16091,2014-05-21T12:00:00,E:\Cyclone-x-prototype\datas\HURSAT_NI\2014\2014141N16091\2014141N16091.MISSING.2014.05.21.1200.43.MET-7.025.hursat-b1.v06.nc,2014-05-21T12:00:00,0.0,0,Depression / Weak System,HURSAT-B1 IRWIN/rad10,1.0,0,test
2014141N16091,2014-05-21T12:00:00,E:\Cyclone-x-prototype\datas\HURSAT_NI\2014\2014141N16091\2014141N16091.MISSING.2014.05.21.1200.64.MTS-2.025.hursat-b1.v06.nc,2014-05-21T12:00:00,0.0,0,Depression / Weak System,HURSAT-B1 IRWIN/rad10,1.0,0,test
2014141N16091,2014-05-21T15:00:00,E:\Cyclone-x-prototype\datas\HURSAT_NI\2014\2014141N16091\2014141N16091.MISSING.2014.05.21.1500.43.MET-7.025.hursat-b1.v06.nc,2014-05-21T12:00:00,3.0,0,Depression / Weak System,HURSAT-B1 IRWIN/rad10,1.0,0,test
2014141N16091,2014-05-21T15:00:00,E:\Cyclone-x-prototype\datas\HURSAT_NI\2014\2014141N16091\2014141N16091.MISSING.2014.05.21.1500.64.MTS-2.025.hursat-b1.v06.nc,2014-05-21T12:00:00,3.0,0,Depression / Weak System,HURSAT-B1 IRWIN/rad10,1.0,0,test
2014141N16091,2014-05-21T18:00:00,E:\Cyclone-x-prototype\datas\HURSAT_NI\2014\2014141N16091\2014141N16091.MISSING.2014.05.21.1800.43.MET-7.025.hursat-b1.v06.nc,2014-05-21T18:00:00,0.0,0,Depression / Weak System,HURSAT-B1 IRWIN/rad10,1.0,0,test
2014141N16091,2014-05-21T18:00:00,E:\Cyclone-x-prototype\datas\HURSAT_NI\2014\2014141N16091\2014141N16091.MISSING.2014.05.21.1800.64.MTS-2.025.hursat-b1.v06.nc,2014-05-21T18:00:00,0.0,0,Depression / Weak System,HURSAT-B1 IRWIN/rad10,1.0,0,test
2014141N16091,2014-05-21T21:00:00,E:\Cyclone-x-prototype\datas\HURSAT_NI\2014\2014141N16091\2014141N16091.MISSING.2014.05.21.2100.44.MET-7.025.hursat-b1.v06.nc,2014-05-21T18:00:00,3.0,0,Depression / Weak System,HURSAT-B1 IRWIN/rad10,1.0,0,test
2014141N16091,2014-05-21T21:00:00,E:\Cyclone-x-prototype\datas\HURSAT_NI\2014\2014141N16091\2014141N16091.MISSING.2014.05.21.2100.63.MTS-2.025.hursat-b1.v06.nc,2014-05-21T18:00:00,3.0,0,Depression / Weak System,HURSAT-B1 IRWIN/rad10,1.0,0,test
2014141N16091,2014-05-22T00:00:00,E:\Cyclone-x-prototype\datas\HURSAT_NI\2014\2014141N16091\2014141N16091.MISSING.2014.05.22.0000.24.FY2-E.025.hursat-b1.v06.nc,2014-05-22T00:00:00,0.0,0,Depression / Weak System,HURSAT-B1 IRWIN/rad10,1.0,0,test
2014141N16091,2014-05-22T00:00:00,E:\Cyclone-x-prototype\datas\HURSAT_NI\2014\2014141N16091\2014141N16091.MISSING.2014.05.22.0000.44.MET-7.025.hursat-b1.v06.nc,2014-05-22T00:00:00,0.0,0,Depression / Weak System,HURSAT-B1 IRWIN/rad10,1.0,0,test
2014141N16091,2014-05-22T00:00:00,E:\Cyclone-x-prototype\datas\HURSAT_NI\2014\2014141N16091\2014141N16091.MISSING.2014.05.22.0000.63.MTS-2.025.hursat-b1.v06.nc,2014-05-22T00:00:00,0.0,0,Depression / Weak System,HURSAT-B1 IRWIN/rad10,1.0,0,test
2014141N16091,2014-05-22T03:00:00,E:\Cyclone-x-prototype\datas\HURSAT_NI\2014\2014141N16091\2014141N16091.MISSING.2014.05.22.0300.24.FY2-E.025.hursat-b1.v06.nc,2014-05-22T03:00:00,0.0,0,Depression / Weak System,HURSAT-B1 IRWIN/rad10,1.0,0,test
2014141N16091,2014-05-22T03:00:00,E:\Cyclone-x-prototype\datas\HURSAT_NI\2014\2014141N16091\2014141N16091.MISSING.2014.05.22.0300.45.MET-7.025.hursat-b1.v06.nc,2014-05-22T03:00:00,0.0,0,Depression / Weak System,HURSAT-B1 IRWIN/rad10,1.0,0,test
2014141N16091,2014-05-22T03:00:00,E:\Cyclone-x-prototype\datas\HURSAT_NI\2014\2014141N16091\2014141N16091.MISSING.2014.05.22.0300.63.MTS-2.025.hursat-b1.v06.nc,2014-05-22T03:00:00,0.0,0,Depression / Weak System,HURSAT-B1 IRWIN/rad10,1.0,0,test
2014141N16091,2014-05-22T06:00:00,E:\Cyclone-x-prototype\datas\HURSAT_NI\2014\2014141N16091\2014141N16091.MISSING.2014.05.22.0600.24.FY2-E.025.hursat-b1.v06.nc,2014-05-22T06:00:00,0.0,0,Depression / Weak System,HURSAT-B1 IRWIN/rad10,1.0,0,test
2014141N16091,2014-05-22T06:00:00,E:\Cyclone-x-prototype\datas\HURSAT_NI\2014\2014141N16091\2014141N16091.MISSING.2014.05.22.0600.45.MET-7.025.hursat-b1.v06.nc,2014-05-22T06:00:00,0.0,0,Depression / Weak System,HURSAT-B1 IRWIN/rad10,1.0,0,test
2014141N16091,2014-05-22T06:00:00,E:\Cyclone-x-prototype\datas\HURSAT_NI\2014\2014141N16091\2014141N16091.MISSING.2014.05.22.0600.62.MTS-2.025.hursat-b1.v06.nc,2014-05-22T06:00:00,0.0,0,Depression / Weak System,HURSAT-B1 IRWIN/rad10,1.0,0,test
2014141N16091,2014-05-22T09:00:00,E:\Cyclone-x-prototype\datas\HURSAT_NI\2014\2014141N16091\2014141N16091.MISSING.2014.05.22.0900.25.FY2-E.025.hursat-b1.v06.nc,2014-05-22T06:00:00,3.0,0,Depression / Weak System,HURSAT-B1 IRWIN/rad10,1.0,0,test
2014141N16091,2014-05-22T09:00:00,E:\Cyclone-x-prototype\datas\HURSAT_NI\2014\2014141N16091\2014141N16091.MISSING.2014.05.22.0900.45.MET-7.025.hursat-b1.v06.nc,2014-05-22T06:00:00,3.0,0,Depression / Weak System,HURSAT-B1 IRWIN/rad10,1.0,0,test
2014141N16091,2014-05-22T09:00:00,E:\Cyclone-x-prototype\datas\HURSAT_NI\2014\2014141N16091\2014141N16091.MISSING.2014.05.22.0900.63.MTS-2.025.hursat-b1.v06.nc,2014-05-22T06:00:00,3.0,0,Depression / Weak System,HURSAT-B1 IRWIN/rad10,1.0,0,test
2014141N16091,2014-05-22T12:00:00,E:\Cyclone-x-prototype\datas\HURSAT_NI\2014\2014141N16091\2014141N16091.MISSING.2014.05.22.1200.25.FY2-E.025.hursat-b1.v06.nc,2014-05-22T12:00:00,0.0,0,Depression / Weak System,HURSAT-B1 IRWIN/rad10,1.0,0,test
2014141N16091,2014-05-22T12:00:00,E:\Cyclone-x-prototype\datas\HURSAT_NI\2014\2014141N16091\2014141N16091.MISSING.2014.05.22.1200.45.MET-7.025.hursat-b1.v06.nc,2014-05-22T12:00:00,0.0,0,Depression / Weak System,HURSAT-B1 IRWIN/rad10,1.0,0,test
2014141N16091,2014-05-22T12:00:00,E:\Cyclone-x-prototype\datas\HURSAT_NI\2014\2014141N16091\2014141N16091.MISSING.2014.05.22.1200.63.MTS-2.025.hursat-b1.v06.nc,2014-05-22T12:00:00,0.0,0,Depression / Weak System,HURSAT-B1 IRWIN/rad10,1.0,0,test
2014141N16091,2014-05-22T15:00:00,E:\Cyclone-x-prototype\datas\HURSAT_NI\2014\2014141N16091\2014141N16091.MISSING.2014.05.22.1500.45.MET-7.025.hursat-b1.v06.nc,2014-05-22T12:00:00,3.0,0,Depression / Weak System,HURSAT-B1 IRWIN/rad10,1.0,0,test
2014141N16091,2014-05-22T15:00:00,E:\Cyclone-x-prototype\datas\HURSAT_NI\2014\2014141N16091\2014141N16091.MISSING.2014.05.22.1500.63.MTS-2.025.hursat-b1.v06.nc,2014-05-22T12:00:00,3.0,0,Depression / Weak System,HURSAT-B1 IRWIN/rad10,1.0,0,test
2014141N16091,2014-05-22T18:00:00,E:\Cyclone-x-prototype\datas\HURSAT_NI\2014\2014141N16091\2014141N16091.MISSING.2014.05.22.1800.45.MET-7.025.hursat-b1.v06.nc,2014-05-22T18:00:00,0.0,0,Depression / Weak System,HURSAT-B1 IRWIN/rad10,1.0,0,test
2014141N16091,2014-05-22T18:00:00,E:\Cyclone-x-prototype\datas\HURSAT_NI\2014\2014141N16091\2014141N16091.MISSING.2014.05.22.1800.63.MTS-2.025.hursat-b1.v06.nc,2014-05-22T18:00:00,0.0,0,Depression / Weak System,HURSAT-B1 IRWIN/rad10,1.0,0,test
2014141N16091,2014-05-22T21:00:00,E:\Cyclone-x-prototype\datas\HURSAT_NI\2014\2014141N16091\2014141N16091.MISSING.2014.05.22.2100.44.MET-7.025.hursat-b1.v06.nc,2014-05-22T18:00:00,3.0,0,Depression / Weak System,HURSAT-B1 IRWIN/rad10,1.0,0,test
2014141N16091,2014-05-22T21:00:00,E:\Cyclone-x-prototype\datas\HURSAT_NI\2014\2014141N16091\2014141N16091.MISSING.2014.05.22.2100.63.MTS-2.025.hursat-b1.v06.nc,2014-05-22T18:00:00,3.0,0,Depression / Weak System,HURSAT-B1 IRWIN/rad10,1.0,0,test
2014141N16091,2014-05-23T00:00:00,E:\Cyclone-x-prototype\datas\HURSAT_NI\2014\2014141N16091\2014141N16091.MISSING.2014.05.23.0000.25.FY2-E.025.hursat-b1.v06.nc,2014-05-23T00:00:00,0.0,0,Depression / Weak System,HURSAT-B1 IRWIN/rad10,1.0,0,test
2014141N16091,2014-05-23T00:00:00,E:\Cyclone-x-prototype\datas\HURSAT_NI\2014\2014141N16091\2014141N16091.MISSING.2014.05.23.0000.44.MET-7.025.hursat-b1.v06.nc,2014-05-23T00:00:00,0.0,0,Depression / Weak System,HURSAT-B1 IRWIN/rad10,1.0,0,test
2014141N16091,2014-05-23T00:00:00,E:\Cyclone-x-prototype\datas\HURSAT_NI\2014\2014141N16091\2014141N16091.MISSING.2014.05.23.0000.64.MTS-2.025.hursat-b1.v06.nc,2014-05-23T00:00:00,0.0,0,Depression / Weak System,HURSAT-B1 IRWIN/rad10,1.0,0,test
2014159N12068,2014-06-10T06:00:00,E:\Cyclone-x-prototype\datas\HURSAT_NI\2014\2014159N12068\2014159N12068.NANAUK.2014.06.10.0600.23.MET-7.035.hursat-b1.v06.nc,2014-06-10T09:00:00,3.0,0,Depression / Weak System,HURSAT-B1 IRWIN/rad10,1.0,0,test
2014159N12068,2014-06-10T06:00:00,E:\Cyclone-x-prototype\datas\HURSAT_NI\2014\2014159N12068\2014159N12068.NANAUK.2014.06.10.0600.45.FY2-E.035.hursat-b1.v06.nc,2014-06-10T09:00:00,3.0,0,Depression / Weak System,HURSAT-B1 IRWIN/rad10,1.0,0,test
2014159N12068,2014-06-10T06:00:00,E:\Cyclone-x-prototype\datas\HURSAT_NI\2014\2014159N12068\2014159N12068.NANAUK.2014.06.10.0600.79.MSG-3.035.hursat-b1.v06.nc,2014-06-10T09:00:00,3.0,0,Depression / Weak System,HURSAT-B1 IRWIN/rad10,1.0,0,test
2014159N12068,2014-06-10T09:00:00,E:\Cyclone-x-prototype\datas\HURSAT_NI\2014\2014159N12068\2014159N12068.NANAUK.2014.06.10.0900.23.MET-7.034.hursat-b1.v06.nc,2014-06-10T09:00:00,0.0,0,Depression / Weak System,HURSAT-B1 IRWIN/rad10,1.0,0,test
2014159N12068,2014-06-10T09:00:00,E:\Cyclone-x-prototype\datas\HURSAT_NI\2014\2014159N12068\2014159N12068.NANAUK.2014.06.10.0900.45.FY2-E.034.hursat-b1.v06.nc,2014-06-10T09:00:00,0.0,0,Depression / Weak System,HURSAT-B1 IRWIN/rad10,1.0,0,test
2014159N12068,2014-06-10T09:00:00,E:\Cyclone-x-prototype\datas\HURSAT_NI\2014\2014159N12068\2014159N12068.NANAUK.2014.06.10.0900.79.MSG-3.034.hursat-b1.v06.nc,2014-06-10T09:00:00,0.0,0,Depression / Weak System,HURSAT-B1 IRWIN/rad10,1.0,0,test
2014159N12068,2014-06-10T12:00:00,E:\Cyclone-x-prototype\datas\HURSAT_NI\2014\2014159N12068\2014159N12068.NANAUK.2014.06.10.1200.23.MET-7.032.hursat-b1.v06.nc,2014-06-10T12:00:00,0.0,0,Depression / Weak System,HURSAT-B1 IRWIN/rad10,1.0,0,test
2014159N12068,2014-06-10T12:00:00,E:\Cyclone-x-prototype\datas\HURSAT_NI\2014\2014159N12068\2014159N12068.NANAUK.2014.06.10.1200.78.MSG-3.032.hursat-b1.v06.nc,2014-06-10T12:00:00,0.0,0,Depression / Weak System,HURSAT-B1 IRWIN/rad10,1.0,0,test
2014159N12068,2014-06-10T15:00:00,E:\Cyclone-x-prototype\datas\HURSAT_NI\2014\2014159N12068\2014159N12068.NANAUK.2014.06.10.1500.23.MET-7.035.hursat-b1.v06.nc,2014-06-10T12:00:00,3.0,0,Depression / Weak System,HURSAT-B1 IRWIN/rad10,1.0,0,test
2014159N12068,2014-06-10T15:00:00,E:\Cyclone-x-prototype\datas\HURSAT_NI\2014\2014159N12068\2014159N12068.NANAUK.2014.06.10.1500.78.MSG-3.035.hursat-b1.v06.nc,2014-06-10T12:00:00,3.0,0,Depression / Weak System,HURSAT-B1 IRWIN/rad10,1.0,0,test
2014159N12068,2014-06-10T18:00:00,E:\Cyclone-x-prototype\datas\HURSAT_NI\2014\2014159N12068\2014159N12068.NANAUK.2014.06.10.1800.23.MET-7.037.hursat-b1.v06.nc,2014-06-10T18:00:00,0.0,0,Depression / Weak System,HURSAT-B1 IRWIN/rad10,1.0,0,test
2014159N12068,2014-06-10T18:00:00,E:\Cyclone-x-prototype\datas\HURSAT_NI\2014\2014159N12068\2014159N12068.NANAUK.2014.06.10.1800.78.MSG-3.037.hursat-b1.v06.nc,2014-06-10T18:00:00,0.0,0,Depression / Weak System,HURSAT-B1 IRWIN/rad10,1.0,0,test
2014159N12068,2014-06-10T21:00:00,E:\Cyclone-x-prototype\datas\HURSAT_NI\2014\2014159N12068\2014159N12068.NANAUK.2014.06.10.2100.23.MET-7.039.hursat-b1.v06.nc,2014-06-10T18:00:00,3.0,0,Depression / Weak System,HURSAT-B1 IRWIN/rad10,1.0,0,test
2014159N12068,2014-06-10T21:00:00,E:\Cyclone-x-prototype\datas\HURSAT_NI\2014\2014159N12068\2014159N12068.NANAUK.2014.06.10.2100.46.FY2-E.039.hursat-b1.v06.nc,2014-06-10T18:00:00,3.0,0,Depression / Weak System,HURSAT-B1 IRWIN/rad10,1.0,0,test
2014159N12068,2014-06-10T21:00:00,E:\Cyclone-x-prototype\datas\HURSAT_NI\2014\2014159N12068\2014159N12068.NANAUK.2014.06.10.2100.78.MSG-3.039.hursat-b1.v06.nc,2014-06-10T18:00:00,3.0,0,Depression / Weak System,HURSAT-B1 IRWIN/rad10,1.0,0,test
2014159N12068,2014-06-11T00:00:00,E:\Cyclone-x-prototype\datas\HURSAT_NI\2014\2014159N12068\2014159N12068.NANAUK.2014.06.11.0000.23.MET-7.042.hursat-b1.v06.nc,2014-06-11T00:00:00,0.0,1,Cyclonic Storm,HURSAT-B1 IRWIN/rad10,1.0,0,test
2014159N12068,2014-06-11T00:00:00,E:\Cyclone-x-prototype\datas\HURSAT_NI\2014\2014159N12068\2014159N12068.NANAUK.2014.06.11.0000.47.FY2-E.042.hursat-b1.v06.nc,2014-06-11T00:00:00,0.0,1,Cyclonic Storm,HURSAT-B1 IRWIN/rad10,1.0,0,test
2014159N12068,2014-06-11T00:00:00,E:\Cyclone-x-prototype\datas\HURSAT_NI\2014\2014159N12068\2014159N12068.NANAUK.2014.06.11.0000.77.MSG-3.042.hursat-b1.v06.nc,2014-06-11T00:00:00,0.0,1,Cyclonic Storm,HURSAT-B1 IRWIN/rad10,1.0,0,test
2014159N12068,2014-06-11T03:00:00,E:\Cyclone-x-prototype\datas\HURSAT_NI\2014\2014159N12068\2014159N12068.NANAUK.2014.06.11.0300.23.MET-7.044.hursat-b1.v06.nc,2014-06-11T03:00:00,0.0,1,Cyclonic Storm,HURSAT-B1 IRWIN/rad10,1.0,0,test
2014159N12068,2014-06-11T03:00:00,E:\Cyclone-x-prototype\datas\HURSAT_NI\2014\2014159N12068\2014159N12068.NANAUK.2014.06.11.0300.47.FY2-E.044.hursat-b1.v06.nc,2014-06-11T03:00:00,0.0,1,Cyclonic Storm,HURSAT-B1 IRWIN/rad10,1.0,0,test
2014159N12068,2014-06-11T03:00:00,E:\Cyclone-x-prototype\datas\HURSAT_NI\2014\2014159N12068\2014159N12068.NANAUK.2014.06.11.0300.77.MSG-3.044.hursat-b1.v06.nc,2014-06-11T03:00:00,0.0,1,Cyclonic Storm,HURSAT-B1 IRWIN/rad10,1.0,0,test
2014159N12068,2014-06-11T06:00:00,E:\Cyclone-x-prototype\datas\HURSAT_NI\2014\2014159N12068\2014159N12068.NANAUK.2014.06.11.0600.23.MET-7.047.hursat-b1.v06.nc,2014-06-11T06:00:00,0.0,1,Cyclonic Storm,HURSAT-B1 IRWIN/rad10,1.0,0,test
2014159N12068,2014-06-11T06:00:00,E:\Cyclone-x-prototype\datas\HURSAT_NI\2014\2014159N12068\2014159N12068.NANAUK.2014.06.11.0600.47.FY2-E.047.hursat-b1.v06.nc,2014-06-11T06:00:00,0.0,1,Cyclonic Storm,HURSAT-B1 IRWIN/rad10,1.0,0,test
2014159N12068,2014-06-11T06:00:00,E:\Cyclone-x-prototype\datas\HURSAT_NI\2014\2014159N12068\2014159N12068.NANAUK.2014.06.11.0600.77.MSG-3.047.hursat-b1.v06.nc,2014-06-11T06:00:00,0.0,1,Cyclonic Storm,HURSAT-B1 IRWIN/rad10,1.0,0,test
2014159N12068,2014-06-11T09:00:00,E:\Cyclone-x-prototype\datas\HURSAT_NI\2014\2014159N12068\2014159N12068.NANAUK.2014.06.11.0900.23.MET-7.047.hursat-b1.v06.nc,2014-06-11T09:00:00,0.0,1,Cyclonic Storm,HURSAT-B1 IRWIN/rad10,1.0,0,test
2014159N12068,2014-06-11T09:00:00,E:\Cyclone-x-prototype\datas\HURSAT_NI\2014\2014159N12068\2014159N12068.NANAUK.2014.06.11.0900.48.FY2-E.047.hursat-b1.v06.nc,2014-06-11T09:00:00,0.0,1,Cyclonic Storm,HURSAT-B1 IRWIN/rad10,1.0,0,test
2014159N12068,2014-06-11T09:00:00,E:\Cyclone-x-prototype\datas\HURSAT_NI\2014\2014159N12068\2014159N12068.NANAUK.2014.06.11.0900.77.MSG-3.047.hursat-b1.v06.nc,2014-06-11T09:00:00,0.0,1,Cyclonic Storm,HURSAT-B1 IRWIN/rad10,1.0,0,test
2014159N12068,2014-06-11T12:00:00,E:\Cyclone-x-prototype\datas\HURSAT_NI\2014\2014159N12068\2014159N12068.NANAUK.2014.06.11.1200.23.MET-7.047.hursat-b1.v06.nc,2014-06-11T12:00:00,0.0,1,Cyclonic Storm,HURSAT-B1 IRWIN/rad10,1.0,0,test
2014159N12068,2014-06-11T12:00:00,E:\Cyclone-x-prototype\datas\HURSAT_NI\2014\2014159N12068\2014159N12068.NANAUK.2014.06.11.1200.76.MSG-3.047.hursat-b1.v06.nc,2014-06-11T12:00:00,0.0,1,Cyclonic Storm,HURSAT-B1 IRWIN/rad10,0.9374910891056061,0,test
2014159N12068,2014-06-11T15:00:00,E:\Cyclone-x-prototype\datas\HURSAT_NI\2014\2014159N12068\2014159N12068.NANAUK.2014.06.11.1500.23.MET-7.047.hursat-b1.v06.nc,2014-06-11T15:00:00,0.0,1,Cyclonic Storm,HURSAT-B1 IRWIN/rad10,1.0,0,test
2014159N12068,2014-06-11T15:00:00,E:\Cyclone-x-prototype\datas\HURSAT_NI\2014\2014159N12068\2014159N12068.NANAUK.2014.06.11.1500.76.MSG-3.047.hursat-b1.v06.nc,2014-06-11T15:00:00,0.0,1,Cyclonic Storm,HURSAT-B1 IRWIN/rad10,1.0,0,test
2014159N12068,2014-06-11T18:00:00,E:\Cyclone-x-prototype\datas\HURSAT_NI\2014\2014159N12068\2014159N12068.NANAUK.2014.06.11.1800.23.MET-7.047.hursat-b1.v06.nc,2014-06-11T18:00:00,0.0,1,Cyclonic Storm,HURSAT-B1 IRWIN/rad10,1.0,0,test
2014159N12068,2014-06-11T18:00:00,E:\Cyclone-x-prototype\datas\HURSAT_NI\2014\2014159N12068\2014159N12068.NANAUK.2014.06.11.1800.76.MSG-3.047.hursat-b1.v06.nc,2014-06-11T18:00:00,0.0,1,Cyclonic Storm,HURSAT-B1 IRWIN/rad10,1.0,0,test
2014159N12068,2014-06-11T21:00:00,E:\Cyclone-x-prototype\datas\HURSAT_NI\2014\2014159N12068\2014159N12068.NANAUK.2014.06.11.2100.23.MET-7.047.hursat-b1.v06.nc,2014-06-11T21:00:00,0.0,1,Cyclonic Storm,HURSAT-B1 IRWIN/rad10,1.0,0,test
2014159N12068,2014-06-11T21:00:00,E:\Cyclone-x-prototype\datas\HURSAT_NI\2014\2014159N12068\2014159N12068.NANAUK.2014.06.11.2100.49.FY2-E.047.hursat-b1.v06.nc,2014-06-11T21:00:00,0.0,1,Cyclonic Storm,HURSAT-B1 IRWIN/rad10,1.0,0,test
2014159N12068,2014-06-11T21:00:00,E:\Cyclone-x-prototype\datas\HURSAT_NI\2014\2014159N12068\2014159N12068.NANAUK.2014.06.11.2100.76.MSG-3.047.hursat-b1.v06.nc,2014-06-11T21:00:00,0.0,1,Cyclonic Storm,HURSAT-B1 IRWIN/rad10,1.0,0,test
2014159N12068,2014-06-12T00:00:00,E:\Cyclone-x-prototype\datas\HURSAT_NI\2014\2014159N12068\2014159N12068.NANAUK.2014.06.12.0000.23.MET-7.047.hursat-b1.v06.nc,2014-06-12T00:00:00,0.0,1,Cyclonic Storm,HURSAT-B1 IRWIN/rad10,1.0,0,test
2014159N12068,2014-06-12T00:00:00,E:\Cyclone-x-prototype\datas\HURSAT_NI\2014\2014159N12068\2014159N12068.NANAUK.2014.06.12.0000.49.FY2-E.047.hursat-b1.v06.nc,2014-06-12T00:00:00,0.0,1,Cyclonic Storm,HURSAT-B1 IRWIN/rad10,1.0,0,test
2014159N12068,2014-06-12T00:00:00,E:\Cyclone-x-prototype\datas\HURSAT_NI\2014\2014159N12068\2014159N12068.NANAUK.2014.06.12.0000.76.MSG-3.047.hursat-b1.v06.nc,2014-06-12T00:00:00,0.0,1,Cyclonic Storm,HURSAT-B1 IRWIN/rad10,1.0,0,test
2014159N12068,2014-06-12T03:00:00,E:\Cyclone-x-prototype\datas\HURSAT_NI\2014\2014159N12068\2014159N12068.NANAUK.2014.06.12.0300.23.MET-7.045.hursat-b1.v06.nc,2014-06-12T03:00:00,0.0,1,Cyclonic Storm,HURSAT-B1 IRWIN/rad10,1.0,0,test
2014159N12068,2014-06-12T03:00:00,E:\Cyclone-x-prototype\datas\HURSAT_NI\2014\2014159N12068\2014159N12068.NANAUK.2014.06.12.0300.49.FY2-E.045.hursat-b1.v06.nc,2014-06-12T03:00:00,0.0,1,Cyclonic Storm,HURSAT-B1 IRWIN/rad10,1.0,0,test
2014159N12068,2014-06-12T03:00:00,E:\Cyclone-x-prototype\datas\HURSAT_NI\2014\2014159N12068\2014159N12068.NANAUK.2014.06.12.0300.75.MSG-3.045.hursat-b1.v06.nc,2014-06-12T03:00:00,0.0,1,Cyclonic Storm,HURSAT-B1 IRWIN/rad10,1.0,0,test
2014159N12068,2014-06-12T06:00:00,E:\Cyclone-x-prototype\datas\HURSAT_NI\2014\2014159N12068\2014159N12068.NANAUK.2014.06.12.0600.23.MET-7.042.hursat-b1.v06.nc,2014-06-12T06:00:00,0.0,1,Cyclonic Storm,HURSAT-B1 IRWIN/rad10,1.0,0,test
2014159N12068,2014-06-12T06:00:00,E:\Cyclone-x-prototype\datas\HURSAT_NI\2014\2014159N12068\2014159N12068.NANAUK.2014.06.12.0600.50.FY2-E.042.hursat-b1.v06.nc,2014-06-12T06:00:00,0.0,1,Cyclonic Storm,HURSAT-B1 IRWIN/rad10,1.0,0,test
2014159N12068,2014-06-12T06:00:00,E:\Cyclone-x-prototype\datas\HURSAT_NI\2014\2014159N12068\2014159N12068.NANAUK.2014.06.12.0600.75.MSG-3.042.hursat-b1.v06.nc,2014-06-12T06:00:00,0.0,1,Cyclonic Storm,HURSAT-B1 IRWIN/rad10,1.0,0,test
2014159N12068,2014-06-12T09:00:00,E:\Cyclone-x-prototype\datas\HURSAT_NI\2014\2014159N12068\2014159N12068.NANAUK.2014.06.12.0900.23.MET-7.041.hursat-b1.v06.nc,2014-06-12T09:00:00,0.0,1,Cyclonic Storm,HURSAT-B1 IRWIN/rad10,1.0,0,test
2014159N12068,2014-06-12T09:00:00,E:\Cyclone-x-prototype\datas\HURSAT_NI\2014\2014159N12068\2014159N12068.NANAUK.2014.06.12.0900.50.FY2-E.041.hursat-b1.v06.nc,2014-06-12T09:00:00,0.0,1,Cyclonic Storm,HURSAT-B1 IRWIN/rad10,1.0,0,test
2014159N12068,2014-06-12T09:00:00,E:\Cyclone-x-prototype\datas\HURSAT_NI\2014\2014159N12068\2014159N12068.NANAUK.2014.06.12.0900.75.MSG-3.041.hursat-b1.v06.nc,2014-06-12T09:00:00,0.0,1,Cyclonic Storm,HURSAT-B1 IRWIN/rad10,0.9844580094019573,0,test
2014159N12068,2014-06-12T12:00:00,E:\Cyclone-x-prototype\datas\HURSAT_NI\2014\2014159N12068\2014159N12068.NANAUK.2014.06.12.1200.23.MET-7.040.hursat-b1.v06.nc,2014-06-12T12:00:00,0.0,1,Cyclonic Storm,HURSAT-B1 IRWIN/rad10,1.0,0,test
2014159N12068,2014-06-12T12:00:00,E:\Cyclone-x-prototype\datas\HURSAT_NI\2014\2014159N12068\2014159N12068.NANAUK.2014.06.12.1200.75.MSG-3.040.hursat-b1.v06.nc,2014-06-12T12:00:00,0.0,1,Cyclonic Storm,HURSAT-B1 IRWIN/rad10,1.0,0,test
2014159N12068,2014-06-12T15:00:00,E:\Cyclone-x-prototype\datas\HURSAT_NI\2014\2014159N12068\2014159N12068.NANAUK.2014.06.12.1500.23.MET-7.039.hursat-b1.v06.nc,2014-06-12T15:00:00,0.0,1,Cyclonic Storm,HURSAT-B1 IRWIN/rad10,1.0,0,test
2014159N12068,2014-06-12T15:00:00,E:\Cyclone-x-prototype\datas\HURSAT_NI\2014\2014159N12068\2014159N12068.NANAUK.2014.06.12.1500.74.MSG-3.039.hursat-b1.v06.nc,2014-06-12T15:00:00,0.0,1,Cyclonic Storm,HURSAT-B1 IRWIN/rad10,1.0,0,test
2014159N12068,2014-06-12T18:00:00,E:\Cyclone-x-prototype\datas\HURSAT_NI\2014\2014159N12068\2014159N12068.NANAUK.2014.06.12.1800.24.MET-7.038.hursat-b1.v06.nc,2014-06-12T18:00:00,0.0,1,Cyclonic Storm,HURSAT-B1 IRWIN/rad10,1.0,0,test
2014159N12068,2014-06-12T18:00:00,E:\Cyclone-x-prototype\datas\HURSAT_NI\2014\2014159N12068\2014159N12068.NANAUK.2014.06.12.1800.74.MSG-3.038.hursat-b1.v06.nc,2014-06-12T18:00:00,0.0,1,Cyclonic Storm,HURSAT-B1 IRWIN/rad10,1.0,0,test
2014159N12068,2014-06-12T21:00:00,E:\Cyclone-x-prototype\datas\HURSAT_NI\2014\2014159N12068\2014159N12068.NANAUK.2014.06.12.2100.25.MET-7.030.hursat-b1.v06.nc,2014-06-12T21:00:00,0.0,1,Cyclonic Storm,HURSAT-B1 IRWIN/rad10,1.0,0,test
2014159N12068,2014-06-12T21:00:00,E:\Cyclone-x-prototype\datas\HURSAT_NI\2014\2014159N12068\2014159N12068.NANAUK.2014.06.12.2100.51.FY2-E.030.hursat-b1.v06.nc,2014-06-12T21:00:00,0.0,1,Cyclonic Storm,HURSAT-B1 IRWIN/rad10,1.0,0,test
2014159N12068,2014-06-12T21:00:00,E:\Cyclone-x-prototype\datas\HURSAT_NI\2014\2014159N12068\2014159N12068.NANAUK.2014.06.12.2100.75.MSG-3.030.hursat-b1.v06.nc,2014-06-12T21:00:00,0.0,1,Cyclonic Storm,HURSAT-B1 IRWIN/rad10,0.9893828928470612,0,test
2014159N12068,2014-06-13T00:00:00,E:\Cyclone-x-prototype\datas\HURSAT_NI\2014\2014159N12068\2014159N12068.NANAUK.2014.06.13.0000.26.MET-7.022.hursat-b1.v06.nc,2014-06-13T00:00:00,0.0,1,Cyclonic Storm,HURSAT-B1 IRWIN/rad10,1.0,0,test
2014159N12068,2014-06-13T00:00:00,E:\Cyclone-x-prototype\datas\HURSAT_NI\2014\2014159N12068\2014159N12068.NANAUK.2014.06.13.0000.51.FY2-E.022.hursat-b1.v06.nc,2014-06-13T00:00:00,0.0,1,Cyclonic Storm,HURSAT-B1 IRWIN/rad10,1.0,0,test
2014159N12068,2014-06-13T00:00:00,E:\Cyclone-x-prototype\datas\HURSAT_NI\2014\2014159N12068\2014159N12068.NANAUK.2014.06.13.0000.75.MSG-3.022.hursat-b1.v06.nc,2014-06-13T00:00:00,0.0,1,Cyclonic Storm,HURSAT-B1 IRWIN/rad10,1.0,0,test
2014159N12068,2014-06-13T03:00:00,E:\Cyclone-x-prototype\datas\HURSAT_NI\2014\2014159N12068\2014159N12068.NANAUK.2014.06.13.0300.26.MET-7.020.hursat-b1.v06.nc,2014-06-13T03:00:00,0.0,1,Cyclonic Storm,HURSAT-B1 IRWIN/rad10,1.0,0,test
2014159N12068,2014-06-13T03:00:00,E:\Cyclone-x-prototype\datas\HURSAT_NI\2014\2014159N12068\2014159N12068.NANAUK.2014.06.13.0300.51.FY2-E.020.hursat-b1.v06.nc,2014-06-13T03:00:00,0.0,1,Cyclonic Storm,HURSAT-B1 IRWIN/rad10,1.0,0,test
2014159N12068,2014-06-13T03:00:00,E:\Cyclone-x-prototype\datas\HURSAT_NI\2014\2014159N12068\2014159N12068.NANAUK.2014.06.13.0300.75.MSG-3.020.hursat-b1.v06.nc,2014-06-13T03:00:00,0.0,1,Cyclonic Storm,HURSAT-B1 IRWIN/rad10,1.0,0,test
2014159N12068,2014-06-13T06:00:00,E:\Cyclone-x-prototype\datas\HURSAT_NI\2014\2014159N12068\2014159N12068.NANAUK.2014.06.13.0600.26.MET-7.018.hursat-b1.v06.nc,2014-06-13T06:00:00,0.0,1,Cyclonic Storm,HURSAT-B1 IRWIN/rad10,1.0,0,test
2014159N12068,2014-06-13T06:00:00,E:\Cyclone-x-prototype\datas\HURSAT_NI\2014\2014159N12068\2014159N12068.NANAUK.2014.06.13.0600.52.FY2-E.018.hursat-b1.v06.nc,2014-06-13T06:00:00,0.0,1,Cyclonic Storm,HURSAT-B1 IRWIN/rad10,1.0,0,test
2014159N12068,2014-06-13T06:00:00,E:\Cyclone-x-prototype\datas\HURSAT_NI\2014\2014159N12068\2014159N12068.NANAUK.2014.06.13.0600.75.MSG-3.018.hursat-b1.v06.nc,2014-06-13T06:00:00,0.0,1,Cyclonic Storm,HURSAT-B1 IRWIN/rad10,1.0,0,test
2014159N12068,2014-06-13T09:00:00,E:\Cyclone-x-prototype\datas\HURSAT_NI\2014\2014159N12068\2014159N12068.NANAUK.2014.06.13.0900.26.MET-7.018.hursat-b1.v06.nc,2014-06-13T09:00:00,0.0,0,Depression / Weak System,HURSAT-B1 IRWIN/rad10,1.0,0,test
2014159N12068,2014-06-13T09:00:00,E:\Cyclone-x-prototype\datas\HURSAT_NI\2014\2014159N12068\2014159N12068.NANAUK.2014.06.13.0900.52.FY2-E.018.hursat-b1.v06.nc,2014-06-13T09:00:00,0.0,0,Depression / Weak System,HURSAT-B1 IRWIN/rad10,1.0,0,test
2014159N12068,2014-06-13T09:00:00,E:\Cyclone-x-prototype\datas\HURSAT_NI\2014\2014159N12068\2014159N12068.NANAUK.2014.06.13.0900.75.MSG-3.018.hursat-b1.v06.nc,2014-06-13T09:00:00,0.0,0,Depression / Weak System,HURSAT-B1 IRWIN/rad10,1.0,0,test
2014159N12068,2014-06-13T12:00:00,E:\Cyclone-x-prototype\datas\HURSAT_NI\2014\2014159N12068\2014159N12068.NANAUK.2014.06.13.1200.26.MET-7.018.hursat-b1.v06.nc,2014-06-13T12:00:00,0.0,0,Depression / Weak System,HURSAT-B1 IRWIN/rad10,1.0,0,test
2014159N12068,2014-06-13T12:00:00,E:\Cyclone-x-prototype\datas\HURSAT_NI\2014\2014159N12068\2014159N12068.NANAUK.2014.06.13.1200.75.MSG-3.018.hursat-b1.v06.nc,2014-06-13T12:00:00,0.0,0,Depression / Weak System,HURSAT-B1 IRWIN/rad10,1.0,0,test
2014159N12068,2014-06-13T15:00:00,E:\Cyclone-x-prototype\datas\HURSAT_NI\2014\2014159N12068\2014159N12068.NANAUK.2014.06.13.1500.27.MET-7.018.hursat-b1.v06.nc,2014-06-13T12:00:00,3.0,0,Depression / Weak System,HURSAT-B1 IRWIN/rad10,1.0,0,test
2014159N12068,2014-06-13T15:00:00,E:\Cyclone-x-prototype\datas\HURSAT_NI\2014\2014159N12068\2014159N12068.NANAUK.2014.06.13.1500.75.MSG-3.018.hursat-b1.v06.nc,2014-06-13T12:00:00,3.0,0,Depression / Weak System,HURSAT-B1 IRWIN/rad10,0.959390530983607,0,test
2014159N12068,2014-06-13T18:00:00,E:\Cyclone-x-prototype\datas\HURSAT_NI\2014\2014159N12068\2014159N12068.NANAUK.2014.06.13.1800.27.MET-7.018.hursat-b1.v06.nc,2014-06-13T18:00:00,0.0,0,Depression / Weak System,HURSAT-B1 IRWIN/rad10,1.0,0,test
2014159N12068,2014-06-13T18:00:00,E:\Cyclone-x-prototype\datas\HURSAT_NI\2014\2014159N12068\2014159N12068.NANAUK.2014.06.13.1800.75.MSG-3.018.hursat-b1.v06.nc,2014-06-13T18:00:00,0.0,0,Depression / Weak System,HURSAT-B1 IRWIN/rad10,0.9823842147986095,0,test
2014159N12068,2014-06-13T21:00:00,E:\Cyclone-x-prototype\datas\HURSAT_NI\2014\2014159N12068\2014159N12068.NANAUK.2014.06.13.2100.27.MET-7.018.hursat-b1.v06.nc,2014-06-13T18:00:00,3.0,0,Depression / Weak System,HURSAT-B1 IRWIN/rad10,1.0,0,test
2014159N12068,2014-06-13T21:00:00,E:\Cyclone-x-prototype\datas\HURSAT_NI\2014\2014159N12068\2014159N12068.NANAUK.2014.06.13.2100.52.FY2-E.018.hursat-b1.v06.nc,2014-06-13T18:00:00,3.0,0,Depression / Weak System,HURSAT-B1 IRWIN/rad10,1.0,0,test
2014159N12068,2014-06-13T21:00:00,E:\Cyclone-x-prototype\datas\HURSAT_NI\2014\2014159N12068\2014159N12068.NANAUK.2014.06.13.2100.75.MSG-3.018.hursat-b1.v06.nc,2014-06-13T18:00:00,3.0,0,Depression / Weak System,HURSAT-B1 IRWIN/rad10,1.0,0,test
2014159N12068,2014-06-14T00:00:00,E:\Cyclone-x-prototype\datas\HURSAT_NI\2014\2014159N12068\2014159N12068.NANAUK.2014.06.14.0000.27.MET-7.018.hursat-b1.v06.nc,2014-06-14T00:00:00,0.0,0,Depression / Weak System,HURSAT-B1 IRWIN/rad10,1.0,0,test
2014159N12068,2014-06-14T00:00:00,E:\Cyclone-x-prototype\datas\HURSAT_NI\2014\2014159N12068\2014159N12068.NANAUK.2014.06.14.0000.51.FY2-E.018.hursat-b1.v06.nc,2014-06-14T00:00:00,0.0,0,Depression / Weak System,HURSAT-B1 IRWIN/rad10,1.0,0,test
2014159N12068,2014-06-14T00:00:00,E:\Cyclone-x-prototype\datas\HURSAT_NI\2014\2014159N12068\2014159N12068.NANAUK.2014.06.14.0000.75.MSG-3.018.hursat-b1.v06.nc,2014-06-14T00:00:00,0.0,0,Depression / Weak System,HURSAT-B1 IRWIN/rad10,1.0,0,test
2014159N12068,2014-06-14T03:00:00,E:\Cyclone-x-prototype\datas\HURSAT_NI\2014\2014159N12068\2014159N12068.NANAUK.2014.06.14.0300.27.MET-7.015.hursat-b1.v06.nc,2014-06-14T00:00:00,3.0,0,Depression / Weak System,HURSAT-B1 IRWIN/rad10,1.0,0,test
2014159N12068,2014-06-14T03:00:00,E:\Cyclone-x-prototype\datas\HURSAT_NI\2014\2014159N12068\2014159N12068.NANAUK.2014.06.14.0300.51.FY2-E.015.hursat-b1.v06.nc,2014-06-14T00:00:00,3.0,0,Depression / Weak System,HURSAT-B1 IRWIN/rad10,1.0,0,test
2014159N12068,2014-06-14T03:00:00,E:\Cyclone-x-prototype\datas\HURSAT_NI\2014\2014159N12068\2014159N12068.NANAUK.2014.06.14.0300.76.MSG-3.015.hursat-b1.v06.nc,2014-06-14T00:00:00,3.0,0,Depression / Weak System,HURSAT-B1 IRWIN/rad10,1.0,0,test
2014279N11096,2014-10-07T00:00:00,E:\Cyclone-x-prototype\datas\HURSAT_NI\2014\2014279N11096\2014279N11096.HUD_HUD.2014.10.07.0000.17.FY2-E.022.hursat-b1.v06.nc,2014-10-07T03:00:00,3.0,0,Depression / Weak System,HURSAT-B1 IRWIN/rad10,1.0,0,train
2014279N11096,2014-10-07T00:00:00,E:\Cyclone-x-prototype\datas\HURSAT_NI\2014\2014279N11096\2014279N11096.HUD_HUD.2014.10.07.0000.46.MET-7.022.hursat-b1.v06.nc,2014-10-07T03:00:00,3.0,0,Depression / Weak System,HURSAT-B1 IRWIN/rad10,1.0,0,train
2014279N11096,2014-10-07T00:00:00,E:\Cyclone-x-prototype\datas\HURSAT_NI\2014\2014279N11096\2014279N11096.HUD_HUD.2014.10.07.0000.58.MTS-2.022.hursat-b1.v06.nc,2014-10-07T03:00:00,3.0,0,Depression / Weak System,HURSAT-B1 IRWIN/rad10,1.0,0,train
2014279N11096,2014-10-07T03:00:00,E:\Cyclone-x-prototype\datas\HURSAT_NI\2014\2014279N11096\2014279N11096.HUD_HUD.2014.10.07.0300.17.FY2-E.023.hursat-b1.v06.nc,2014-10-07T03:00:00,0.0,0,Depression / Weak System,HURSAT-B1 IRWIN/rad10,1.0,0,train
2014279N11096,2014-10-07T03:00:00,E:\Cyclone-x-prototype\datas\HURSAT_NI\2014\2014279N11096\2014279N11096.HUD_HUD.2014.10.07.0300.46.MET-7.023.hursat-b1.v06.nc,2014-10-07T03:00:00,0.0,0,Depression / Weak System,HURSAT-B1 IRWIN/rad10,1.0,0,train
2014279N11096,2014-10-07T03:00:00,E:\Cyclone-x-prototype\datas\HURSAT_NI\2014\2014279N11096\2014279N11096.HUD_HUD.2014.10.07.0300.59.MTS-2.023.hursat-b1.v06.nc,2014-10-07T03:00:00,0.0,0,Depression / Weak System,HURSAT-B1 IRWIN/rad10,1.0,0,train
2014279N11096,2014-10-07T06:00:00,E:\Cyclone-x-prototype\datas\HURSAT_NI\2014\2014279N11096\2014279N11096.HUD_HUD.2014.10.07.0600.18.FY2-E.024.hursat-b1.v06.nc,2014-10-07T06:00:00,0.0,0,Depression / Weak System,HURSAT-B1 IRWIN/rad10,1.0,0,train
2014279N11096,2014-10-07T06:00:00,E:\Cyclone-x-prototype\datas\HURSAT_NI\2014\2014279N11096\2014279N11096.HUD_HUD.2014.10.07.0600.46.MET-7.024.hursat-b1.v06.nc,2014-10-07T06:00:00,0.0,0,Depression / Weak System,HURSAT-B1 IRWIN/rad10,1.0,0,train
2014279N11096,2014-10-07T06:00:00,E:\Cyclone-x-prototype\datas\HURSAT_NI\2014\2014279N11096\2014279N11096.HUD_HUD.2014.10.07.0600.59.MTS-2.024.hursat-b1.v06.nc,2014-10-07T06:00:00,0.0,0,Depression / Weak System,HURSAT-B1 IRWIN/rad10,1.0,0,train
2014279N11096,2014-10-07T09:00:00,E:\Cyclone-x-prototype\datas\HURSAT_NI\2014\2014279N11096\2014279N11096.HUD_HUD.2014.10.07.0900.18.FY2-E.026.hursat-b1.v06.nc,2014-10-07T06:00:00,3.0,0,Depression / Weak System,HURSAT-B1 IRWIN/rad10,1.0,0,train
2014279N11096,2014-10-07T09:00:00,E:\Cyclone-x-prototype\datas\HURSAT_NI\2014\2014279N11096\2014279N11096.HUD_HUD.2014.10.07.0900.45.MET-7.026.hursat-b1.v06.nc,2014-10-07T06:00:00,3.0,0,Depression / Weak System,HURSAT-B1 IRWIN/rad10,1.0,0,train
2014279N11096,2014-10-07T09:00:00,E:\Cyclone-x-prototype\datas\HURSAT_NI\2014\2014279N11096\2014279N11096.HUD_HUD.2014.10.07.0900.59.MTS-2.026.hursat-b1.v06.nc,2014-10-07T06:00:00,3.0,0,Depression / Weak System,HURSAT-B1 IRWIN/rad10,1.0,0,train
2014279N11096,2014-10-07T12:00:00,E:\Cyclone-x-prototype\datas\HURSAT_NI\2014\2014279N11096\2014279N11096.HUD_HUD.2014.10.07.1200.18.FY2-E.028.hursat-b1.v06.nc,2014-10-07T12:00:00,0.0,0,Depression / Weak System,HURSAT-B1 IRWIN/rad10,1.0,0,train
2014279N11096,2014-10-07T12:00:00,E:\Cyclone-x-prototype\datas\HURSAT_NI\2014\2014279N11096\2014279N11096.HUD_HUD.2014.10.07.1200.45.MET-7.028.hursat-b1.v06.nc,2014-10-07T12:00:00,0.0,0,Depression / Weak System,HURSAT-B1 IRWIN/rad10,1.0,0,train
2014279N11096,2014-10-07T12:00:00,E:\Cyclone-x-prototype\datas\HURSAT_NI\2014\2014279N11096\2014279N11096.HUD_HUD.2014.10.07.1200.60.MTS-2.028.hursat-b1.v06.nc,2014-10-07T12:00:00,0.0,0,Depression / Weak System,HURSAT-B1 IRWIN/rad10,1.0,0,train
2014279N11096,2014-10-07T15:00:00,E:\Cyclone-x-prototype\datas\HURSAT_NI\2014\2014279N11096\2014279N11096.HUD_HUD.2014.10.07.1500.19.FY2-E.028.hursat-b1.v06.nc,2014-10-07T12:00:00,3.0,0,Depression / Weak System,HURSAT-B1 IRWIN/rad10,1.0,0,train
2014279N11096,2014-10-07T15:00:00,E:\Cyclone-x-prototype\datas\HURSAT_NI\2014\2014279N11096\2014279N11096.HUD_HUD.2014.10.07.1500.45.MET-7.028.hursat-b1.v06.nc,2014-10-07T12:00:00,3.0,0,Depression / Weak System,HURSAT-B1 IRWIN/rad10,1.0,0,train
2014279N11096,2014-10-07T15:00:00,E:\Cyclone-x-prototype\datas\HURSAT_NI\2014\2014279N11096\2014279N11096.HUD_HUD.2014.10.07.1500.60.MTS-2.028.hursat-b1.v06.nc,2014-10-07T12:00:00,3.0,0,Depression / Weak System,HURSAT-B1 IRWIN/rad10,1.0,0,train
2014279N11096,2014-10-07T18:00:00,E:\Cyclone-x-prototype\datas\HURSAT_NI\2014\2014279N11096\2014279N11096.HUD_HUD.2014.10.07.1800.44.MET-7.028.hursat-b1.v06.nc,2014-10-07T18:00:00,0.0,0,Depression / Weak System,HURSAT-B1 IRWIN/rad10,1.0,0,train
2014279N11096,2014-10-07T18:00:00,E:\Cyclone-x-prototype\datas\HURSAT_NI\2014\2014279N11096\2014279N11096.HUD_HUD.2014.10.07.1800.60.MTS-2.028.hursat-b1.v06.nc,2014-10-07T18:00:00,0.0,0,Depression / Weak System,HURSAT-B1 IRWIN/rad10,1.0,0,train
2014279N11096,2014-10-07T21:00:00,E:\Cyclone-x-prototype\datas\HURSAT_NI\2014\2014279N11096\2014279N11096.HUD_HUD.2014.10.07.2100.19.FY2-E.029.hursat-b1.v06.nc,2014-10-07T18:00:00,3.0,0,Depression / Weak System,HURSAT-B1 IRWIN/rad10,1.0,0,train
2014279N11096,2014-10-07T21:00:00,E:\Cyclone-x-prototype\datas\HURSAT_NI\2014\2014279N11096\2014279N11096.HUD_HUD.2014.10.07.2100.44.MET-7.029.hursat-b1.v06.nc,2014-10-07T18:00:00,3.0,0,Depression / Weak System,HURSAT-B1 IRWIN/rad10,1.0,0,train
2014279N11096,2014-10-07T21:00:00,E:\Cyclone-x-prototype\datas\HURSAT_NI\2014\2014279N11096\2014279N11096.HUD_HUD.2014.10.07.2100.61.MTS-2.029.hursat-b1.v06.nc,2014-10-07T18:00:00,3.0,0,Depression / Weak System,HURSAT-B1 IRWIN/rad10,1.0,0,train
2014279N11096,2014-10-08T00:00:00,E:\Cyclone-x-prototype\datas\HURSAT_NI\2014\2014279N11096\2014279N11096.HUD_HUD.2014.10.08.0000.20.FY2-E.030.hursat-b1.v06.nc,2014-10-08T00:00:00,0.0,0,Depression / Weak System,HURSAT-B1 IRWIN/rad10,1.0,0,train
2014279N11096,2014-10-08T00:00:00,E:\Cyclone-x-prototype\datas\HURSAT_NI\2014\2014279N11096\2014279N11096.HUD_HUD.2014.10.08.0000.44.MET-7.030.hursat-b1.v06.nc,2014-10-08T00:00:00,0.0,0,Depression / Weak System,HURSAT-B1 IRWIN/rad10,1.0,0,train
2014279N11096,2014-10-08T00:00:00,E:\Cyclone-x-prototype\datas\HURSAT_NI\2014\2014279N11096\2014279N11096.HUD_HUD.2014.10.08.0000.61.MTS-2.030.hursat-b1.v06.nc,2014-10-08T00:00:00,0.0,0,Depression / Weak System,HURSAT-B1 IRWIN/rad10,1.0,0,train
2014279N11096,2014-10-08T03:00:00,E:\Cyclone-x-prototype\datas\HURSAT_NI\2014\2014279N11096\2014279N11096.HUD_HUD.2014.10.08.0300.20.FY2-E.034.hursat-b1.v06.nc,2014-10-08T03:00:00,0.0,1,Cyclonic Storm,HURSAT-B1 IRWIN/rad10,1.0,0,train
2014279N11096,2014-10-08T03:00:00,E:\Cyclone-x-prototype\datas\HURSAT_NI\2014\2014279N11096\2014279N11096.HUD_HUD.2014.10.08.0300.43.MET-7.034.hursat-b1.v06.nc,2014-10-08T03:00:00,0.0,1,Cyclonic Storm,HURSAT-B1 IRWIN/rad10,1.0,0,train
2014279N11096,2014-10-08T03:00:00,E:\Cyclone-x-prototype\datas\HURSAT_NI\2014\2014279N11096\2014279N11096.HUD_HUD.2014.10.08.0300.61.MTS-2.034.hursat-b1.v06.nc,2014-10-08T03:00:00,0.0,1,Cyclonic Storm,HURSAT-B1 IRWIN/rad10,1.0,0,train
2014279N11096,2014-10-08T06:00:00,E:\Cyclone-x-prototype\datas\HURSAT_NI\2014\2014279N11096\2014279N11096.HUD_HUD.2014.10.08.0600.21.FY2-E.038.hursat-b1.v06.nc,2014-10-08T06:00:00,0.0,1,Cyclonic Storm,HURSAT-B1 IRWIN/rad10,1.0,0,train
2014279N11096,2014-10-08T06:00:00,E:\Cyclone-x-prototype\datas\HURSAT_NI\2014\2014279N11096\2014279N11096.HUD_HUD.2014.10.08.0600.43.MET-7.038.hursat-b1.v06.nc,2014-10-08T06:00:00,0.0,1,Cyclonic Storm,HURSAT-B1 IRWIN/rad10,1.0,0,train
2014279N11096,2014-10-08T06:00:00,E:\Cyclone-x-prototype\datas\HURSAT_NI\2014\2014279N11096\2014279N11096.HUD_HUD.2014.10.08.0600.62.MTS-2.038.hursat-b1.v06.nc,2014-10-08T06:00:00,0.0,1,Cyclonic Storm,HURSAT-B1 IRWIN/rad10,1.0,0,train
2014279N11096,2014-10-08T09:00:00,E:\Cyclone-x-prototype\datas\HURSAT_NI\2014\2014279N11096\2014279N11096.HUD_HUD.2014.10.08.0900.21.FY2-E.039.hursat-b1.v06.nc,2014-10-08T09:00:00,0.0,1,Cyclonic Storm,HURSAT-B1 IRWIN/rad10,1.0,0,train
2014279N11096,2014-10-08T09:00:00,E:\Cyclone-x-prototype\datas\HURSAT_NI\2014\2014279N11096\2014279N11096.HUD_HUD.2014.10.08.0900.43.MET-7.039.hursat-b1.v06.nc,2014-10-08T09:00:00,0.0,1,Cyclonic Storm,HURSAT-B1 IRWIN/rad10,1.0,0,train
2014279N11096,2014-10-08T09:00:00,E:\Cyclone-x-prototype\datas\HURSAT_NI\2014\2014279N11096\2014279N11096.HUD_HUD.2014.10.08.0900.63.MTS-2.039.hursat-b1.v06.nc,2014-10-08T09:00:00,0.0,1,Cyclonic Storm,HURSAT-B1 IRWIN/rad10,1.0,0,train
2014279N11096,2014-10-08T12:00:00,E:\Cyclone-x-prototype\datas\HURSAT_NI\2014\2014279N11096\2014279N11096.HUD_HUD.2014.10.08.1200.22.FY2-E.040.hursat-b1.v06.nc,2014-10-08T12:00:00,0.0,1,Cyclonic Storm,HURSAT-B1 IRWIN/rad10,1.0,0,train
2014279N11096,2014-10-08T12:00:00,E:\Cyclone-x-prototype\datas\HURSAT_NI\2014\2014279N11096\2014279N11096.HUD_HUD.2014.10.08.1200.42.MET-7.040.hursat-b1.v06.nc,2014-10-08T12:00:00,0.0,1,Cyclonic Storm,HURSAT-B1 IRWIN/rad10,1.0,0,train
2014279N11096,2014-10-08T12:00:00,E:\Cyclone-x-prototype\datas\HURSAT_NI\2014\2014279N11096\2014279N11096.HUD_HUD.2014.10.08.1200.63.MTS-2.040.hursat-b1.v06.nc,2014-10-08T12:00:00,0.0,1,Cyclonic Storm,HURSAT-B1 IRWIN/rad10,1.0,0,train
2014279N11096,2014-10-08T15:00:00,E:\Cyclone-x-prototype\datas\HURSAT_NI\2014\2014279N11096\2014279N11096.HUD_HUD.2014.10.08.1500.22.FY2-E.042.hursat-b1.v06.nc,2014-10-08T15:00:00,0.0,1,Cyclonic Storm,HURSAT-B1 IRWIN/rad10,1.0,0,train
2014279N11096,2014-10-08T15:00:00,E:\Cyclone-x-prototype\datas\HURSAT_NI\2014\2014279N11096\2014279N11096.HUD_HUD.2014.10.08.1500.42.MET-7.042.hursat-b1.v06.nc,2014-10-08T15:00:00,0.0,1,Cyclonic Storm,HURSAT-B1 IRWIN/rad10,1.0,0,train
2014279N11096,2014-10-08T15:00:00,E:\Cyclone-x-prototype\datas\HURSAT_NI\2014\2014279N11096\2014279N11096.HUD_HUD.2014.10.08.1500.64.MTS-2.042.hursat-b1.v06.nc,2014-10-08T15:00:00,0.0,1,Cyclonic Storm,HURSAT-B1 IRWIN/rad10,1.0,0,train
2014279N11096,2014-10-08T18:00:00,E:\Cyclone-x-prototype\datas\HURSAT_NI\2014\2014279N11096\2014279N11096.HUD_HUD.2014.10.08.1800.41.MET-7.045.hursat-b1.v06.nc,2014-10-08T18:00:00,0.0,1,Cyclonic Storm,HURSAT-B1 IRWIN/rad10,1.0,0,train
2014279N11096,2014-10-08T18:00:00,E:\Cyclone-x-prototype\datas\HURSAT_NI\2014\2014279N11096\2014279N11096.HUD_HUD.2014.10.08.1800.64.MTS-2.045.hursat-b1.v06.nc,2014-10-08T18:00:00,0.0,1,Cyclonic Storm,HURSAT-B1 IRWIN/rad10,1.0,0,train
2014279N11096,2014-10-08T21:00:00,E:\Cyclone-x-prototype\datas\HURSAT_NI\2014\2014279N11096\2014279N11096.HUD_HUD.2014.10.08.2100.23.FY2-E.046.hursat-b1.v06.nc,2014-10-08T21:00:00,0.0,1,Cyclonic Storm,HURSAT-B1 IRWIN/rad10,1.0,0,train
2014279N11096,2014-10-08T21:00:00,E:\Cyclone-x-prototype\datas\HURSAT_NI\2014\2014279N11096\2014279N11096.HUD_HUD.2014.10.08.2100.41.MET-7.046.hursat-b1.v06.nc,2014-10-08T21:00:00,0.0,1,Cyclonic Storm,HURSAT-B1 IRWIN/rad10,1.0,0,train
2014279N11096,2014-10-08T21:00:00,E:\Cyclone-x-prototype\datas\HURSAT_NI\2014\2014279N11096\2014279N11096.HUD_HUD.2014.10.08.2100.65.MTS-2.046.hursat-b1.v06.nc,2014-10-08T21:00:00,0.0,1,Cyclonic Storm,HURSAT-B1 IRWIN/rad10,1.0,0,train
2014279N11096,2014-10-09T00:00:00,E:\Cyclone-x-prototype\datas\HURSAT_NI\2014\2014279N11096\2014279N11096.HUD_HUD.2014.10.09.0000.24.FY2-E.047.hursat-b1.v06.nc,2014-10-09T00:00:00,0.0,1,Cyclonic Storm,HURSAT-B1 IRWIN/rad10,1.0,0,train
2014279N11096,2014-10-09T00:00:00,E:\Cyclone-x-prototype\datas\HURSAT_NI\2014\2014279N11096\2014279N11096.HUD_HUD.2014.10.09.0000.41.MET-7.047.hursat-b1.v06.nc,2014-10-09T00:00:00,0.0,1,Cyclonic Storm,HURSAT-B1 IRWIN/rad10,1.0,0,train
2014279N11096,2014-10-09T00:00:00,E:\Cyclone-x-prototype\datas\HURSAT_NI\2014\2014279N11096\2014279N11096.HUD_HUD.2014.10.09.0000.65.MTS-2.047.hursat-b1.v06.nc,2014-10-09T00:00:00,0.0,1,Cyclonic Storm,HURSAT-B1 IRWIN/rad10,1.0,0,train
2014279N11096,2014-10-09T03:00:00,E:\Cyclone-x-prototype\datas\HURSAT_NI\2014\2014279N11096\2014279N11096.HUD_HUD.2014.10.09.0300.24.FY2-E.050.hursat-b1.v06.nc,2014-10-09T03:00:00,0.0,1,Cyclonic Storm,HURSAT-B1 IRWIN/rad10,1.0,0,train
2014279N11096,2014-10-09T03:00:00,E:\Cyclone-x-prototype\datas\HURSAT_NI\2014\2014279N11096\2014279N11096.HUD_HUD.2014.10.09.0300.40.MET-7.050.hursat-b1.v06.nc,2014-10-09T03:00:00,0.0,1,Cyclonic Storm,HURSAT-B1 IRWIN/rad10,1.0,0,train
2014279N11096,2014-10-09T03:00:00,E:\Cyclone-x-prototype\datas\HURSAT_NI\2014\2014279N11096\2014279N11096.HUD_HUD.2014.10.09.0300.65.MTS-2.050.hursat-b1.v06.nc,2014-10-09T03:00:00,0.0,1,Cyclonic Storm,HURSAT-B1 IRWIN/rad10,1.0,0,train
2014279N11096,2014-10-09T06:00:00,E:\Cyclone-x-prototype\datas\HURSAT_NI\2014\2014279N11096\2014279N11096.HUD_HUD.2014.10.09.0600.24.FY2-E.054.hursat-b1.v06.nc,2014-10-09T06:00:00,0.0,1,Cyclonic Storm,HURSAT-B1 IRWIN/rad10,1.0,0,train
2014279N11096,2014-10-09T06:00:00,E:\Cyclone-x-prototype\datas\HURSAT_NI\2014\2014279N11096\2014279N11096.HUD_HUD.2014.10.09.0600.40.MET-7.054.hursat-b1.v06.nc,2014-10-09T06:00:00,0.0,1,Cyclonic Storm,HURSAT-B1 IRWIN/rad10,1.0,0,train
2014279N11096,2014-10-09T06:00:00,E:\Cyclone-x-prototype\datas\HURSAT_NI\2014\2014279N11096\2014279N11096.HUD_HUD.2014.10.09.0600.66.MTS-2.054.hursat-b1.v06.nc,2014-10-09T06:00:00,0.0,1,Cyclonic Storm,HURSAT-B1 IRWIN/rad10,1.0,0,train
2014279N11096,2014-10-09T09:00:00,E:\Cyclone-x-prototype\datas\HURSAT_NI\2014\2014279N11096\2014279N11096.HUD_HUD.2014.10.09.0900.25.FY2-E.054.hursat-b1.v06.nc,2014-10-09T09:00:00,0.0,1,Cyclonic Storm,HURSAT-B1 IRWIN/rad10,1.0,0,train
2014279N11096,2014-10-09T09:00:00,E:\Cyclone-x-prototype\datas\HURSAT_NI\2014\2014279N11096\2014279N11096.HUD_HUD.2014.10.09.0900.40.MET-7.054.hursat-b1.v06.nc,2014-10-09T09:00:00,0.0,1,Cyclonic Storm,HURSAT-B1 IRWIN/rad10,1.0,0,train
2014279N11096,2014-10-09T09:00:00,E:\Cyclone-x-prototype\datas\HURSAT_NI\2014\2014279N11096\2014279N11096.HUD_HUD.2014.10.09.0900.66.MTS-2.054.hursat-b1.v06.nc,2014-10-09T09:00:00,0.0,1,Cyclonic Storm,HURSAT-B1 IRWIN/rad10,1.0,0,train
2014279N11096,2014-10-09T12:00:00,E:\Cyclone-x-prototype\datas\HURSAT_NI\2014\2014279N11096\2014279N11096.HUD_HUD.2014.10.09.1200.25.FY2-E.054.hursat-b1.v06.nc,2014-10-09T12:00:00,0.0,1,Cyclonic Storm,HURSAT-B1 IRWIN/rad10,1.0,0,train
2014279N11096,2014-10-09T12:00:00,E:\Cyclone-x-prototype\datas\HURSAT_NI\2014\2014279N11096\2014279N11096.HUD_HUD.2014.10.09.1200.40.MET-7.054.hursat-b1.v06.nc,2014-10-09T12:00:00,0.0,1,Cyclonic Storm,HURSAT-B1 IRWIN/rad10,1.0,0,train
2014279N11096,2014-10-09T12:00:00,E:\Cyclone-x-prototype\datas\HURSAT_NI\2014\2014279N11096\2014279N11096.HUD_HUD.2014.10.09.1200.66.MTS-2.054.hursat-b1.v06.nc,2014-10-09T12:00:00,0.0,1,Cyclonic Storm,HURSAT-B1 IRWIN/rad10,1.0,0,train
2014279N11096,2014-10-09T15:00:00,E:\Cyclone-x-prototype\datas\HURSAT_NI\2014\2014279N11096\2014279N11096.HUD_HUD.2014.10.09.1500.25.FY2-E.054.hursat-b1.v06.nc,2014-10-09T15:00:00,0.0,1,Cyclonic Storm,HURSAT-B1 IRWIN/rad10,1.0,0,train
2014279N11096,2014-10-09T15:00:00,E:\Cyclone-x-prototype\datas\HURSAT_NI\2014\2014279N11096\2014279N11096.HUD_HUD.2014.10.09.1500.40.MET-7.054.hursat-b1.v06.nc,2014-10-09T15:00:00,0.0,1,Cyclonic Storm,HURSAT-B1 IRWIN/rad10,1.0,0,train
2014279N11096,2014-10-09T15:00:00,E:\Cyclone-x-prototype\datas\HURSAT_NI\2014\2014279N11096\2014279N11096.HUD_HUD.2014.10.09.1500.66.MTS-2.054.hursat-b1.v06.nc,2014-10-09T15:00:00,0.0,1,Cyclonic Storm,HURSAT-B1 IRWIN/rad10,1.0,0,train
2014279N11096,2014-10-09T18:00:00,E:\Cyclone-x-prototype\datas\HURSAT_NI\2014\2014279N11096\2014279N11096.HUD_HUD.2014.10.09.1800.39.MET-7.054.hursat-b1.v06.nc,2014-10-09T18:00:00,0.0,1,Cyclonic Storm,HURSAT-B1 IRWIN/rad10,1.0,0,train
2014279N11096,2014-10-09T18:00:00,E:\Cyclone-x-prototype\datas\HURSAT_NI\2014\2014279N11096\2014279N11096.HUD_HUD.2014.10.09.1800.66.MTS-2.054.hursat-b1.v06.nc,2014-10-09T18:00:00,0.0,1,Cyclonic Storm,HURSAT-B1 IRWIN/rad10,1.0,0,train
2014279N11096,2014-10-09T21:00:00,E:\Cyclone-x-prototype\datas\HURSAT_NI\2014\2014279N11096\2014279N11096.HUD_HUD.2014.10.09.2100.26.FY2-E.056.hursat-b1.v06.nc,2014-10-09T21:00:00,0.0,1,Cyclonic Storm,HURSAT-B1 IRWIN/rad10,1.0,0,train
2014279N11096,2014-10-09T21:00:00,E:\Cyclone-x-prototype\datas\HURSAT_NI\2014\2014279N11096\2014279N11096.HUD_HUD.2014.10.09.2100.39.MET-7.056.hursat-b1.v06.nc,2014-10-09T21:00:00,0.0,1,Cyclonic Storm,HURSAT-B1 IRWIN/rad10,1.0,0,train
2014279N11096,2014-10-09T21:00:00,E:\Cyclone-x-prototype\datas\HURSAT_NI\2014\2014279N11096\2014279N11096.HUD_HUD.2014.10.09.2100.67.MTS-2.056.hursat-b1.v06.nc,2014-10-09T21:00:00,0.0,1,Cyclonic Storm,HURSAT-B1 IRWIN/rad10,1.0,0,train
2014279N11096,2014-10-10T00:00:00,E:\Cyclone-x-prototype\datas\HURSAT_NI\2014\2014279N11096\2014279N11096.HUD_HUD.2014.10.10.0000.26.FY2-E.059.hursat-b1.v06.nc,2014-10-10T00:00:00,0.0,1,Cyclonic Storm,HURSAT-B1 IRWIN/rad10,1.0,0,train
2014279N11096,2014-10-10T00:00:00,E:\Cyclone-x-prototype\datas\HURSAT_NI\2014\2014279N11096\2014279N11096.HUD_HUD.2014.10.10.0000.39.MET-7.059.hursat-b1.v06.nc,2014-10-10T00:00:00,0.0,1,Cyclonic Storm,HURSAT-B1 IRWIN/rad10,1.0,0,train
2014279N11096,2014-10-10T00:00:00,E:\Cyclone-x-prototype\datas\HURSAT_NI\2014\2014279N11096\2014279N11096.HUD_HUD.2014.10.10.0000.67.MTS-2.059.hursat-b1.v06.nc,2014-10-10T00:00:00,0.0,1,Cyclonic Storm,HURSAT-B1 IRWIN/rad10,1.0,0,train
2014279N11096,2014-10-10T03:00:00,E:\Cyclone-x-prototype\datas\HURSAT_NI\2014\2014279N11096\2014279N11096.HUD_HUD.2014.10.10.0300.26.FY2-E.059.hursat-b1.v06.nc,2014-10-10T03:00:00,0.0,1,Cyclonic Storm,HURSAT-B1 IRWIN/rad10,1.0,0,train
2014279N11096,2014-10-10T03:00:00,E:\Cyclone-x-prototype\datas\HURSAT_NI\2014\2014279N11096\2014279N11096.HUD_HUD.2014.10.10.0300.39.MET-7.059.hursat-b1.v06.nc,2014-10-10T03:00:00,0.0,1,Cyclonic Storm,HURSAT-B1 IRWIN/rad10,1.0,0,train
2014279N11096,2014-10-10T03:00:00,E:\Cyclone-x-prototype\datas\HURSAT_NI\2014\2014279N11096\2014279N11096.HUD_HUD.2014.10.10.0300.67.MTS-2.059.hursat-b1.v06.nc,2014-10-10T03:00:00,0.0,1,Cyclonic Storm,HURSAT-B1 IRWIN/rad10,1.0,0,train
2014279N11096,2014-10-10T06:00:00,E:\Cyclone-x-prototype\datas\HURSAT_NI\2014\2014279N11096\2014279N11096.HUD_HUD.2014.10.10.0600.27.FY2-E.059.hursat-b1.v06.nc,2014-10-10T06:00:00,0.0,1,Cyclonic Storm,HURSAT-B1 IRWIN/rad10,1.0,0,train
2014279N11096,2014-10-10T06:00:00,E:\Cyclone-x-prototype\datas\HURSAT_NI\2014\2014279N11096\2014279N11096.HUD_HUD.2014.10.10.0600.39.MET-7.059.hursat-b1.v06.nc,2014-10-10T06:00:00,0.0,1,Cyclonic Storm,HURSAT-B1 IRWIN/rad10,1.0,0,train
2014279N11096,2014-10-10T06:00:00,E:\Cyclone-x-prototype\datas\HURSAT_NI\2014\2014279N11096\2014279N11096.HUD_HUD.2014.10.10.0600.67.MTS-2.059.hursat-b1.v06.nc,2014-10-10T06:00:00,0.0,1,Cyclonic Storm,HURSAT-B1 IRWIN/rad10,1.0,0,train
2014279N11096,2014-10-10T09:00:00,E:\Cyclone-x-prototype\datas\HURSAT_NI\2014\2014279N11096\2014279N11096.HUD_HUD.2014.10.10.0900.27.FY2-E.063.hursat-b1.v06.nc,2014-10-10T09:00:00,0.0,2,Severe Cyclone,HURSAT-B1 IRWIN/rad10,1.0,0,train
2014279N11096,2014-10-10T09:00:00,E:\Cyclone-x-prototype\datas\HURSAT_NI\2014\2014279N11096\2014279N11096.HUD_HUD.2014.10.10.0900.39.MET-7.063.hursat-b1.v06.nc,2014-10-10T09:00:00,0.0,2,Severe Cyclone,HURSAT-B1 IRWIN/rad10,1.0,0,train
2014279N11096,2014-10-10T09:00:00,E:\Cyclone-x-prototype\datas\HURSAT_NI\2014\2014279N11096\2014279N11096.HUD_HUD.2014.10.10.0900.68.MTS-2.063.hursat-b1.v06.nc,2014-10-10T09:00:00,0.0,2,Severe Cyclone,HURSAT-B1 IRWIN/rad10,1.0,0,train
2014279N11096,2014-10-10T12:00:00,E:\Cyclone-x-prototype\datas\HURSAT_NI\2014\2014279N11096\2014279N11096.HUD_HUD.2014.10.10.1200.27.FY2-E.068.hursat-b1.v06.nc,2014-10-10T12:00:00,0.0,2,Severe Cyclone,HURSAT-B1 IRWIN/rad10,1.0,0,train
2014279N11096,2014-10-10T12:00:00,E:\Cyclone-x-prototype\datas\HURSAT_NI\2014\2014279N11096\2014279N11096.HUD_HUD.2014.10.10.1200.39.MET-7.068.hursat-b1.v06.nc,2014-10-10T12:00:00,0.0,2,Severe Cyclone,HURSAT-B1 IRWIN/rad10,1.0,0,train
2014279N11096,2014-10-10T12:00:00,E:\Cyclone-x-prototype\datas\HURSAT_NI\2014\2014279N11096\2014279N11096.HUD_HUD.2014.10.10.1200.68.MTS-2.068.hursat-b1.v06.nc,2014-10-10T12:00:00,0.0,2,Severe Cyclone,HURSAT-B1 IRWIN/rad10,1.0,0,train
2014279N11096,2014-10-10T15:00:00,E:\Cyclone-x-prototype\datas\HURSAT_NI\2014\2014279N11096\2014279N11096.HUD_HUD.2014.10.10.1500.28.FY2-E.071.hursat-b1.v06.nc,2014-10-10T15:00:00,0.0,2,Severe Cyclone,HURSAT-B1 IRWIN/rad10,1.0,0,train
2014279N11096,2014-10-10T15:00:00,E:\Cyclone-x-prototype\datas\HURSAT_NI\2014\2014279N11096\2014279N11096.HUD_HUD.2014.10.10.1500.39.MET-7.071.hursat-b1.v06.nc,2014-10-10T15:00:00,0.0,2,Severe Cyclone,HURSAT-B1 IRWIN/rad10,1.0,0,train
2014279N11096,2014-10-10T15:00:00,E:\Cyclone-x-prototype\datas\HURSAT_NI\2014\2014279N11096\2014279N11096.HUD_HUD.2014.10.10.1500.68.MTS-2.071.hursat-b1.v06.nc,2014-10-10T15:00:00,0.0,2,Severe Cyclone,HURSAT-B1 IRWIN/rad10,1.0,0,train
2014279N11096,2014-10-10T18:00:00,E:\Cyclone-x-prototype\datas\HURSAT_NI\2014\2014279N11096\2014279N11096.HUD_HUD.2014.10.10.1800.38.MET-7.075.hursat-b1.v06.nc,2014-10-10T18:00:00,0.0,2,Severe Cyclone,HURSAT-B1 IRWIN/rad10,1.0,0,train
2014279N11096,2014-10-10T18:00:00,E:\Cyclone-x-prototype\datas\HURSAT_NI\2014\2014279N11096\2014279N11096.HUD_HUD.2014.10.10.1800.68.MTS-2.075.hursat-b1.v06.nc,2014-10-10T18:00:00,0.0,2,Severe Cyclone,HURSAT-B1 IRWIN/rad10,1.0,0,train
2014279N11096,2014-10-10T21:00:00,E:\Cyclone-x-prototype\datas\HURSAT_NI\2014\2014279N11096\2014279N11096.HUD_HUD.2014.10.10.2100.28.FY2-E.077.hursat-b1.v06.nc,2014-10-10T21:00:00,0.0,2,Severe Cyclone,HURSAT-B1 IRWIN/rad10,1.0,0,train
2014279N11096,2014-10-10T21:00:00,E:\Cyclone-x-prototype\datas\HURSAT_NI\2014\2014279N11096\2014279N11096.HUD_HUD.2014.10.10.2100.38.MET-7.077.hursat-b1.v06.nc,2014-10-10T21:00:00,0.0,2,Severe Cyclone,HURSAT-B1 IRWIN/rad10,1.0,0,train
2014279N11096,2014-10-10T21:00:00,E:\Cyclone-x-prototype\datas\HURSAT_NI\2014\2014279N11096\2014279N11096.HUD_HUD.2014.10.10.2100.69.MTS-2.077.hursat-b1.v06.nc,2014-10-10T21:00:00,0.0,2,Severe Cyclone,HURSAT-B1 IRWIN/rad10,1.0,0,train
2014279N11096,2014-10-11T00:00:00,E:\Cyclone-x-prototype\datas\HURSAT_NI\2014\2014279N11096\2014279N11096.HUD_HUD.2014.10.11.0000.29.FY2-E.079.hursat-b1.v06.nc,2014-10-11T00:00:00,0.0,2,Severe Cyclone,HURSAT-B1 IRWIN/rad10,1.0,0,train
2014279N11096,2014-10-11T00:00:00,E:\Cyclone-x-prototype\datas\HURSAT_NI\2014\2014279N11096\2014279N11096.HUD_HUD.2014.10.11.0000.38.MET-7.079.hursat-b1.v06.nc,2014-10-11T00:00:00,0.0,2,Severe Cyclone,HURSAT-B1 IRWIN/rad10,1.0,0,train
2014279N11096,2014-10-11T00:00:00,E:\Cyclone-x-prototype\datas\HURSAT_NI\2014\2014279N11096\2014279N11096.HUD_HUD.2014.10.11.0000.69.MTS-2.079.hursat-b1.v06.nc,2014-10-11T00:00:00,0.0,2,Severe Cyclone,HURSAT-B1 IRWIN/rad10,1.0,0,train
2014279N11096,2014-10-11T03:00:00,E:\Cyclone-x-prototype\datas\HURSAT_NI\2014\2014279N11096\2014279N11096.HUD_HUD.2014.10.11.0300.29.FY2-E.085.hursat-b1.v06.nc,2014-10-11T03:00:00,0.0,2,Severe Cyclone,HURSAT-B1 IRWIN/rad10,1.0,0,train
2014279N11096,2014-10-11T03:00:00,E:\Cyclone-x-prototype\datas\HURSAT_NI\2014\2014279N11096\2014279N11096.HUD_HUD.2014.10.11.0300.38.MET-7.085.hursat-b1.v06.nc,2014-10-11T03:00:00,0.0,2,Severe Cyclone,HURSAT-B1 IRWIN/rad10,1.0,0,train
2014279N11096,2014-10-11T03:00:00,E:\Cyclone-x-prototype\datas\HURSAT_NI\2014\2014279N11096\2014279N11096.HUD_HUD.2014.10.11.0300.69.MTS-2.085.hursat-b1.v06.nc,2014-10-11T03:00:00,0.0,2,Severe Cyclone,HURSAT-B1 IRWIN/rad10,1.0,0,train
2014279N11096,2014-10-11T06:00:00,E:\Cyclone-x-prototype\datas\HURSAT_NI\2014\2014279N11096\2014279N11096.HUD_HUD.2014.10.11.0600.29.FY2-E.091.hursat-b1.v06.nc,2014-10-11T06:00:00,0.0,2,Severe Cyclone,HURSAT-B1 IRWIN/rad10,1.0,0,train
2014279N11096,2014-10-11T06:00:00,E:\Cyclone-x-prototype\datas\HURSAT_NI\2014\2014279N11096\2014279N11096.HUD_HUD.2014.10.11.0600.38.MET-7.091.hursat-b1.v06.nc,2014-10-11T06:00:00,0.0,2,Severe Cyclone,HURSAT-B1 IRWIN/rad10,1.0,0,train
2014279N11096,2014-10-11T06:00:00,E:\Cyclone-x-prototype\datas\HURSAT_NI\2014\2014279N11096\2014279N11096.HUD_HUD.2014.10.11.0600.70.MTS-2.091.hursat-b1.v06.nc,2014-10-11T06:00:00,0.0,2,Severe Cyclone,HURSAT-B1 IRWIN/rad10,1.0,0,train
2014279N11096,2014-10-11T09:00:00,E:\Cyclone-x-prototype\datas\HURSAT_NI\2014\2014279N11096\2014279N11096.HUD_HUD.2014.10.11.0900.29.FY2-E.095.hursat-b1.v06.nc,2014-10-11T09:00:00,0.0,2,Severe Cyclone,HURSAT-B1 IRWIN/rad10,1.0,0,train
2014279N11096,2014-10-11T09:00:00,E:\Cyclone-x-prototype\datas\HURSAT_NI\2014\2014279N11096\2014279N11096.HUD_HUD.2014.10.11.0900.37.MET-7.095.hursat-b1.v06.nc,2014-10-11T09:00:00,0.0,2,Severe Cyclone,HURSAT-B1 IRWIN/rad10,1.0,0,train
2014279N11096,2014-10-11T09:00:00,E:\Cyclone-x-prototype\datas\HURSAT_NI\2014\2014279N11096\2014279N11096.HUD_HUD.2014.10.11.0900.70.MTS-2.095.hursat-b1.v06.nc,2014-10-11T09:00:00,0.0,2,Severe Cyclone,HURSAT-B1 IRWIN/rad10,1.0,0,train
2014279N11096,2014-10-11T12:00:00,E:\Cyclone-x-prototype\datas\HURSAT_NI\2014\2014279N11096\2014279N11096.HUD_HUD.2014.10.11.1200.29.FY2-E.098.hursat-b1.v06.nc,2014-10-11T12:00:00,0.0,2,Severe Cyclone,HURSAT-B1 IRWIN/rad10,1.0,0,train
2014279N11096,2014-10-11T12:00:00,E:\Cyclone-x-prototype\datas\HURSAT_NI\2014\2014279N11096\2014279N11096.HUD_HUD.2014.10.11.1200.37.MET-7.098.hursat-b1.v06.nc,2014-10-11T12:00:00,0.0,2,Severe Cyclone,HURSAT-B1 IRWIN/rad10,1.0,0,train
2014279N11096,2014-10-11T12:00:00,E:\Cyclone-x-prototype\datas\HURSAT_NI\2014\2014279N11096\2014279N11096.HUD_HUD.2014.10.11.1200.70.MTS-2.098.hursat-b1.v06.nc,2014-10-11T12:00:00,0.0,2,Severe Cyclone,HURSAT-B1 IRWIN/rad10,1.0,0,train
2014279N11096,2014-10-11T15:00:00,E:\Cyclone-x-prototype\datas\HURSAT_NI\2014\2014279N11096\2014279N11096.HUD_HUD.2014.10.11.1500.30.FY2-E.099.hursat-b1.v06.nc,2014-10-11T15:00:00,0.0,2,Severe Cyclone,HURSAT-B1 IRWIN/rad10,1.0,0,train
2014279N11096,2014-10-11T15:00:00,E:\Cyclone-x-prototype\datas\HURSAT_NI\2014\2014279N11096\2014279N11096.HUD_HUD.2014.10.11.1500.37.MET-7.099.hursat-b1.v06.nc,2014-10-11T15:00:00,0.0,2,Severe Cyclone,HURSAT-B1 IRWIN/rad10,1.0,0,train
2014279N11096,2014-10-11T15:00:00,E:\Cyclone-x-prototype\datas\HURSAT_NI\2014\2014279N11096\2014279N11096.HUD_HUD.2014.10.11.1500.70.MTS-2.099.hursat-b1.v06.nc,2014-10-11T15:00:00,0.0,2,Severe Cyclone,HURSAT-B1 IRWIN/rad10,1.0,0,train
2014279N11096,2014-10-11T18:00:00,E:\Cyclone-x-prototype\datas\HURSAT_NI\2014\2014279N11096\2014279N11096.HUD_HUD.2014.10.11.1800.37.MET-7.101.hursat-b1.v06.nc,2014-10-11T18:00:00,0.0,2,Severe Cyclone,HURSAT-B1 IRWIN/rad10,1.0,0,train
2014279N11096,2014-10-11T18:00:00,E:\Cyclone-x-prototype\datas\HURSAT_NI\2014\2014279N11096\2014279N11096.HUD_HUD.2014.10.11.1800.70.MTS-2.101.hursat-b1.v06.nc,2014-10-11T18:00:00,0.0,2,Severe Cyclone,HURSAT-B1 IRWIN/rad10,1.0,0,train
2014279N11096,2014-10-11T21:00:00,E:\Cyclone-x-prototype\datas\HURSAT_NI\2014\2014279N11096\2014279N11096.HUD_HUD.2014.10.11.2100.30.FY2-E.101.hursat-b1.v06.nc,2014-10-11T21:00:00,0.0,2,Severe Cyclone,HURSAT-B1 IRWIN/rad10,1.0,0,train
2014279N11096,2014-10-11T21:00:00,E:\Cyclone-x-prototype\datas\HURSAT_NI\2014\2014279N11096\2014279N11096.HUD_HUD.2014.10.11.2100.37.MET-7.101.hursat-b1.v06.nc,2014-10-11T21:00:00,0.0,2,Severe Cyclone,HURSAT-B1 IRWIN/rad10,1.0,0,train
2014279N11096,2014-10-11T21:00:00,E:\Cyclone-x-prototype\datas\HURSAT_NI\2014\2014279N11096\2014279N11096.HUD_HUD.2014.10.11.2100.71.MTS-2.101.hursat-b1.v06.nc,2014-10-11T21:00:00,0.0,2,Severe Cyclone,HURSAT-B1 IRWIN/rad10,1.0,0,train
2014279N11096,2014-10-12T00:00:00,E:\Cyclone-x-prototype\datas\HURSAT_NI\2014\2014279N11096\2014279N11096.HUD_HUD.2014.10.12.0000.31.FY2-E.101.hursat-b1.v06.nc,2014-10-12T00:00:00,0.0,2,Severe Cyclone,HURSAT-B1 IRWIN/rad10,1.0,0,train
2014279N11096,2014-10-12T00:00:00,E:\Cyclone-x-prototype\datas\HURSAT_NI\2014\2014279N11096\2014279N11096.HUD_HUD.2014.10.12.0000.37.MET-7.101.hursat-b1.v06.nc,2014-10-12T00:00:00,0.0,2,Severe Cyclone,HURSAT-B1 IRWIN/rad10,1.0,0,train
2014279N11096,2014-10-12T00:00:00,E:\Cyclone-x-prototype\datas\HURSAT_NI\2014\2014279N11096\2014279N11096.HUD_HUD.2014.10.12.0000.71.MTS-2.101.hursat-b1.v06.nc,2014-10-12T00:00:00,0.0,2,Severe Cyclone,HURSAT-B1 IRWIN/rad10,1.0,0,train
2014279N11096,2014-10-12T03:00:00,E:\Cyclone-x-prototype\datas\HURSAT_NI\2014\2014279N11096\2014279N11096.HUD_HUD.2014.10.12.0300.31.FY2-E.101.hursat-b1.v06.nc,2014-10-12T03:00:00,0.0,2,Severe Cyclone,HURSAT-B1 IRWIN/rad10,1.0,0,train
2014279N11096,2014-10-12T03:00:00,E:\Cyclone-x-prototype\datas\HURSAT_NI\2014\2014279N11096\2014279N11096.HUD_HUD.2014.10.12.0300.37.MET-7.101.hursat-b1.v06.nc,2014-10-12T03:00:00,0.0,2,Severe Cyclone,HURSAT-B1 IRWIN/rad10,1.0,0,train
2014297N11062,2014-10-24T21:00:00,E:\Cyclone-x-prototype\datas\HURSAT_NI\2014\2014297N11062\2014297N11062.NILOFAR.2014.10.24.2100.16.MET-7.024.hursat-b1.v06.nc,2014-10-25T00:00:00,3.0,0,Depression / Weak System,HURSAT-B1 IRWIN/rad10,1.0,0,validation
2014297N11062,2014-10-24T21:00:00,E:\Cyclone-x-prototype\datas\HURSAT_NI\2014\2014297N11062\2014297N11062.NILOFAR.2014.10.24.2100.51.FY2-E.024.hursat-b1.v06.nc,2014-10-25T00:00:00,3.0,0,Depression / Weak System,HURSAT-B1 IRWIN/rad10,1.0,0,validation
2014297N11062,2014-10-24T21:00:00,E:\Cyclone-x-prototype\datas\HURSAT_NI\2014\2014297N11062\2014297N11062.NILOFAR.2014.10.24.2100.72.MSG-3.024.hursat-b1.v06.nc,2014-10-25T00:00:00,3.0,0,Depression / Weak System,HURSAT-B1 IRWIN/rad10,1.0,0,validation
2014297N11062,2014-10-25T00:00:00,E:\Cyclone-x-prototype\datas\HURSAT_NI\2014\2014297N11062\2014297N11062.NILOFAR.2014.10.25.0000.16.MET-7.026.hursat-b1.v06.nc,2014-10-25T00:00:00,0.0,0,Depression / Weak System,HURSAT-B1 IRWIN/rad10,1.0,0,validation
2014297N11062,2014-10-25T00:00:00,E:\Cyclone-x-prototype\datas\HURSAT_NI\2014\2014297N11062\2014297N11062.NILOFAR.2014.10.25.0000.51.FY2-E.026.hursat-b1.v06.nc,2014-10-25T00:00:00,0.0,0,Depression / Weak System,HURSAT-B1 IRWIN/rad10,1.0,0,validation
2014297N11062,2014-10-25T00:00:00,E:\Cyclone-x-prototype\datas\HURSAT_NI\2014\2014297N11062\2014297N11062.NILOFAR.2014.10.25.0000.72.MSG-3.026.hursat-b1.v06.nc,2014-10-25T00:00:00,0.0,0,Depression / Weak System,HURSAT-B1 IRWIN/rad10,1.0,0,validation
2014297N11062,2014-10-25T03:00:00,E:\Cyclone-x-prototype\datas\HURSAT_NI\2014\2014297N11062\2014297N11062.NILOFAR.2014.10.25.0300.16.MET-7.026.hursat-b1.v06.nc,2014-10-25T03:00:00,0.0,0,Depression / Weak System,HURSAT-B1 IRWIN/rad10,1.0,0,validation
2014297N11062,2014-10-25T03:00:00,E:\Cyclone-x-prototype\datas\HURSAT_NI\2014\2014297N11062\2014297N11062.NILOFAR.2014.10.25.0300.51.FY2-E.026.hursat-b1.v06.nc,2014-10-25T03:00:00,0.0,0,Depression / Weak System,HURSAT-B1 IRWIN/rad10,1.0,0,validation
2014297N11062,2014-10-25T03:00:00,E:\Cyclone-x-prototype\datas\HURSAT_NI\2014\2014297N11062\2014297N11062.NILOFAR.2014.10.25.0300.72.MSG-3.026.hursat-b1.v06.nc,2014-10-25T03:00:00,0.0,0,Depression / Weak System,HURSAT-B1 IRWIN/rad10,1.0,0,validation
2014297N11062,2014-10-25T06:00:00,E:\Cyclone-x-prototype\datas\HURSAT_NI\2014\2014297N11062\2014297N11062.NILOFAR.2014.10.25.0600.16.MET-7.026.hursat-b1.v06.nc,2014-10-25T06:00:00,0.0,0,Depression / Weak System,HURSAT-B1 IRWIN/rad10,1.0,0,validation
2014297N11062,2014-10-25T06:00:00,E:\Cyclone-x-prototype\datas\HURSAT_NI\2014\2014297N11062\2014297N11062.NILOFAR.2014.10.25.0600.51.FY2-E.026.hursat-b1.v06.nc,2014-10-25T06:00:00,0.0,0,Depression / Weak System,HURSAT-B1 IRWIN/rad10,1.0,0,validation
2014297N11062,2014-10-25T06:00:00,E:\Cyclone-x-prototype\datas\HURSAT_NI\2014\2014297N11062\2014297N11062.NILOFAR.2014.10.25.0600.72.MSG-3.026.hursat-b1.v06.nc,2014-10-25T06:00:00,0.0,0,Depression / Weak System,HURSAT-B1 IRWIN/rad10,1.0,0,validation
2014297N11062,2014-10-25T09:00:00,E:\Cyclone-x-prototype\datas\HURSAT_NI\2014\2014297N11062\2014297N11062.NILOFAR.2014.10.25.0900.16.MET-7.027.hursat-b1.v06.nc,2014-10-25T06:00:00,3.0,0,Depression / Weak System,HURSAT-B1 IRWIN/rad10,1.0,0,validation
2014297N11062,2014-10-25T09:00:00,E:\Cyclone-x-prototype\datas\HURSAT_NI\2014\2014297N11062\2014297N11062.NILOFAR.2014.10.25.0900.51.FY2-E.027.hursat-b1.v06.nc,2014-10-25T06:00:00,3.0,0,Depression / Weak System,HURSAT-B1 IRWIN/rad10,1.0,0,validation
2014297N11062,2014-10-25T09:00:00,E:\Cyclone-x-prototype\datas\HURSAT_NI\2014\2014297N11062\2014297N11062.NILOFAR.2014.10.25.0900.72.MSG-3.027.hursat-b1.v06.nc,2014-10-25T06:00:00,3.0,0,Depression / Weak System,HURSAT-B1 IRWIN/rad10,1.0,0,validation
2014297N11062,2014-10-25T12:00:00,E:\Cyclone-x-prototype\datas\HURSAT_NI\2014\2014297N11062\2014297N11062.NILOFAR.2014.10.25.1200.17.MET-7.028.hursat-b1.v06.nc,2014-10-25T12:00:00,0.0,0,Depression / Weak System,HURSAT-B1 IRWIN/rad10,1.0,0,validation
2014297N11062,2014-10-25T12:00:00,E:\Cyclone-x-prototype\datas\HURSAT_NI\2014\2014297N11062\2014297N11062.NILOFAR.2014.10.25.1200.51.FY2-E.028.hursat-b1.v06.nc,2014-10-25T12:00:00,0.0,0,Depression / Weak System,HURSAT-B1 IRWIN/rad10,1.0,0,validation
2014297N11062,2014-10-25T12:00:00,E:\Cyclone-x-prototype\datas\HURSAT_NI\2014\2014297N11062\2014297N11062.NILOFAR.2014.10.25.1200.72.MSG-3.028.hursat-b1.v06.nc,2014-10-25T12:00:00,0.0,0,Depression / Weak System,HURSAT-B1 IRWIN/rad10,1.0,0,validation
2014297N11062,2014-10-25T15:00:00,E:\Cyclone-x-prototype\datas\HURSAT_NI\2014\2014297N11062\2014297N11062.NILOFAR.2014.10.25.1500.17.MET-7.028.hursat-b1.v06.nc,2014-10-25T12:00:00,3.0,0,Depression / Weak System,HURSAT-B1 IRWIN/rad10,1.0,0,validation
2014297N11062,2014-10-25T15:00:00,E:\Cyclone-x-prototype\datas\HURSAT_NI\2014\2014297N11062\2014297N11062.NILOFAR.2014.10.25.1500.51.FY2-E.028.hursat-b1.v06.nc,2014-10-25T12:00:00,3.0,0,Depression / Weak System,HURSAT-B1 IRWIN/rad10,1.0,0,validation
2014297N11062,2014-10-25T15:00:00,E:\Cyclone-x-prototype\datas\HURSAT_NI\2014\2014297N11062\2014297N11062.NILOFAR.2014.10.25.1500.72.MSG-3.028.hursat-b1.v06.nc,2014-10-25T12:00:00,3.0,0,Depression / Weak System,HURSAT-B1 IRWIN/rad10,1.0,0,validation
2014297N11062,2014-10-25T18:00:00,E:\Cyclone-x-prototype\datas\HURSAT_NI\2014\2014297N11062\2014297N11062.NILOFAR.2014.10.25.1800.17.MET-7.028.hursat-b1.v06.nc,2014-10-25T18:00:00,0.0,0,Depression / Weak System,HURSAT-B1 IRWIN/rad10,1.0,0,validation
2014297N11062,2014-10-25T18:00:00,E:\Cyclone-x-prototype\datas\HURSAT_NI\2014\2014297N11062\2014297N11062.NILOFAR.2014.10.25.1800.51.FY2-E.028.hursat-b1.v06.nc,2014-10-25T18:00:00,0.0,0,Depression / Weak System,HURSAT-B1 IRWIN/rad10,1.0,0,validation
2014297N11062,2014-10-25T18:00:00,E:\Cyclone-x-prototype\datas\HURSAT_NI\2014\2014297N11062\2014297N11062.NILOFAR.2014.10.25.1800.72.MSG-3.028.hursat-b1.v06.nc,2014-10-25T18:00:00,0.0,0,Depression / Weak System,HURSAT-B1 IRWIN/rad10,1.0,0,validation
2014297N11062,2014-10-25T21:00:00,E:\Cyclone-x-prototype\datas\HURSAT_NI\2014\2014297N11062\2014297N11062.NILOFAR.2014.10.25.2100.17.MET-7.029.hursat-b1.v06.nc,2014-10-25T18:00:00,3.0,0,Depression / Weak System,HURSAT-B1 IRWIN/rad10,1.0,0,validation
2014297N11062,2014-10-25T21:00:00,E:\Cyclone-x-prototype\datas\HURSAT_NI\2014\2014297N11062\2014297N11062.NILOFAR.2014.10.25.2100.51.FY2-E.029.hursat-b1.v06.nc,2014-10-25T18:00:00,3.0,0,Depression / Weak System,HURSAT-B1 IRWIN/rad10,1.0,0,validation
2014297N11062,2014-10-25T21:00:00,E:\Cyclone-x-prototype\datas\HURSAT_NI\2014\2014297N11062\2014297N11062.NILOFAR.2014.10.25.2100.72.MSG-3.029.hursat-b1.v06.nc,2014-10-25T18:00:00,3.0,0,Depression / Weak System,HURSAT-B1 IRWIN/rad10,1.0,0,validation
2014297N11062,2014-10-26T00:00:00,E:\Cyclone-x-prototype\datas\HURSAT_NI\2014\2014297N11062\2014297N11062.NILOFAR.2014.10.26.0000.18.MET-7.030.hursat-b1.v06.nc,2014-10-26T00:00:00,0.0,0,Depression / Weak System,HURSAT-B1 IRWIN/rad10,1.0,0,validation
2014297N11062,2014-10-26T00:00:00,E:\Cyclone-x-prototype\datas\HURSAT_NI\2014\2014297N11062\2014297N11062.NILOFAR.2014.10.26.0000.51.FY2-E.030.hursat-b1.v06.nc,2014-10-26T00:00:00,0.0,0,Depression / Weak System,HURSAT-B1 IRWIN/rad10,1.0,0,validation
2014297N11062,2014-10-26T00:00:00,E:\Cyclone-x-prototype\datas\HURSAT_NI\2014\2014297N11062\2014297N11062.NILOFAR.2014.10.26.0000.72.MSG-3.030.hursat-b1.v06.nc,2014-10-26T00:00:00,0.0,0,Depression / Weak System,HURSAT-B1 IRWIN/rad10,1.0,0,validation
2014297N11062,2014-10-26T03:00:00,E:\Cyclone-x-prototype\datas\HURSAT_NI\2014\2014297N11062\2014297N11062.NILOFAR.2014.10.26.0300.18.MET-7.034.hursat-b1.v06.nc,2014-10-26T03:00:00,0.0,0,Depression / Weak System,HURSAT-B1 IRWIN/rad10,1.0,0,validation
2014297N11062,2014-10-26T03:00:00,E:\Cyclone-x-prototype\datas\HURSAT_NI\2014\2014297N11062\2014297N11062.NILOFAR.2014.10.26.0300.51.FY2-E.034.hursat-b1.v06.nc,2014-10-26T03:00:00,0.0,0,Depression / Weak System,HURSAT-B1 IRWIN/rad10,1.0,0,validation
2014297N11062,2014-10-26T03:00:00,E:\Cyclone-x-prototype\datas\HURSAT_NI\2014\2014297N11062\2014297N11062.NILOFAR.2014.10.26.0300.72.MSG-3.034.hursat-b1.v06.nc,2014-10-26T03:00:00,0.0,0,Depression / Weak System,HURSAT-B1 IRWIN/rad10,1.0,0,validation
2014297N11062,2014-10-26T06:00:00,E:\Cyclone-x-prototype\datas\HURSAT_NI\2014\2014297N11062\2014297N11062.NILOFAR.2014.10.26.0600.18.MET-7.037.hursat-b1.v06.nc,2014-10-26T06:00:00,0.0,1,Cyclonic Storm,HURSAT-B1 IRWIN/rad10,1.0,0,validation
2014297N11062,2014-10-26T06:00:00,E:\Cyclone-x-prototype\datas\HURSAT_NI\2014\2014297N11062\2014297N11062.NILOFAR.2014.10.26.0600.51.FY2-E.037.hursat-b1.v06.nc,2014-10-26T06:00:00,0.0,1,Cyclonic Storm,HURSAT-B1 IRWIN/rad10,1.0,0,validation
2014297N11062,2014-10-26T06:00:00,E:\Cyclone-x-prototype\datas\HURSAT_NI\2014\2014297N11062\2014297N11062.NILOFAR.2014.10.26.0600.72.MSG-3.037.hursat-b1.v06.nc,2014-10-26T06:00:00,0.0,1,Cyclonic Storm,HURSAT-B1 IRWIN/rad10,1.0,0,validation
2014297N11062,2014-10-26T09:00:00,E:\Cyclone-x-prototype\datas\HURSAT_NI\2014\2014297N11062\2014297N11062.NILOFAR.2014.10.26.0900.18.MET-7.041.hursat-b1.v06.nc,2014-10-26T09:00:00,0.0,1,Cyclonic Storm,HURSAT-B1 IRWIN/rad10,1.0,0,validation
2014297N11062,2014-10-26T09:00:00,E:\Cyclone-x-prototype\datas\HURSAT_NI\2014\2014297N11062\2014297N11062.NILOFAR.2014.10.26.0900.51.FY2-E.041.hursat-b1.v06.nc,2014-10-26T09:00:00,0.0,1,Cyclonic Storm,HURSAT-B1 IRWIN/rad10,1.0,0,validation
2014297N11062,2014-10-26T09:00:00,E:\Cyclone-x-prototype\datas\HURSAT_NI\2014\2014297N11062\2014297N11062.NILOFAR.2014.10.26.0900.72.MSG-3.041.hursat-b1.v06.nc,2014-10-26T09:00:00,0.0,1,Cyclonic Storm,HURSAT-B1 IRWIN/rad10,1.0,0,validation
2014297N11062,2014-10-26T12:00:00,E:\Cyclone-x-prototype\datas\HURSAT_NI\2014\2014297N11062\2014297N11062.NILOFAR.2014.10.26.1200.18.MET-7.044.hursat-b1.v06.nc,2014-10-26T12:00:00,0.0,1,Cyclonic Storm,HURSAT-B1 IRWIN/rad10,1.0,0,validation
2014297N11062,2014-10-26T12:00:00,E:\Cyclone-x-prototype\datas\HURSAT_NI\2014\2014297N11062\2014297N11062.NILOFAR.2014.10.26.1200.51.FY2-E.044.hursat-b1.v06.nc,2014-10-26T12:00:00,0.0,1,Cyclonic Storm,HURSAT-B1 IRWIN/rad10,1.0,0,validation
2014297N11062,2014-10-26T12:00:00,E:\Cyclone-x-prototype\datas\HURSAT_NI\2014\2014297N11062\2014297N11062.NILOFAR.2014.10.26.1200.72.MSG-3.044.hursat-b1.v06.nc,2014-10-26T12:00:00,0.0,1,Cyclonic Storm,HURSAT-B1 IRWIN/rad10,1.0,0,validation
2014297N11062,2014-10-26T15:00:00,E:\Cyclone-x-prototype\datas\HURSAT_NI\2014\2014297N11062\2014297N11062.NILOFAR.2014.10.26.1500.18.MET-7.045.hursat-b1.v06.nc,2014-10-26T15:00:00,0.0,1,Cyclonic Storm,HURSAT-B1 IRWIN/rad10,1.0,0,validation
2014297N11062,2014-10-26T15:00:00,E:\Cyclone-x-prototype\datas\HURSAT_NI\2014\2014297N11062\2014297N11062.NILOFAR.2014.10.26.1500.51.FY2-E.045.hursat-b1.v06.nc,2014-10-26T15:00:00,0.0,1,Cyclonic Storm,HURSAT-B1 IRWIN/rad10,1.0,0,validation
2014297N11062,2014-10-26T15:00:00,E:\Cyclone-x-prototype\datas\HURSAT_NI\2014\2014297N11062\2014297N11062.NILOFAR.2014.10.26.1500.72.MSG-3.045.hursat-b1.v06.nc,2014-10-26T15:00:00,0.0,1,Cyclonic Storm,HURSAT-B1 IRWIN/rad10,1.0,0,validation
2014297N11062,2014-10-26T18:00:00,E:\Cyclone-x-prototype\datas\HURSAT_NI\2014\2014297N11062\2014297N11062.NILOFAR.2014.10.26.1800.18.MET-7.047.hursat-b1.v06.nc,2014-10-26T18:00:00,0.0,1,Cyclonic Storm,HURSAT-B1 IRWIN/rad10,1.0,0,validation
2014297N11062,2014-10-26T18:00:00,E:\Cyclone-x-prototype\datas\HURSAT_NI\2014\2014297N11062\2014297N11062.NILOFAR.2014.10.26.1800.51.FY2-E.047.hursat-b1.v06.nc,2014-10-26T18:00:00,0.0,1,Cyclonic Storm,HURSAT-B1 IRWIN/rad10,1.0,0,validation
2014297N11062,2014-10-26T18:00:00,E:\Cyclone-x-prototype\datas\HURSAT_NI\2014\2014297N11062\2014297N11062.NILOFAR.2014.10.26.1800.72.MSG-3.047.hursat-b1.v06.nc,2014-10-26T18:00:00,0.0,1,Cyclonic Storm,HURSAT-B1 IRWIN/rad10,1.0,0,validation
2014297N11062,2014-10-26T21:00:00,E:\Cyclone-x-prototype\datas\HURSAT_NI\2014\2014297N11062\2014297N11062.NILOFAR.2014.10.26.2100.18.MET-7.051.hursat-b1.v06.nc,2014-10-26T21:00:00,0.0,1,Cyclonic Storm,HURSAT-B1 IRWIN/rad10,1.0,0,validation
2014297N11062,2014-10-26T21:00:00,E:\Cyclone-x-prototype\datas\HURSAT_NI\2014\2014297N11062\2014297N11062.NILOFAR.2014.10.26.2100.51.FY2-E.051.hursat-b1.v06.nc,2014-10-26T21:00:00,0.0,1,Cyclonic Storm,HURSAT-B1 IRWIN/rad10,1.0,0,validation
2014297N11062,2014-10-26T21:00:00,E:\Cyclone-x-prototype\datas\HURSAT_NI\2014\2014297N11062\2014297N11062.NILOFAR.2014.10.26.2100.72.MSG-3.051.hursat-b1.v06.nc,2014-10-26T21:00:00,0.0,1,Cyclonic Storm,HURSAT-B1 IRWIN/rad10,1.0,0,validation
2014297N11062,2014-10-27T00:00:00,E:\Cyclone-x-prototype\datas\HURSAT_NI\2014\2014297N11062\2014297N11062.NILOFAR.2014.10.27.0000.18.MET-7.056.hursat-b1.v06.nc,2014-10-27T00:00:00,0.0,1,Cyclonic Storm,HURSAT-B1 IRWIN/rad10,1.0,0,validation
2014297N11062,2014-10-27T00:00:00,E:\Cyclone-x-prototype\datas\HURSAT_NI\2014\2014297N11062\2014297N11062.NILOFAR.2014.10.27.0000.51.FY2-E.056.hursat-b1.v06.nc,2014-10-27T00:00:00,0.0,1,Cyclonic Storm,HURSAT-B1 IRWIN/rad10,1.0,0,validation
2014297N11062,2014-10-27T00:00:00,E:\Cyclone-x-prototype\datas\HURSAT_NI\2014\2014297N11062\2014297N11062.NILOFAR.2014.10.27.0000.72.MSG-3.056.hursat-b1.v06.nc,2014-10-27T00:00:00,0.0,1,Cyclonic Storm,HURSAT-B1 IRWIN/rad10,1.0,0,validation
2014297N11062,2014-10-27T03:00:00,E:\Cyclone-x-prototype\datas\HURSAT_NI\2014\2014297N11062\2014297N11062.NILOFAR.2014.10.27.0300.19.MET-7.060.hursat-b1.v06.nc,2014-10-27T03:00:00,0.0,1,Cyclonic Storm,HURSAT-B1 IRWIN/rad10,1.0,0,validation
2014297N11062,2014-10-27T03:00:00,E:\Cyclone-x-prototype\datas\HURSAT_NI\2014\2014297N11062\2014297N11062.NILOFAR.2014.10.27.0300.51.FY2-E.060.hursat-b1.v06.nc,2014-10-27T03:00:00,0.0,1,Cyclonic Storm,HURSAT-B1 IRWIN/rad10,1.0,0,validation
2014297N11062,2014-10-27T03:00:00,E:\Cyclone-x-prototype\datas\HURSAT_NI\2014\2014297N11062\2014297N11062.NILOFAR.2014.10.27.0300.72.MSG-3.060.hursat-b1.v06.nc,2014-10-27T03:00:00,0.0,1,Cyclonic Storm,HURSAT-B1 IRWIN/rad10,1.0,0,validation
2014297N11062,2014-10-27T06:00:00,E:\Cyclone-x-prototype\datas\HURSAT_NI\2014\2014297N11062\2014297N11062.NILOFAR.2014.10.27.0600.19.MET-7.063.hursat-b1.v06.nc,2014-10-27T06:00:00,0.0,2,Severe Cyclone,HURSAT-B1 IRWIN/rad10,1.0,0,validation
2014297N11062,2014-10-27T06:00:00,E:\Cyclone-x-prototype\datas\HURSAT_NI\2014\2014297N11062\2014297N11062.NILOFAR.2014.10.27.0600.51.FY2-E.063.hursat-b1.v06.nc,2014-10-27T06:00:00,0.0,2,Severe Cyclone,HURSAT-B1 IRWIN/rad10,1.0,0,validation
2014297N11062,2014-10-27T06:00:00,E:\Cyclone-x-prototype\datas\HURSAT_NI\2014\2014297N11062\2014297N11062.NILOFAR.2014.10.27.0600.72.MSG-3.063.hursat-b1.v06.nc,2014-10-27T06:00:00,0.0,2,Severe Cyclone,HURSAT-B1 IRWIN/rad10,1.0,0,validation
2014297N11062,2014-10-27T09:00:00,E:\Cyclone-x-prototype\datas\HURSAT_NI\2014\2014297N11062\2014297N11062.NILOFAR.2014.10.27.0900.19.MET-7.067.hursat-b1.v06.nc,2014-10-27T09:00:00,0.0,2,Severe Cyclone,HURSAT-B1 IRWIN/rad10,1.0,0,validation
2014297N11062,2014-10-27T09:00:00,E:\Cyclone-x-prototype\datas\HURSAT_NI\2014\2014297N11062\2014297N11062.NILOFAR.2014.10.27.0900.51.FY2-E.067.hursat-b1.v06.nc,2014-10-27T09:00:00,0.0,2,Severe Cyclone,HURSAT-B1 IRWIN/rad10,1.0,0,validation
2014297N11062,2014-10-27T12:00:00,E:\Cyclone-x-prototype\datas\HURSAT_NI\2014\2014297N11062\2014297N11062.NILOFAR.2014.10.27.1200.19.MET-7.070.hursat-b1.v06.nc,2014-10-27T12:00:00,0.0,2,Severe Cyclone,HURSAT-B1 IRWIN/rad10,1.0,0,validation
2014297N11062,2014-10-27T12:00:00,E:\Cyclone-x-prototype\datas\HURSAT_NI\2014\2014297N11062\2014297N11062.NILOFAR.2014.10.27.1200.51.FY2-E.070.hursat-b1.v06.nc,2014-10-27T12:00:00,0.0,2,Severe Cyclone,HURSAT-B1 IRWIN/rad10,1.0,0,validation
2014297N11062,2014-10-27T12:00:00,E:\Cyclone-x-prototype\datas\HURSAT_NI\2014\2014297N11062\2014297N11062.NILOFAR.2014.10.27.1200.72.MSG-3.070.hursat-b1.v06.nc,2014-10-27T12:00:00,0.0,2,Severe Cyclone,HURSAT-B1 IRWIN/rad10,1.0,0,validation
2014297N11062,2014-10-27T15:00:00,E:\Cyclone-x-prototype\datas\HURSAT_NI\2014\2014297N11062\2014297N11062.NILOFAR.2014.10.27.1500.19.MET-7.072.hursat-b1.v06.nc,2014-10-27T15:00:00,0.0,2,Severe Cyclone,HURSAT-B1 IRWIN/rad10,1.0,0,validation
2014297N11062,2014-10-27T15:00:00,E:\Cyclone-x-prototype\datas\HURSAT_NI\2014\2014297N11062\2014297N11062.NILOFAR.2014.10.27.1500.52.FY2-E.072.hursat-b1.v06.nc,2014-10-27T15:00:00,0.0,2,Severe Cyclone,HURSAT-B1 IRWIN/rad10,1.0,0,validation
2014297N11062,2014-10-27T15:00:00,E:\Cyclone-x-prototype\datas\HURSAT_NI\2014\2014297N11062\2014297N11062.NILOFAR.2014.10.27.1500.72.MSG-3.072.hursat-b1.v06.nc,2014-10-27T15:00:00,0.0,2,Severe Cyclone,HURSAT-B1 IRWIN/rad10,1.0,0,validation
2014297N11062,2014-10-27T18:00:00,E:\Cyclone-x-prototype\datas\HURSAT_NI\2014\2014297N11062\2014297N11062.NILOFAR.2014.10.27.1800.19.MET-7.075.hursat-b1.v06.nc,2014-10-27T18:00:00,0.0,2,Severe Cyclone,HURSAT-B1 IRWIN/rad10,1.0,0,validation
2014297N11062,2014-10-27T18:00:00,E:\Cyclone-x-prototype\datas\HURSAT_NI\2014\2014297N11062\2014297N11062.NILOFAR.2014.10.27.1800.52.FY2-E.075.hursat-b1.v06.nc,2014-10-27T18:00:00,0.0,2,Severe Cyclone,HURSAT-B1 IRWIN/rad10,1.0,0,validation
2014297N11062,2014-10-27T18:00:00,E:\Cyclone-x-prototype\datas\HURSAT_NI\2014\2014297N11062\2014297N11062.NILOFAR.2014.10.27.1800.72.MSG-3.075.hursat-b1.v06.nc,2014-10-27T18:00:00,0.0,2,Severe Cyclone,HURSAT-B1 IRWIN/rad10,1.0,0,validation
2014297N11062,2014-10-27T21:00:00,E:\Cyclone-x-prototype\datas\HURSAT_NI\2014\2014297N11062\2014297N11062.NILOFAR.2014.10.27.2100.19.MET-7.077.hursat-b1.v06.nc,2014-10-27T21:00:00,0.0,2,Severe Cyclone,HURSAT-B1 IRWIN/rad10,1.0,0,validation
2014297N11062,2014-10-27T21:00:00,E:\Cyclone-x-prototype\datas\HURSAT_NI\2014\2014297N11062\2014297N11062.NILOFAR.2014.10.27.2100.52.FY2-E.077.hursat-b1.v06.nc,2014-10-27T21:00:00,0.0,2,Severe Cyclone,HURSAT-B1 IRWIN/rad10,1.0,0,validation
2014297N11062,2014-10-27T21:00:00,E:\Cyclone-x-prototype\datas\HURSAT_NI\2014\2014297N11062\2014297N11062.NILOFAR.2014.10.27.2100.72.MSG-3.077.hursat-b1.v06.nc,2014-10-27T21:00:00,0.0,2,Severe Cyclone,HURSAT-B1 IRWIN/rad10,1.0,0,validation
2014297N11062,2014-10-28T00:00:00,E:\Cyclone-x-prototype\datas\HURSAT_NI\2014\2014297N11062\2014297N11062.NILOFAR.2014.10.28.0000.19.MET-7.079.hursat-b1.v06.nc,2014-10-28T00:00:00,0.0,2,Severe Cyclone,HURSAT-B1 IRWIN/rad10,1.0,0,validation
2014297N11062,2014-10-28T00:00:00,E:\Cyclone-x-prototype\datas\HURSAT_NI\2014\2014297N11062\2014297N11062.NILOFAR.2014.10.28.0000.52.FY2-E.079.hursat-b1.v06.nc,2014-10-28T00:00:00,0.0,2,Severe Cyclone,HURSAT-B1 IRWIN/rad10,1.0,0,validation
2014297N11062,2014-10-28T00:00:00,E:\Cyclone-x-prototype\datas\HURSAT_NI\2014\2014297N11062\2014297N11062.NILOFAR.2014.10.28.0000.72.MSG-3.079.hursat-b1.v06.nc,2014-10-28T00:00:00,0.0,2,Severe Cyclone,HURSAT-B1 IRWIN/rad10,1.0,0,validation
2014297N11062,2014-10-28T03:00:00,E:\Cyclone-x-prototype\datas\HURSAT_NI\2014\2014297N11062\2014297N11062.NILOFAR.2014.10.28.0300.19.MET-7.082.hursat-b1.v06.nc,2014-10-28T03:00:00,0.0,2,Severe Cyclone,HURSAT-B1 IRWIN/rad10,1.0,0,validation
2014297N11062,2014-10-28T03:00:00,E:\Cyclone-x-prototype\datas\HURSAT_NI\2014\2014297N11062\2014297N11062.NILOFAR.2014.10.28.0300.52.FY2-E.082.hursat-b1.v06.nc,2014-10-28T03:00:00,0.0,2,Severe Cyclone,HURSAT-B1 IRWIN/rad10,1.0,0,validation
2014297N11062,2014-10-28T03:00:00,E:\Cyclone-x-prototype\datas\HURSAT_NI\2014\2014297N11062\2014297N11062.NILOFAR.2014.10.28.0300.72.MSG-3.082.hursat-b1.v06.nc,2014-10-28T03:00:00,0.0,2,Severe Cyclone,HURSAT-B1 IRWIN/rad10,1.0,0,validation
2014297N11062,2014-10-28T06:00:00,E:\Cyclone-x-prototype\datas\HURSAT_NI\2014\2014297N11062\2014297N11062.NILOFAR.2014.10.28.0600.20.MET-7.084.hursat-b1.v06.nc,2014-10-28T06:00:00,0.0,2,Severe Cyclone,HURSAT-B1 IRWIN/rad10,1.0,0,validation
2014297N11062,2014-10-28T06:00:00,E:\Cyclone-x-prototype\datas\HURSAT_NI\2014\2014297N11062\2014297N11062.NILOFAR.2014.10.28.0600.52.FY2-E.084.hursat-b1.v06.nc,2014-10-28T06:00:00,0.0,2,Severe Cyclone,HURSAT-B1 IRWIN/rad10,1.0,0,validation
2014297N11062,2014-10-28T06:00:00,E:\Cyclone-x-prototype\datas\HURSAT_NI\2014\2014297N11062\2014297N11062.NILOFAR.2014.10.28.0600.72.MSG-3.084.hursat-b1.v06.nc,2014-10-28T06:00:00,0.0,2,Severe Cyclone,HURSAT-B1 IRWIN/rad10,1.0,0,validation
2014297N11062,2014-10-28T09:00:00,E:\Cyclone-x-prototype\datas\HURSAT_NI\2014\2014297N11062\2014297N11062.NILOFAR.2014.10.28.0900.20.MET-7.092.hursat-b1.v06.nc,2014-10-28T09:00:00,0.0,2,Severe Cyclone,HURSAT-B1 IRWIN/rad10,1.0,0,validation
2014297N11062,2014-10-28T09:00:00,E:\Cyclone-x-prototype\datas\HURSAT_NI\2014\2014297N11062\2014297N11062.NILOFAR.2014.10.28.0900.52.FY2-E.092.hursat-b1.v06.nc,2014-10-28T09:00:00,0.0,2,Severe Cyclone,HURSAT-B1 IRWIN/rad10,1.0,0,validation
2014297N11062,2014-10-28T09:00:00,E:\Cyclone-x-prototype\datas\HURSAT_NI\2014\2014297N11062\2014297N11062.NILOFAR.2014.10.28.0900.72.MSG-3.092.hursat-b1.v06.nc,2014-10-28T09:00:00,0.0,2,Severe Cyclone,HURSAT-B1 IRWIN/rad10,1.0,0,validation
2014297N11062,2014-10-28T12:00:00,E:\Cyclone-x-prototype\datas\HURSAT_NI\2014\2014297N11062\2014297N11062.NILOFAR.2014.10.28.1200.21.MET-7.101.hursat-b1.v06.nc,2014-10-28T12:00:00,0.0,2,Severe Cyclone,HURSAT-B1 IRWIN/rad10,1.0,0,validation
2014297N11062,2014-10-28T12:00:00,E:\Cyclone-x-prototype\datas\HURSAT_NI\2014\2014297N11062\2014297N11062.NILOFAR.2014.10.28.1200.52.FY2-E.101.hursat-b1.v06.nc,2014-10-28T12:00:00,0.0,2,Severe Cyclone,HURSAT-B1 IRWIN/rad10,1.0,0,validation
2014297N11062,2014-10-28T12:00:00,E:\Cyclone-x-prototype\datas\HURSAT_NI\2014\2014297N11062\2014297N11062.NILOFAR.2014.10.28.1200.72.MSG-3.101.hursat-b1.v06.nc,2014-10-28T12:00:00,0.0,2,Severe Cyclone,HURSAT-B1 IRWIN/rad10,1.0,0,validation
2014297N11062,2014-10-28T15:00:00,E:\Cyclone-x-prototype\datas\HURSAT_NI\2014\2014297N11062\2014297N11062.NILOFAR.2014.10.28.1500.21.MET-7.103.hursat-b1.v06.nc,2014-10-28T15:00:00,0.0,2,Severe Cyclone,HURSAT-B1 IRWIN/rad10,1.0,0,validation
2014297N11062,2014-10-28T15:00:00,E:\Cyclone-x-prototype\datas\HURSAT_NI\2014\2014297N11062\2014297N11062.NILOFAR.2014.10.28.1500.53.FY2-E.103.hursat-b1.v06.nc,2014-10-28T15:00:00,0.0,2,Severe Cyclone,HURSAT-B1 IRWIN/rad10,1.0,0,validation
2014297N11062,2014-10-28T15:00:00,E:\Cyclone-x-prototype\datas\HURSAT_NI\2014\2014297N11062\2014297N11062.NILOFAR.2014.10.28.1500.72.MSG-3.103.hursat-b1.v06.nc,2014-10-28T15:00:00,0.0,2,Severe Cyclone,HURSAT-B1 IRWIN/rad10,1.0,0,validation
2014297N11062,2014-10-28T18:00:00,E:\Cyclone-x-prototype\datas\HURSAT_NI\2014\2014297N11062\2014297N11062.NILOFAR.2014.10.28.1800.21.MET-7.106.hursat-b1.v06.nc,2014-10-28T18:00:00,0.0,2,Severe Cyclone,HURSAT-B1 IRWIN/rad10,1.0,0,validation
2014297N11062,2014-10-28T18:00:00,E:\Cyclone-x-prototype\datas\HURSAT_NI\2014\2014297N11062\2014297N11062.NILOFAR.2014.10.28.1800.53.FY2-E.106.hursat-b1.v06.nc,2014-10-28T18:00:00,0.0,2,Severe Cyclone,HURSAT-B1 IRWIN/rad10,1.0,0,validation
2014297N11062,2014-10-28T18:00:00,E:\Cyclone-x-prototype\datas\HURSAT_NI\2014\2014297N11062\2014297N11062.NILOFAR.2014.10.28.1800.72.MSG-3.106.hursat-b1.v06.nc,2014-10-28T18:00:00,0.0,2,Severe Cyclone,HURSAT-B1 IRWIN/rad10,1.0,0,validation
2014297N11062,2014-10-28T21:00:00,E:\Cyclone-x-prototype\datas\HURSAT_NI\2014\2014297N11062\2014297N11062.NILOFAR.2014.10.28.2100.22.MET-7.102.hursat-b1.v06.nc,2014-10-28T21:00:00,0.0,2,Severe Cyclone,HURSAT-B1 IRWIN/rad10,1.0,0,validation
2014297N11062,2014-10-28T21:00:00,E:\Cyclone-x-prototype\datas\HURSAT_NI\2014\2014297N11062\2014297N11062.NILOFAR.2014.10.28.2100.53.FY2-E.102.hursat-b1.v06.nc,2014-10-28T21:00:00,0.0,2,Severe Cyclone,HURSAT-B1 IRWIN/rad10,1.0,0,validation
2014297N11062,2014-10-28T21:00:00,E:\Cyclone-x-prototype\datas\HURSAT_NI\2014\2014297N11062\2014297N11062.NILOFAR.2014.10.28.2100.72.MSG-3.102.hursat-b1.v06.nc,2014-10-28T21:00:00,0.0,2,Severe Cyclone,HURSAT-B1 IRWIN/rad10,1.0,0,validation
2014297N11062,2014-10-29T00:00:00,E:\Cyclone-x-prototype\datas\HURSAT_NI\2014\2014297N11062\2014297N11062.NILOFAR.2014.10.29.0000.22.MET-7.099.hursat-b1.v06.nc,2014-10-29T00:00:00,0.0,2,Severe Cyclone,HURSAT-B1 IRWIN/rad10,1.0,0,validation
2014297N11062,2014-10-29T00:00:00,E:\Cyclone-x-prototype\datas\HURSAT_NI\2014\2014297N11062\2014297N11062.NILOFAR.2014.10.29.0000.72.MSG-3.099.hursat-b1.v06.nc,2014-10-29T00:00:00,0.0,2,Severe Cyclone,HURSAT-B1 IRWIN/rad10,1.0,0,validation
2014297N11062,2014-10-29T03:00:00,E:\Cyclone-x-prototype\datas\HURSAT_NI\2014\2014297N11062\2014297N11062.NILOFAR.2014.10.29.0300.22.MET-7.094.hursat-b1.v06.nc,2014-10-29T03:00:00,0.0,2,Severe Cyclone,HURSAT-B1 IRWIN/rad10,1.0,0,validation
2014297N11062,2014-10-29T03:00:00,E:\Cyclone-x-prototype\datas\HURSAT_NI\2014\2014297N11062\2014297N11062.NILOFAR.2014.10.29.0300.72.MSG-3.094.hursat-b1.v06.nc,2014-10-29T03:00:00,0.0,2,Severe Cyclone,HURSAT-B1 IRWIN/rad10,1.0,0,validation
2014297N11062,2014-10-29T06:00:00,E:\Cyclone-x-prototype\datas\HURSAT_NI\2014\2014297N11062\2014297N11062.NILOFAR.2014.10.29.0600.23.MET-7.089.hursat-b1.v06.nc,2014-10-29T06:00:00,0.0,2,Severe Cyclone,HURSAT-B1 IRWIN/rad10,1.0,0,validation
2014297N11062,2014-10-29T06:00:00,E:\Cyclone-x-prototype\datas\HURSAT_NI\2014\2014297N11062\2014297N11062.NILOFAR.2014.10.29.0600.72.MSG-3.089.hursat-b1.v06.nc,2014-10-29T06:00:00,0.0,2,Severe Cyclone,HURSAT-B1 IRWIN/rad10,1.0,0,validation
2014297N11062,2014-10-29T09:00:00,E:\Cyclone-x-prototype\datas\HURSAT_NI\2014\2014297N11062\2014297N11062.NILOFAR.2014.10.29.0900.23.MET-7.082.hursat-b1.v06.nc,2014-10-29T09:00:00,0.0,2,Severe Cyclone,HURSAT-B1 IRWIN/rad10,1.0,0,validation
2014297N11062,2014-10-29T09:00:00,E:\Cyclone-x-prototype\datas\HURSAT_NI\2014\2014297N11062\2014297N11062.NILOFAR.2014.10.29.0900.72.MSG-3.082.hursat-b1.v06.nc,2014-10-29T09:00:00,0.0,2,Severe Cyclone,HURSAT-B1 IRWIN/rad10,1.0,0,validation
2014297N11062,2014-10-29T12:00:00,E:\Cyclone-x-prototype\datas\HURSAT_NI\2014\2014297N11062\2014297N11062.NILOFAR.2014.10.29.1200.23.MET-7.075.hursat-b1.v06.nc,2014-10-29T12:00:00,0.0,2,Severe Cyclone,HURSAT-B1 IRWIN/rad10,1.0,0,validation
2014297N11062,2014-10-29T12:00:00,E:\Cyclone-x-prototype\datas\HURSAT_NI\2014\2014297N11062\2014297N11062.NILOFAR.2014.10.29.1200.73.MSG-3.075.hursat-b1.v06.nc,2014-10-29T12:00:00,0.0,2,Severe Cyclone,HURSAT-B1 IRWIN/rad10,1.0,0,validation
2014297N11062,2014-10-29T15:00:00,E:\Cyclone-x-prototype\datas\HURSAT_NI\2014\2014297N11062\2014297N11062.NILOFAR.2014.10.29.1500.23.MET-7.071.hursat-b1.v06.nc,2014-10-29T15:00:00,0.0,2,Severe Cyclone,HURSAT-B1 IRWIN/rad10,1.0,0,validation
2014297N11062,2014-10-29T15:00:00,E:\Cyclone-x-prototype\datas\HURSAT_NI\2014\2014297N11062\2014297N11062.NILOFAR.2014.10.29.1500.73.MSG-3.071.hursat-b1.v06.nc,2014-10-29T15:00:00,0.0,2,Severe Cyclone,HURSAT-B1 IRWIN/rad10,1.0,0,validation
2014297N11062,2014-10-29T18:00:00,E:\Cyclone-x-prototype\datas\HURSAT_NI\2014\2014297N11062\2014297N11062.NILOFAR.2014.10.29.1800.24.MET-7.066.hursat-b1.v06.nc,2014-10-29T18:00:00,0.0,2,Severe Cyclone,HURSAT-B1 IRWIN/rad10,1.0,0,validation
2014297N11062,2014-10-29T18:00:00,E:\Cyclone-x-prototype\datas\HURSAT_NI\2014\2014297N11062\2014297N11062.NILOFAR.2014.10.29.1800.73.MSG-3.066.hursat-b1.v06.nc,2014-10-29T18:00:00,0.0,2,Severe Cyclone,HURSAT-B1 IRWIN/rad10,1.0,0,validation
2014297N11062,2014-10-29T21:00:00,E:\Cyclone-x-prototype\datas\HURSAT_NI\2014\2014297N11062\2014297N11062.NILOFAR.2014.10.29.2100.24.MET-7.061.hursat-b1.v06.nc,2014-10-29T21:00:00,0.0,1,Cyclonic Storm,HURSAT-B1 IRWIN/rad10,1.0,0,validation
2014297N11062,2014-10-29T21:00:00,E:\Cyclone-x-prototype\datas\HURSAT_NI\2014\2014297N11062\2014297N11062.NILOFAR.2014.10.29.2100.74.MSG-3.061.hursat-b1.v06.nc,2014-10-29T21:00:00,0.0,1,Cyclonic Storm,HURSAT-B1 IRWIN/rad10,1.0,0,validation
2014297N11062,2014-10-30T00:00:00,E:\Cyclone-x-prototype\datas\HURSAT_NI\2014\2014297N11062\2014297N11062.NILOFAR.2014.10.30.0000.24.MET-7.056.hursat-b1.v06.nc,2014-10-30T00:00:00,0.0,1,Cyclonic Storm,HURSAT-B1 IRWIN/rad10,1.0,0,validation
2014297N11062,2014-10-30T00:00:00,E:\Cyclone-x-prototype\datas\HURSAT_NI\2014\2014297N11062\2014297N11062.NILOFAR.2014.10.30.0000.52.FY2-E.056.hursat-b1.v06.nc,2014-10-30T00:00:00,0.0,1,Cyclonic Storm,HURSAT-B1 IRWIN/rad10,1.0,0,validation
2014297N11062,2014-10-30T00:00:00,E:\Cyclone-x-prototype\datas\HURSAT_NI\2014\2014297N11062\2014297N11062.NILOFAR.2014.10.30.0000.74.MSG-3.056.hursat-b1.v06.nc,2014-10-30T00:00:00,0.0,1,Cyclonic Storm,HURSAT-B1 IRWIN/rad10,1.0,0,validation
2014297N11062,2014-10-30T03:00:00,E:\Cyclone-x-prototype\datas\HURSAT_NI\2014\2014297N11062\2014297N11062.NILOFAR.2014.10.30.0300.25.MET-7.050.hursat-b1.v06.nc,2014-10-30T03:00:00,0.0,1,Cyclonic Storm,HURSAT-B1 IRWIN/rad10,1.0,0,validation
2014297N11062,2014-10-30T03:00:00,E:\Cyclone-x-prototype\datas\HURSAT_NI\2014\2014297N11062\2014297N11062.NILOFAR.2014.10.30.0300.51.FY2-E.050.hursat-b1.v06.nc,2014-10-30T03:00:00,0.0,1,Cyclonic Storm,HURSAT-B1 IRWIN/rad10,1.0,0,validation
2014297N11062,2014-10-30T03:00:00,E:\Cyclone-x-prototype\datas\HURSAT_NI\2014\2014297N11062\2014297N11062.NILOFAR.2014.10.30.0300.75.MSG-3.050.hursat-b1.v06.nc,2014-10-30T03:00:00,0.0,1,Cyclonic Storm,HURSAT-B1 IRWIN/rad10,1.0,0,validation
2014309N13088,2014-11-05T06:00:00,E:\Cyclone-x-prototype\datas\HURSAT_NI\2014\2014309N13088\2014309N13088.FIVE.2014.11.05.0600.25.FY2-E.018.hursat-b1.v06.nc,2014-11-05T09:00:00,3.0,0,Depression / Weak System,HURSAT-B1 IRWIN/rad10,1.0,0,train
2014309N13088,2014-11-05T06:00:00,E:\Cyclone-x-prototype\datas\HURSAT_NI\2014\2014309N13088\2014309N13088.FIVE.2014.11.05.0600.39.MET-7.018.hursat-b1.v06.nc,2014-11-05T09:00:00,3.0,0,Depression / Weak System,HURSAT-B1 IRWIN/rad10,1.0,0,train
2014309N13088,2014-11-05T06:00:00,E:\Cyclone-x-prototype\datas\HURSAT_NI\2014\2014309N13088\2014309N13088.FIVE.2014.11.05.0600.67.MTS-2.018.hursat-b1.v06.nc,2014-11-05T09:00:00,3.0,0,Depression / Weak System,HURSAT-B1 IRWIN/rad10,1.0,0,train
2014309N13088,2014-11-05T09:00:00,E:\Cyclone-x-prototype\datas\HURSAT_NI\2014\2014309N13088\2014309N13088.FIVE.2014.11.05.0900.25.FY2-E.021.hursat-b1.v06.nc,2014-11-05T09:00:00,0.0,0,Depression / Weak System,HURSAT-B1 IRWIN/rad10,1.0,0,train
2014309N13088,2014-11-05T09:00:00,E:\Cyclone-x-prototype\datas\HURSAT_NI\2014\2014309N13088\2014309N13088.FIVE.2014.11.05.0900.38.MET-7.021.hursat-b1.v06.nc,2014-11-05T09:00:00,0.0,0,Depression / Weak System,HURSAT-B1 IRWIN/rad10,1.0,0,train
2014309N13088,2014-11-05T09:00:00,E:\Cyclone-x-prototype\datas\HURSAT_NI\2014\2014309N13088\2014309N13088.FIVE.2014.11.05.0900.67.MTS-2.021.hursat-b1.v06.nc,2014-11-05T09:00:00,0.0,0,Depression / Weak System,HURSAT-B1 IRWIN/rad10,1.0,0,train
2014309N13088,2014-11-05T12:00:00,E:\Cyclone-x-prototype\datas\HURSAT_NI\2014\2014309N13088\2014309N13088.FIVE.2014.11.05.1200.25.FY2-E.024.hursat-b1.v06.nc,2014-11-05T12:00:00,0.0,0,Depression / Weak System,HURSAT-B1 IRWIN/rad10,1.0,0,train
2014309N13088,2014-11-05T12:00:00,E:\Cyclone-x-prototype\datas\HURSAT_NI\2014\2014309N13088\2014309N13088.FIVE.2014.11.05.1200.38.MET-7.024.hursat-b1.v06.nc,2014-11-05T12:00:00,0.0,0,Depression / Weak System,HURSAT-B1 IRWIN/rad10,1.0,0,train
2014309N13088,2014-11-05T12:00:00,E:\Cyclone-x-prototype\datas\HURSAT_NI\2014\2014309N13088\2014309N13088.FIVE.2014.11.05.1200.67.MTS-2.024.hursat-b1.v06.nc,2014-11-05T12:00:00,0.0,0,Depression / Weak System,HURSAT-B1 IRWIN/rad10,1.0,0,train
2014309N13088,2014-11-05T15:00:00,E:\Cyclone-x-prototype\datas\HURSAT_NI\2014\2014309N13088\2014309N13088.FIVE.2014.11.05.1500.26.FY2-E.025.hursat-b1.v06.nc,2014-11-05T12:00:00,3.0,0,Depression / Weak System,HURSAT-B1 IRWIN/rad10,1.0,0,train
2014309N13088,2014-11-05T15:00:00,E:\Cyclone-x-prototype\datas\HURSAT_NI\2014\2014309N13088\2014309N13088.FIVE.2014.11.05.1500.38.MET-7.025.hursat-b1.v06.nc,2014-11-05T12:00:00,3.0,0,Depression / Weak System,HURSAT-B1 IRWIN/rad10,1.0,0,train
2014309N13088,2014-11-05T15:00:00,E:\Cyclone-x-prototype\datas\HURSAT_NI\2014\2014309N13088\2014309N13088.FIVE.2014.11.05.1500.67.MTS-2.025.hursat-b1.v06.nc,2014-11-05T12:00:00,3.0,0,Depression / Weak System,HURSAT-B1 IRWIN/rad10,1.0,0,train
2014309N13088,2014-11-05T18:00:00,E:\Cyclone-x-prototype\datas\HURSAT_NI\2014\2014309N13088\2014309N13088.FIVE.2014.11.05.1800.26.FY2-E.026.hursat-b1.v06.nc,2014-11-05T18:00:00,0.0,0,Depression / Weak System,HURSAT-B1 IRWIN/rad10,1.0,0,train
2014309N13088,2014-11-05T18:00:00,E:\Cyclone-x-prototype\datas\HURSAT_NI\2014\2014309N13088\2014309N13088.FIVE.2014.11.05.1800.38.MET-7.026.hursat-b1.v06.nc,2014-11-05T18:00:00,0.0,0,Depression / Weak System,HURSAT-B1 IRWIN/rad10,1.0,0,train
2014309N13088,2014-11-05T18:00:00,E:\Cyclone-x-prototype\datas\HURSAT_NI\2014\2014309N13088\2014309N13088.FIVE.2014.11.05.1800.67.MTS-2.026.hursat-b1.v06.nc,2014-11-05T18:00:00,0.0,0,Depression / Weak System,HURSAT-B1 IRWIN/rad10,1.0,0,train
2014309N13088,2014-11-05T21:00:00,E:\Cyclone-x-prototype\datas\HURSAT_NI\2014\2014309N13088\2014309N13088.FIVE.2014.11.05.2100.26.FY2-E.027.hursat-b1.v06.nc,2014-11-05T18:00:00,3.0,0,Depression / Weak System,HURSAT-B1 IRWIN/rad10,1.0,0,train
2014309N13088,2014-11-05T21:00:00,E:\Cyclone-x-prototype\datas\HURSAT_NI\2014\2014309N13088\2014309N13088.FIVE.2014.11.05.2100.38.MET-7.027.hursat-b1.v06.nc,2014-11-05T18:00:00,3.0,0,Depression / Weak System,HURSAT-B1 IRWIN/rad10,1.0,0,train
2014309N13088,2014-11-05T21:00:00,E:\Cyclone-x-prototype\datas\HURSAT_NI\2014\2014309N13088\2014309N13088.FIVE.2014.11.05.2100.67.MTS-2.027.hursat-b1.v06.nc,2014-11-05T18:00:00,3.0,0,Depression / Weak System,HURSAT-B1 IRWIN/rad10,1.0,0,train
2014309N13088,2014-11-06T00:00:00,E:\Cyclone-x-prototype\datas\HURSAT_NI\2014\2014309N13088\2014309N13088.FIVE.2014.11.06.0000.26.FY2-E.028.hursat-b1.v06.nc,2014-11-06T00:00:00,0.0,0,Depression / Weak System,HURSAT-B1 IRWIN/rad10,1.0,0,train
2014309N13088,2014-11-06T00:00:00,E:\Cyclone-x-prototype\datas\HURSAT_NI\2014\2014309N13088\2014309N13088.FIVE.2014.11.06.0000.38.MET-7.028.hursat-b1.v06.nc,2014-11-06T00:00:00,0.0,0,Depression / Weak System,HURSAT-B1 IRWIN/rad10,1.0,0,train
2014309N13088,2014-11-06T00:00:00,E:\Cyclone-x-prototype\datas\HURSAT_NI\2014\2014309N13088\2014309N13088.FIVE.2014.11.06.0000.67.MTS-2.028.hursat-b1.v06.nc,2014-11-06T00:00:00,0.0,0,Depression / Weak System,HURSAT-B1 IRWIN/rad10,1.0,0,train
2014309N13088,2014-11-06T03:00:00,E:\Cyclone-x-prototype\datas\HURSAT_NI\2014\2014309N13088\2014309N13088.FIVE.2014.11.06.0300.26.FY2-E.028.hursat-b1.v06.nc,2014-11-06T03:00:00,0.0,0,Depression / Weak System,HURSAT-B1 IRWIN/rad10,1.0,0,train
2014309N13088,2014-11-06T03:00:00,E:\Cyclone-x-prototype\datas\HURSAT_NI\2014\2014309N13088\2014309N13088.FIVE.2014.11.06.0300.39.MET-7.028.hursat-b1.v06.nc,2014-11-06T03:00:00,0.0,0,Depression / Weak System,HURSAT-B1 IRWIN/rad10,1.0,0,train
2014309N13088,2014-11-06T03:00:00,E:\Cyclone-x-prototype\datas\HURSAT_NI\2014\2014309N13088\2014309N13088.FIVE.2014.11.06.0300.67.MTS-2.028.hursat-b1.v06.nc,2014-11-06T03:00:00,0.0,0,Depression / Weak System,HURSAT-B1 IRWIN/rad10,1.0,0,train
2014309N13088,2014-11-06T06:00:00,E:\Cyclone-x-prototype\datas\HURSAT_NI\2014\2014309N13088\2014309N13088.FIVE.2014.11.06.0600.25.FY2-E.028.hursat-b1.v06.nc,2014-11-06T06:00:00,0.0,0,Depression / Weak System,HURSAT-B1 IRWIN/rad10,1.0,0,train
2014309N13088,2014-11-06T06:00:00,E:\Cyclone-x-prototype\datas\HURSAT_NI\2014\2014309N13088\2014309N13088.FIVE.2014.11.06.0600.39.MET-7.028.hursat-b1.v06.nc,2014-11-06T06:00:00,0.0,0,Depression / Weak System,HURSAT-B1 IRWIN/rad10,1.0,0,train
2014309N13088,2014-11-06T06:00:00,E:\Cyclone-x-prototype\datas\HURSAT_NI\2014\2014309N13088\2014309N13088.FIVE.2014.11.06.0600.67.MTS-2.028.hursat-b1.v06.nc,2014-11-06T06:00:00,0.0,0,Depression / Weak System,HURSAT-B1 IRWIN/rad10,1.0,0,train
2014309N13088,2014-11-06T09:00:00,E:\Cyclone-x-prototype\datas\HURSAT_NI\2014\2014309N13088\2014309N13088.FIVE.2014.11.06.0900.25.FY2-E.027.hursat-b1.v06.nc,2014-11-06T06:00:00,3.0,0,Depression / Weak System,HURSAT-B1 IRWIN/rad10,1.0,0,train
2014309N13088,2014-11-06T09:00:00,E:\Cyclone-x-prototype\datas\HURSAT_NI\2014\2014309N13088\2014309N13088.FIVE.2014.11.06.0900.39.MET-7.027.hursat-b1.v06.nc,2014-11-06T06:00:00,3.0,0,Depression / Weak System,HURSAT-B1 IRWIN/rad10,1.0,0,train
2014309N13088,2014-11-06T09:00:00,E:\Cyclone-x-prototype\datas\HURSAT_NI\2014\2014309N13088\2014309N13088.FIVE.2014.11.06.0900.67.MTS-2.027.hursat-b1.v06.nc,2014-11-06T06:00:00,3.0,0,Depression / Weak System,HURSAT-B1 IRWIN/rad10,1.0,0,train
2014309N13088,2014-11-06T12:00:00,E:\Cyclone-x-prototype\datas\HURSAT_NI\2014\2014309N13088\2014309N13088.FIVE.2014.11.06.1200.25.FY2-E.026.hursat-b1.v06.nc,2014-11-06T12:00:00,0.0,0,Depression / Weak System,HURSAT-B1 IRWIN/rad10,1.0,0,train
2014309N13088,2014-11-06T12:00:00,E:\Cyclone-x-prototype\datas\HURSAT_NI\2014\2014309N13088\2014309N13088.FIVE.2014.11.06.1200.39.MET-7.026.hursat-b1.v06.nc,2014-11-06T12:00:00,0.0,0,Depression / Weak System,HURSAT-B1 IRWIN/rad10,1.0,0,train
2014309N13088,2014-11-06T12:00:00,E:\Cyclone-x-prototype\datas\HURSAT_NI\2014\2014309N13088\2014309N13088.FIVE.2014.11.06.1200.66.MTS-2.026.hursat-b1.v06.nc,2014-11-06T12:00:00,0.0,0,Depression / Weak System,HURSAT-B1 IRWIN/rad10,1.0,0,train
2014309N13088,2014-11-06T15:00:00,E:\Cyclone-x-prototype\datas\HURSAT_NI\2014\2014309N13088\2014309N13088.FIVE.2014.11.06.1500.25.FY2-E.026.hursat-b1.v06.nc,2014-11-06T12:00:00,3.0,0,Depression / Weak System,HURSAT-B1 IRWIN/rad10,1.0,0,train
2014309N13088,2014-11-06T15:00:00,E:\Cyclone-x-prototype\datas\HURSAT_NI\2014\2014309N13088\2014309N13088.FIVE.2014.11.06.1500.39.MET-7.026.hursat-b1.v06.nc,2014-11-06T12:00:00,3.0,0,Depression / Weak System,HURSAT-B1 IRWIN/rad10,1.0,0,train
2014309N13088,2014-11-06T15:00:00,E:\Cyclone-x-prototype\datas\HURSAT_NI\2014\2014309N13088\2014309N13088.FIVE.2014.11.06.1500.66.MTS-2.026.hursat-b1.v06.nc,2014-11-06T12:00:00,3.0,0,Depression / Weak System,HURSAT-B1 IRWIN/rad10,1.0,0,train
2014309N13088,2014-11-06T18:00:00,E:\Cyclone-x-prototype\datas\HURSAT_NI\2014\2014309N13088\2014309N13088.FIVE.2014.11.06.1800.25.FY2-E.026.hursat-b1.v06.nc,2014-11-06T18:00:00,0.0,0,Depression / Weak System,HURSAT-B1 IRWIN/rad10,1.0,0,train
2014309N13088,2014-11-06T18:00:00,E:\Cyclone-x-prototype\datas\HURSAT_NI\2014\2014309N13088\2014309N13088.FIVE.2014.11.06.1800.39.MET-7.026.hursat-b1.v06.nc,2014-11-06T18:00:00,0.0,0,Depression / Weak System,HURSAT-B1 IRWIN/rad10,1.0,0,train
2014309N13088,2014-11-06T18:00:00,E:\Cyclone-x-prototype\datas\HURSAT_NI\2014\2014309N13088\2014309N13088.FIVE.2014.11.06.1800.66.MTS-2.026.hursat-b1.v06.nc,2014-11-06T18:00:00,0.0,0,Depression / Weak System,HURSAT-B1 IRWIN/rad10,1.0,0,train
2014309N13088,2014-11-06T21:00:00,E:\Cyclone-x-prototype\datas\HURSAT_NI\2014\2014309N13088\2014309N13088.FIVE.2014.11.06.2100.39.MET-7.026.hursat-b1.v06.nc,2014-11-06T18:00:00,3.0,0,Depression / Weak System,HURSAT-B1 IRWIN/rad10,1.0,0,train
2014309N13088,2014-11-06T21:00:00,E:\Cyclone-x-prototype\datas\HURSAT_NI\2014\2014309N13088\2014309N13088.FIVE.2014.11.06.2100.66.MTS-2.026.hursat-b1.v06.nc,2014-11-06T18:00:00,3.0,0,Depression / Weak System,HURSAT-B1 IRWIN/rad10,1.0,0,train
2014309N13088,2014-11-07T00:00:00,E:\Cyclone-x-prototype\datas\HURSAT_NI\2014\2014309N13088\2014309N13088.FIVE.2014.11.07.0000.25.FY2-E.026.hursat-b1.v06.nc,2014-11-07T00:00:00,0.0,0,Depression / Weak System,HURSAT-B1 IRWIN/rad10,1.0,0,train
2014309N13088,2014-11-07T00:00:00,E:\Cyclone-x-prototype\datas\HURSAT_NI\2014\2014309N13088\2014309N13088.FIVE.2014.11.07.0000.39.MET-7.026.hursat-b1.v06.nc,2014-11-07T00:00:00,0.0,0,Depression / Weak System,HURSAT-B1 IRWIN/rad10,1.0,0,train
2014309N13088,2014-11-07T00:00:00,E:\Cyclone-x-prototype\datas\HURSAT_NI\2014\2014309N13088\2014309N13088.FIVE.2014.11.07.0000.67.MTS-2.026.hursat-b1.v06.nc,2014-11-07T00:00:00,0.0,0,Depression / Weak System,HURSAT-B1 IRWIN/rad10,1.0,0,train
2014309N13088,2014-11-07T03:00:00,E:\Cyclone-x-prototype\datas\HURSAT_NI\2014\2014309N13088\2014309N13088.FIVE.2014.11.07.0300.26.FY2-E.025.hursat-b1.v06.nc,2014-11-07T03:00:00,0.0,0,Depression / Weak System,HURSAT-B1 IRWIN/rad10,1.0,0,train
2014309N13088,2014-11-07T03:00:00,E:\Cyclone-x-prototype\datas\HURSAT_NI\2014\2014309N13088\2014309N13088.FIVE.2014.11.07.0300.39.MET-7.025.hursat-b1.v06.nc,2014-11-07T03:00:00,0.0,0,Depression / Weak System,HURSAT-B1 IRWIN/rad10,1.0,0,train
2014309N13088,2014-11-07T03:00:00,E:\Cyclone-x-prototype\datas\HURSAT_NI\2014\2014309N13088\2014309N13088.FIVE.2014.11.07.0300.67.MTS-2.025.hursat-b1.v06.nc,2014-11-07T03:00:00,0.0,0,Depression / Weak System,HURSAT-B1 IRWIN/rad10,1.0,0,train
2014309N13088,2014-11-07T06:00:00,E:\Cyclone-x-prototype\datas\HURSAT_NI\2014\2014309N13088\2014309N13088.FIVE.2014.11.07.0600.26.FY2-E.024.hursat-b1.v06.nc,2014-11-07T06:00:00,0.0,0,Depression / Weak System,HURSAT-B1 IRWIN/rad10,1.0,0,train
2014309N13088,2014-11-07T06:00:00,E:\Cyclone-x-prototype\datas\HURSAT_NI\2014\2014309N13088\2014309N13088.FIVE.2014.11.07.0600.39.MET-7.024.hursat-b1.v06.nc,2014-11-07T06:00:00,0.0,0,Depression / Weak System,HURSAT-B1 IRWIN/rad10,1.0,0,train
2014309N13088,2014-11-07T06:00:00,E:\Cyclone-x-prototype\datas\HURSAT_NI\2014\2014309N13088\2014309N13088.FIVE.2014.11.07.0600.67.MTS-2.024.hursat-b1.v06.nc,2014-11-07T06:00:00,0.0,0,Depression / Weak System,HURSAT-B1 IRWIN/rad10,1.0,0,train
2014309N13088,2014-11-07T09:00:00,E:\Cyclone-x-prototype\datas\HURSAT_NI\2014\2014309N13088\2014309N13088.FIVE.2014.11.07.0900.26.FY2-E.024.hursat-b1.v06.nc,2014-11-07T06:00:00,3.0,0,Depression / Weak System,HURSAT-B1 IRWIN/rad10,1.0,0,train
2014309N13088,2014-11-07T09:00:00,E:\Cyclone-x-prototype\datas\HURSAT_NI\2014\2014309N13088\2014309N13088.FIVE.2014.11.07.0900.39.MET-7.024.hursat-b1.v06.nc,2014-11-07T06:00:00,3.0,0,Depression / Weak System,HURSAT-B1 IRWIN/rad10,1.0,0,train
2014309N13088,2014-11-07T09:00:00,E:\Cyclone-x-prototype\datas\HURSAT_NI\2014\2014309N13088\2014309N13088.FIVE.2014.11.07.0900.67.MTS-2.024.hursat-b1.v06.nc,2014-11-07T06:00:00,3.0,0,Depression / Weak System,HURSAT-B1 IRWIN/rad10,1.0,0,train
2014309N13088,2014-11-07T12:00:00,E:\Cyclone-x-prototype\datas\HURSAT_NI\2014\2014309N13088\2014309N13088.FIVE.2014.11.07.1200.26.FY2-E.024.hursat-b1.v06.nc,2014-11-07T12:00:00,0.0,0,Depression / Weak System,HURSAT-B1 IRWIN/rad10,1.0,0,train
2014309N13088,2014-11-07T12:00:00,E:\Cyclone-x-prototype\datas\HURSAT_NI\2014\2014309N13088\2014309N13088.FIVE.2014.11.07.1200.39.MET-7.024.hursat-b1.v06.nc,2014-11-07T12:00:00,0.0,0,Depression / Weak System,HURSAT-B1 IRWIN/rad10,1.0,0,train
2014309N13088,2014-11-07T12:00:00,E:\Cyclone-x-prototype\datas\HURSAT_NI\2014\2014309N13088\2014309N13088.FIVE.2014.11.07.1200.67.MTS-2.024.hursat-b1.v06.nc,2014-11-07T12:00:00,0.0,0,Depression / Weak System,HURSAT-B1 IRWIN/rad10,1.0,0,train
2014309N13088,2014-11-07T15:00:00,E:\Cyclone-x-prototype\datas\HURSAT_NI\2014\2014309N13088\2014309N13088.FIVE.2014.11.07.1500.26.FY2-E.024.hursat-b1.v06.nc,2014-11-07T12:00:00,3.0,0,Depression / Weak System,HURSAT-B1 IRWIN/rad10,1.0,0,train
2014309N13088,2014-11-07T15:00:00,E:\Cyclone-x-prototype\datas\HURSAT_NI\2014\2014309N13088\2014309N13088.FIVE.2014.11.07.1500.39.MET-7.024.hursat-b1.v06.nc,2014-11-07T12:00:00,3.0,0,Depression / Weak System,HURSAT-B1 IRWIN/rad10,1.0,0,train
2014309N13088,2014-11-07T15:00:00,E:\Cyclone-x-prototype\datas\HURSAT_NI\2014\2014309N13088\2014309N13088.FIVE.2014.11.07.1500.67.MTS-2.024.hursat-b1.v06.nc,2014-11-07T12:00:00,3.0,0,Depression / Weak System,HURSAT-B1 IRWIN/rad10,1.0,0,train
2014309N13088,2014-11-07T18:00:00,E:\Cyclone-x-prototype\datas\HURSAT_NI\2014\2014309N13088\2014309N13088.FIVE.2014.11.07.1800.27.FY2-E.024.hursat-b1.v06.nc,2014-11-07T18:00:00,0.0,0,Depression / Weak System,HURSAT-B1 IRWIN/rad10,1.0,0,train
2014309N13088,2014-11-07T18:00:00,E:\Cyclone-x-prototype\datas\HURSAT_NI\2014\2014309N13088\2014309N13088.FIVE.2014.11.07.1800.38.MET-7.024.hursat-b1.v06.nc,2014-11-07T18:00:00,0.0,0,Depression / Weak System,HURSAT-B1 IRWIN/rad10,1.0,0,train
2014309N13088,2014-11-07T18:00:00,E:\Cyclone-x-prototype\datas\HURSAT_NI\2014\2014309N13088\2014309N13088.FIVE.2014.11.07.1800.68.MTS-2.024.hursat-b1.v06.nc,2014-11-07T18:00:00,0.0,0,Depression / Weak System,HURSAT-B1 IRWIN/rad10,1.0,0,train
2014309N13088,2014-11-07T21:00:00,E:\Cyclone-x-prototype\datas\HURSAT_NI\2014\2014309N13088\2014309N13088.FIVE.2014.11.07.2100.38.MET-7.022.hursat-b1.v06.nc,2014-11-07T18:00:00,3.0,0,Depression / Weak System,HURSAT-B1 IRWIN/rad10,1.0,0,train
2014309N13088,2014-11-07T21:00:00,E:\Cyclone-x-prototype\datas\HURSAT_NI\2014\2014309N13088\2014309N13088.FIVE.2014.11.07.2100.68.MTS-2.022.hursat-b1.v06.nc,2014-11-07T18:00:00,3.0,0,Depression / Weak System,HURSAT-B1 IRWIN/rad10,1.0,0,train
2014309N13088,2014-11-08T00:00:00,E:\Cyclone-x-prototype\datas\HURSAT_NI\2014\2014309N13088\2014309N13088.FIVE.2014.11.08.0000.28.FY2-E.021.hursat-b1.v06.nc,2014-11-08T00:00:00,0.0,0,Depression / Weak System,HURSAT-B1 IRWIN/rad10,1.0,0,train
2014309N13088,2014-11-08T00:00:00,E:\Cyclone-x-prototype\datas\HURSAT_NI\2014\2014309N13088\2014309N13088.FIVE.2014.11.08.0000.37.MET-7.021.hursat-b1.v06.nc,2014-11-08T00:00:00,0.0,0,Depression / Weak System,HURSAT-B1 IRWIN/rad10,1.0,0,train
2014309N13088,2014-11-08T00:00:00,E:\Cyclone-x-prototype\datas\HURSAT_NI\2014\2014309N13088\2014309N13088.FIVE.2014.11.08.0000.69.MTS-2.021.hursat-b1.v06.nc,2014-11-08T00:00:00,0.0,0,Depression / Weak System,HURSAT-B1 IRWIN/rad10,1.0,0,train
2014309N13088,2014-11-08T03:00:00,E:\Cyclone-x-prototype\datas\HURSAT_NI\2014\2014309N13088\2014309N13088.FIVE.2014.11.08.0300.28.FY2-E.019.hursat-b1.v06.nc,2014-11-08T00:00:00,3.0,0,Depression / Weak System,HURSAT-B1 IRWIN/rad10,1.0,0,train
2014309N13088,2014-11-08T03:00:00,E:\Cyclone-x-prototype\datas\HURSAT_NI\2014\2014309N13088\2014309N13088.FIVE.2014.11.08.0300.37.MET-7.019.hursat-b1.v06.nc,2014-11-08T00:00:00,3.0,0,Depression / Weak System,HURSAT-B1 IRWIN/rad10,1.0,0,train
2014309N13088,2014-11-08T03:00:00,E:\Cyclone-x-prototype\datas\HURSAT_NI\2014\2014309N13088\2014309N13088.FIVE.2014.11.08.0300.69.MTS-2.019.hursat-b1.v06.nc,2014-11-08T00:00:00,3.0,0,Depression / Weak System,HURSAT-B1 IRWIN/rad10,1.0,0,train
2015157N13069,2015-06-07T00:00:00,E:\Cyclone-x-prototype\datas\HURSAT_NI\2015\2015157N13069\2015157N13069.ASHOBAA.2015.06.07.0000.22.MET-7.026.hursat-b1.v06.nc,2015-06-07T03:00:00,3.0,0,Depression / Weak System,HURSAT-B1 IRWIN/rad10,1.0,0,train
2015157N13069,2015-06-07T00:00:00,E:\Cyclone-x-prototype\datas\HURSAT_NI\2015\2015157N13069\2015157N13069.ASHOBAA.2015.06.07.0000.79.MSG-3.026.hursat-b1.v06.nc,2015-06-07T03:00:00,3.0,0,Depression / Weak System,HURSAT-B1 IRWIN/rad10,1.0,0,train
2015157N13069,2015-06-07T03:00:00,E:\Cyclone-x-prototype\datas\HURSAT_NI\2015\2015157N13069\2015157N13069.ASHOBAA.2015.06.07.0300.23.MET-7.028.hursat-b1.v06.nc,2015-06-07T03:00:00,0.0,0,Depression / Weak System,HURSAT-B1 IRWIN/rad10,1.0,0,train
2015157N13069,2015-06-07T03:00:00,E:\Cyclone-x-prototype\datas\HURSAT_NI\2015\2015157N13069\2015157N13069.ASHOBAA.2015.06.07.0300.79.MSG-3.028.hursat-b1.v06.nc,2015-06-07T03:00:00,0.0,0,Depression / Weak System,HURSAT-B1 IRWIN/rad10,1.0,0,train
2015157N13069,2015-06-07T06:00:00,E:\Cyclone-x-prototype\datas\HURSAT_NI\2015\2015157N13069\2015157N13069.ASHOBAA.2015.06.07.0600.23.MET-7.030.hursat-b1.v06.nc,2015-06-07T06:00:00,0.0,0,Depression / Weak System,HURSAT-B1 IRWIN/rad10,1.0,0,train
2015157N13069,2015-06-07T06:00:00,E:\Cyclone-x-prototype\datas\HURSAT_NI\2015\2015157N13069\2015157N13069.ASHOBAA.2015.06.07.0600.79.MSG-3.030.hursat-b1.v06.nc,2015-06-07T06:00:00,0.0,0,Depression / Weak System,HURSAT-B1 IRWIN/rad10,1.0,0,train
2015157N13069,2015-06-07T09:00:00,E:\Cyclone-x-prototype\datas\HURSAT_NI\2015\2015157N13069\2015157N13069.ASHOBAA.2015.06.07.0900.23.MET-7.030.hursat-b1.v06.nc,2015-06-07T06:00:00,3.0,0,Depression / Weak System,HURSAT-B1 IRWIN/rad10,1.0,0,train
2015157N13069,2015-06-07T09:00:00,E:\Cyclone-x-prototype\datas\HURSAT_NI\2015\2015157N13069\2015157N13069.ASHOBAA.2015.06.07.0900.79.MSG-3.030.hursat-b1.v06.nc,2015-06-07T06:00:00,3.0,0,Depression / Weak System,HURSAT-B1 IRWIN/rad10,1.0,0,train
2015157N13069,2015-06-07T12:00:00,E:\Cyclone-x-prototype\datas\HURSAT_NI\2015\2015157N13069\2015157N13069.ASHOBAA.2015.06.07.1200.23.MET-7.030.hursat-b1.v06.nc,2015-06-07T12:00:00,0.0,0,Depression / Weak System,HURSAT-B1 IRWIN/rad10,1.0,0,train
2015157N13069,2015-06-07T12:00:00,E:\Cyclone-x-prototype\datas\HURSAT_NI\2015\2015157N13069\2015157N13069.ASHOBAA.2015.06.07.1200.79.MSG-3.030.hursat-b1.v06.nc,2015-06-07T12:00:00,0.0,0,Depression / Weak System,HURSAT-B1 IRWIN/rad10,1.0,0,train
2015157N13069,2015-06-07T15:00:00,E:\Cyclone-x-prototype\datas\HURSAT_NI\2015\2015157N13069\2015157N13069.ASHOBAA.2015.06.07.1500.24.MET-7.030.hursat-b1.v06.nc,2015-06-07T12:00:00,3.0,0,Depression / Weak System,HURSAT-B1 IRWIN/rad10,1.0,0,train
2015157N13069,2015-06-07T15:00:00,E:\Cyclone-x-prototype\datas\HURSAT_NI\2015\2015157N13069\2015157N13069.ASHOBAA.2015.06.07.1500.79.MSG-3.030.hursat-b1.v06.nc,2015-06-07T12:00:00,3.0,0,Depression / Weak System,HURSAT-B1 IRWIN/rad10,1.0,0,train
2015157N13069,2015-06-07T18:00:00,E:\Cyclone-x-prototype\datas\HURSAT_NI\2015\2015157N13069\2015157N13069.ASHOBAA.2015.06.07.1800.24.MET-7.030.hursat-b1.v06.nc,2015-06-07T18:00:00,0.0,0,Depression / Weak System,HURSAT-B1 IRWIN/rad10,1.0,0,train
2015157N13069,2015-06-07T18:00:00,E:\Cyclone-x-prototype\datas\HURSAT_NI\2015\2015157N13069\2015157N13069.ASHOBAA.2015.06.07.1800.79.MSG-3.030.hursat-b1.v06.nc,2015-06-07T18:00:00,0.0,0,Depression / Weak System,HURSAT-B1 IRWIN/rad10,1.0,0,train
2015157N13069,2015-06-07T21:00:00,E:\Cyclone-x-prototype\datas\HURSAT_NI\2015\2015157N13069\2015157N13069.ASHOBAA.2015.06.07.2100.24.MET-7.031.hursat-b1.v06.nc,2015-06-07T18:00:00,3.0,0,Depression / Weak System,HURSAT-B1 IRWIN/rad10,1.0,0,train
2015157N13069,2015-06-07T21:00:00,E:\Cyclone-x-prototype\datas\HURSAT_NI\2015\2015157N13069\2015157N13069.ASHOBAA.2015.06.07.2100.78.MSG-3.031.hursat-b1.v06.nc,2015-06-07T18:00:00,3.0,0,Depression / Weak System,HURSAT-B1 IRWIN/rad10,1.0,0,train
2015157N13069,2015-06-08T00:00:00,E:\Cyclone-x-prototype\datas\HURSAT_NI\2015\2015157N13069\2015157N13069.ASHOBAA.2015.06.08.0000.24.MET-7.033.hursat-b1.v06.nc,2015-06-08T00:00:00,0.0,0,Depression / Weak System,HURSAT-B1 IRWIN/rad10,1.0,0,train
2015157N13069,2015-06-08T00:00:00,E:\Cyclone-x-prototype\datas\HURSAT_NI\2015\2015157N13069\2015157N13069.ASHOBAA.2015.06.08.0000.78.MSG-3.033.hursat-b1.v06.nc,2015-06-08T00:00:00,0.0,0,Depression / Weak System,HURSAT-B1 IRWIN/rad10,1.0,0,train
2015157N13069,2015-06-08T03:00:00,E:\Cyclone-x-prototype\datas\HURSAT_NI\2015\2015157N13069\2015157N13069.ASHOBAA.2015.06.08.0300.24.MET-7.035.hursat-b1.v06.nc,2015-06-08T03:00:00,0.0,1,Cyclonic Storm,HURSAT-B1 IRWIN/rad10,1.0,0,train
2015157N13069,2015-06-08T03:00:00,E:\Cyclone-x-prototype\datas\HURSAT_NI\2015\2015157N13069\2015157N13069.ASHOBAA.2015.06.08.0300.78.MSG-3.035.hursat-b1.v06.nc,2015-06-08T03:00:00,0.0,1,Cyclonic Storm,HURSAT-B1 IRWIN/rad10,1.0,0,train
2015157N13069,2015-06-08T06:00:00,E:\Cyclone-x-prototype\datas\HURSAT_NI\2015\2015157N13069\2015157N13069.ASHOBAA.2015.06.08.0600.24.MET-7.037.hursat-b1.v06.nc,2015-06-08T06:00:00,0.0,1,Cyclonic Storm,HURSAT-B1 IRWIN/rad10,1.0,0,train
2015157N13069,2015-06-08T06:00:00,E:\Cyclone-x-prototype\datas\HURSAT_NI\2015\2015157N13069\2015157N13069.ASHOBAA.2015.06.08.0600.77.MSG-3.037.hursat-b1.v06.nc,2015-06-08T06:00:00,0.0,1,Cyclonic Storm,HURSAT-B1 IRWIN/rad10,1.0,0,train
2015157N13069,2015-06-08T09:00:00,E:\Cyclone-x-prototype\datas\HURSAT_NI\2015\2015157N13069\2015157N13069.ASHOBAA.2015.06.08.0900.24.MET-7.037.hursat-b1.v06.nc,2015-06-08T09:00:00,0.0,1,Cyclonic Storm,HURSAT-B1 IRWIN/rad10,1.0,0,train
2015157N13069,2015-06-08T09:00:00,E:\Cyclone-x-prototype\datas\HURSAT_NI\2015\2015157N13069\2015157N13069.ASHOBAA.2015.06.08.0900.77.MSG-3.037.hursat-b1.v06.nc,2015-06-08T09:00:00,0.0,1,Cyclonic Storm,HURSAT-B1 IRWIN/rad10,1.0,0,train
2015157N13069,2015-06-08T12:00:00,E:\Cyclone-x-prototype\datas\HURSAT_NI\2015\2015157N13069\2015157N13069.ASHOBAA.2015.06.08.1200.25.MET-7.037.hursat-b1.v06.nc,2015-06-08T12:00:00,0.0,1,Cyclonic Storm,HURSAT-B1 IRWIN/rad10,1.0,0,train
2015157N13069,2015-06-08T12:00:00,E:\Cyclone-x-prototype\datas\HURSAT_NI\2015\2015157N13069\2015157N13069.ASHOBAA.2015.06.08.1200.77.MSG-3.037.hursat-b1.v06.nc,2015-06-08T12:00:00,0.0,1,Cyclonic Storm,HURSAT-B1 IRWIN/rad10,1.0,0,train
2015157N13069,2015-06-08T15:00:00,E:\Cyclone-x-prototype\datas\HURSAT_NI\2015\2015157N13069\2015157N13069.ASHOBAA.2015.06.08.1500.25.MET-7.038.hursat-b1.v06.nc,2015-06-08T15:00:00,0.0,1,Cyclonic Storm,HURSAT-B1 IRWIN/rad10,1.0,0,train
2015157N13069,2015-06-08T15:00:00,E:\Cyclone-x-prototype\datas\HURSAT_NI\2015\2015157N13069\2015157N13069.ASHOBAA.2015.06.08.1500.77.MSG-3.038.hursat-b1.v06.nc,2015-06-08T15:00:00,0.0,1,Cyclonic Storm,HURSAT-B1 IRWIN/rad10,0.9542271296183269,0,train
2015157N13069,2015-06-08T18:00:00,E:\Cyclone-x-prototype\datas\HURSAT_NI\2015\2015157N13069\2015157N13069.ASHOBAA.2015.06.08.1800.25.MET-7.040.hursat-b1.v06.nc,2015-06-08T18:00:00,0.0,1,Cyclonic Storm,HURSAT-B1 IRWIN/rad10,1.0,0,train
2015157N13069,2015-06-08T18:00:00,E:\Cyclone-x-prototype\datas\HURSAT_NI\2015\2015157N13069\2015157N13069.ASHOBAA.2015.06.08.1800.76.MSG-3.040.hursat-b1.v06.nc,2015-06-08T18:00:00,0.0,1,Cyclonic Storm,HURSAT-B1 IRWIN/rad10,1.0,0,train
2015157N13069,2015-06-08T21:00:00,E:\Cyclone-x-prototype\datas\HURSAT_NI\2015\2015157N13069\2015157N13069.ASHOBAA.2015.06.08.2100.25.MET-7.040.hursat-b1.v06.nc,2015-06-08T21:00:00,0.0,1,Cyclonic Storm,HURSAT-B1 IRWIN/rad10,1.0,0,train
2015157N13069,2015-06-08T21:00:00,E:\Cyclone-x-prototype\datas\HURSAT_NI\2015\2015157N13069\2015157N13069.ASHOBAA.2015.06.08.2100.76.MSG-3.040.hursat-b1.v06.nc,2015-06-08T21:00:00,0.0,1,Cyclonic Storm,HURSAT-B1 IRWIN/rad10,1.0,0,train
2015157N13069,2015-06-09T00:00:00,E:\Cyclone-x-prototype\datas\HURSAT_NI\2015\2015157N13069\2015157N13069.ASHOBAA.2015.06.09.0000.25.MET-7.040.hursat-b1.v06.nc,2015-06-09T00:00:00,0.0,1,Cyclonic Storm,HURSAT-B1 IRWIN/rad10,1.0,0,train
2015157N13069,2015-06-09T00:00:00,E:\Cyclone-x-prototype\datas\HURSAT_NI\2015\2015157N13069\2015157N13069.ASHOBAA.2015.06.09.0000.76.MSG-3.040.hursat-b1.v06.nc,2015-06-09T00:00:00,0.0,1,Cyclonic Storm,HURSAT-B1 IRWIN/rad10,1.0,0,train
2015157N13069,2015-06-09T03:00:00,E:\Cyclone-x-prototype\datas\HURSAT_NI\2015\2015157N13069\2015157N13069.ASHOBAA.2015.06.09.0300.25.MET-7.040.hursat-b1.v06.nc,2015-06-09T03:00:00,0.0,1,Cyclonic Storm,HURSAT-B1 IRWIN/rad10,1.0,0,train
2015157N13069,2015-06-09T03:00:00,E:\Cyclone-x-prototype\datas\HURSAT_NI\2015\2015157N13069\2015157N13069.ASHOBAA.2015.06.09.0300.75.MSG-3.040.hursat-b1.v06.nc,2015-06-09T03:00:00,0.0,1,Cyclonic Storm,HURSAT-B1 IRWIN/rad10,1.0,0,train
2015157N13069,2015-06-09T06:00:00,E:\Cyclone-x-prototype\datas\HURSAT_NI\2015\2015157N13069\2015157N13069.ASHOBAA.2015.06.09.0600.25.MET-7.040.hursat-b1.v06.nc,2015-06-09T06:00:00,0.0,1,Cyclonic Storm,HURSAT-B1 IRWIN/rad10,1.0,0,train
2015157N13069,2015-06-09T06:00:00,E:\Cyclone-x-prototype\datas\HURSAT_NI\2015\2015157N13069\2015157N13069.ASHOBAA.2015.06.09.0600.75.MSG-3.040.hursat-b1.v06.nc,2015-06-09T06:00:00,0.0,1,Cyclonic Storm,HURSAT-B1 IRWIN/rad10,1.0,0,train
2015157N13069,2015-06-09T09:00:00,E:\Cyclone-x-prototype\datas\HURSAT_NI\2015\2015157N13069\2015157N13069.ASHOBAA.2015.06.09.0900.26.MET-7.041.hursat-b1.v06.nc,2015-06-09T09:00:00,0.0,1,Cyclonic Storm,HURSAT-B1 IRWIN/rad10,1.0,0,train
2015157N13069,2015-06-09T09:00:00,E:\Cyclone-x-prototype\datas\HURSAT_NI\2015\2015157N13069\2015157N13069.ASHOBAA.2015.06.09.0900.75.MSG-3.041.hursat-b1.v06.nc,2015-06-09T09:00:00,0.0,1,Cyclonic Storm,HURSAT-B1 IRWIN/rad10,1.0,0,train
2015157N13069,2015-06-09T12:00:00,E:\Cyclone-x-prototype\datas\HURSAT_NI\2015\2015157N13069\2015157N13069.ASHOBAA.2015.06.09.1200.26.MET-7.042.hursat-b1.v06.nc,2015-06-09T12:00:00,0.0,1,Cyclonic Storm,HURSAT-B1 IRWIN/rad10,1.0,0,train
2015157N13069,2015-06-09T12:00:00,E:\Cyclone-x-prototype\datas\HURSAT_NI\2015\2015157N13069\2015157N13069.ASHOBAA.2015.06.09.1200.74.MSG-3.042.hursat-b1.v06.nc,2015-06-09T12:00:00,0.0,1,Cyclonic Storm,HURSAT-B1 IRWIN/rad10,1.0,0,train
2015157N13069,2015-06-09T15:00:00,E:\Cyclone-x-prototype\datas\HURSAT_NI\2015\2015157N13069\2015157N13069.ASHOBAA.2015.06.09.1500.26.MET-7.044.hursat-b1.v06.nc,2015-06-09T15:00:00,0.0,1,Cyclonic Storm,HURSAT-B1 IRWIN/rad10,1.0,0,train
2015157N13069,2015-06-09T15:00:00,E:\Cyclone-x-prototype\datas\HURSAT_NI\2015\2015157N13069\2015157N13069.ASHOBAA.2015.06.09.1500.74.MSG-3.044.hursat-b1.v06.nc,2015-06-09T15:00:00,0.0,1,Cyclonic Storm,HURSAT-B1 IRWIN/rad10,1.0,0,train
2015157N13069,2015-06-09T18:00:00,E:\Cyclone-x-prototype\datas\HURSAT_NI\2015\2015157N13069\2015157N13069.ASHOBAA.2015.06.09.1800.26.MET-7.047.hursat-b1.v06.nc,2015-06-09T18:00:00,0.0,1,Cyclonic Storm,HURSAT-B1 IRWIN/rad10,1.0,0,train
2015157N13069,2015-06-09T18:00:00,E:\Cyclone-x-prototype\datas\HURSAT_NI\2015\2015157N13069\2015157N13069.ASHOBAA.2015.06.09.1800.73.MSG-3.047.hursat-b1.v06.nc,2015-06-09T18:00:00,0.0,1,Cyclonic Storm,HURSAT-B1 IRWIN/rad10,1.0,0,train
2015157N13069,2015-06-09T21:00:00,E:\Cyclone-x-prototype\datas\HURSAT_NI\2015\2015157N13069\2015157N13069.ASHOBAA.2015.06.09.2100.26.MET-7.047.hursat-b1.v06.nc,2015-06-09T21:00:00,0.0,1,Cyclonic Storm,HURSAT-B1 IRWIN/rad10,1.0,0,train
2015157N13069,2015-06-09T21:00:00,E:\Cyclone-x-prototype\datas\HURSAT_NI\2015\2015157N13069\2015157N13069.ASHOBAA.2015.06.09.2100.73.MSG-3.047.hursat-b1.v06.nc,2015-06-09T21:00:00,0.0,1,Cyclonic Storm,HURSAT-B1 IRWIN/rad10,1.0,0,train
2015157N13069,2015-06-10T00:00:00,E:\Cyclone-x-prototype\datas\HURSAT_NI\2015\2015157N13069\2015157N13069.ASHOBAA.2015.06.10.0000.26.MET-7.047.hursat-b1.v06.nc,2015-06-10T00:00:00,0.0,1,Cyclonic Storm,HURSAT-B1 IRWIN/rad10,1.0,0,train
2015157N13069,2015-06-10T00:00:00,E:\Cyclone-x-prototype\datas\HURSAT_NI\2015\2015157N13069\2015157N13069.ASHOBAA.2015.06.10.0000.73.MSG-3.047.hursat-b1.v06.nc,2015-06-10T00:00:00,0.0,1,Cyclonic Storm,HURSAT-B1 IRWIN/rad10,1.0,0,train
2015157N13069,2015-06-10T03:00:00,E:\Cyclone-x-prototype\datas\HURSAT_NI\2015\2015157N13069\2015157N13069.ASHOBAA.2015.06.10.0300.25.MET-7.047.hursat-b1.v06.nc,2015-06-10T03:00:00,0.0,1,Cyclonic Storm,HURSAT-B1 IRWIN/rad10,1.0,0,train
2015157N13069,2015-06-10T03:00:00,E:\Cyclone-x-prototype\datas\HURSAT_NI\2015\2015157N13069\2015157N13069.ASHOBAA.2015.06.10.0300.73.MSG-3.047.hursat-b1.v06.nc,2015-06-10T03:00:00,0.0,1,Cyclonic Storm,HURSAT-B1 IRWIN/rad10,1.0,0,train
2015157N13069,2015-06-10T06:00:00,E:\Cyclone-x-prototype\datas\HURSAT_NI\2015\2015157N13069\2015157N13069.ASHOBAA.2015.06.10.0600.25.MET-7.047.hursat-b1.v06.nc,2015-06-10T06:00:00,0.0,1,Cyclonic Storm,HURSAT-B1 IRWIN/rad10,1.0,0,train
2015157N13069,2015-06-10T06:00:00,E:\Cyclone-x-prototype\datas\HURSAT_NI\2015\2015157N13069\2015157N13069.ASHOBAA.2015.06.10.0600.72.MSG-3.047.hursat-b1.v06.nc,2015-06-10T06:00:00,0.0,1,Cyclonic Storm,HURSAT-B1 IRWIN/rad10,1.0,0,train
2015157N13069,2015-06-10T09:00:00,E:\Cyclone-x-prototype\datas\HURSAT_NI\2015\2015157N13069\2015157N13069.ASHOBAA.2015.06.10.0900.25.MET-7.046.hursat-b1.v06.nc,2015-06-10T09:00:00,0.0,1,Cyclonic Storm,HURSAT-B1 IRWIN/rad10,1.0,0,train
2015157N13069,2015-06-10T09:00:00,E:\Cyclone-x-prototype\datas\HURSAT_NI\2015\2015157N13069\2015157N13069.ASHOBAA.2015.06.10.0900.72.MSG-3.046.hursat-b1.v06.nc,2015-06-10T09:00:00,0.0,1,Cyclonic Storm,HURSAT-B1 IRWIN/rad10,1.0,0,train
2015157N13069,2015-06-10T12:00:00,E:\Cyclone-x-prototype\datas\HURSAT_NI\2015\2015157N13069\2015157N13069.ASHOBAA.2015.06.10.1200.25.MET-7.045.hursat-b1.v06.nc,2015-06-10T12:00:00,0.0,1,Cyclonic Storm,HURSAT-B1 IRWIN/rad10,1.0,0,train
2015157N13069,2015-06-10T12:00:00,E:\Cyclone-x-prototype\datas\HURSAT_NI\2015\2015157N13069\2015157N13069.ASHOBAA.2015.06.10.1200.72.MSG-3.045.hursat-b1.v06.nc,2015-06-10T12:00:00,0.0,1,Cyclonic Storm,HURSAT-B1 IRWIN/rad10,1.0,0,train
2015157N13069,2015-06-10T15:00:00,E:\Cyclone-x-prototype\datas\HURSAT_NI\2015\2015157N13069\2015157N13069.ASHOBAA.2015.06.10.1500.25.MET-7.043.hursat-b1.v06.nc,2015-06-10T15:00:00,0.0,1,Cyclonic Storm,HURSAT-B1 IRWIN/rad10,1.0,0,train
2015157N13069,2015-06-10T15:00:00,E:\Cyclone-x-prototype\datas\HURSAT_NI\2015\2015157N13069\2015157N13069.ASHOBAA.2015.06.10.1500.72.MSG-3.043.hursat-b1.v06.nc,2015-06-10T15:00:00,0.0,1,Cyclonic Storm,HURSAT-B1 IRWIN/rad10,1.0,0,train
2015157N13069,2015-06-10T18:00:00,E:\Cyclone-x-prototype\datas\HURSAT_NI\2015\2015157N13069\2015157N13069.ASHOBAA.2015.06.10.1800.25.MET-7.042.hursat-b1.v06.nc,2015-06-10T18:00:00,0.0,1,Cyclonic Storm,HURSAT-B1 IRWIN/rad10,1.0,0,train
2015157N13069,2015-06-10T18:00:00,E:\Cyclone-x-prototype\datas\HURSAT_NI\2015\2015157N13069\2015157N13069.ASHOBAA.2015.06.10.1800.72.MSG-3.042.hursat-b1.v06.nc,2015-06-10T18:00:00,0.0,1,Cyclonic Storm,HURSAT-B1 IRWIN/rad10,1.0,0,train
2015157N13069,2015-06-10T21:00:00,E:\Cyclone-x-prototype\datas\HURSAT_NI\2015\2015157N13069\2015157N13069.ASHOBAA.2015.06.10.2100.25.MET-7.041.hursat-b1.v06.nc,2015-06-10T21:00:00,0.0,1,Cyclonic Storm,HURSAT-B1 IRWIN/rad10,1.0,0,train
2015157N13069,2015-06-10T21:00:00,E:\Cyclone-x-prototype\datas\HURSAT_NI\2015\2015157N13069\2015157N13069.ASHOBAA.2015.06.10.2100.72.MSG-3.041.hursat-b1.v06.nc,2015-06-10T21:00:00,0.0,1,Cyclonic Storm,HURSAT-B1 IRWIN/rad10,1.0,0,train
2015157N13069,2015-06-11T00:00:00,E:\Cyclone-x-prototype\datas\HURSAT_NI\2015\2015157N13069\2015157N13069.ASHOBAA.2015.06.11.0000.25.MET-7.040.hursat-b1.v06.nc,2015-06-11T00:00:00,0.0,1,Cyclonic Storm,HURSAT-B1 IRWIN/rad10,1.0,0,train
2015157N13069,2015-06-11T00:00:00,E:\Cyclone-x-prototype\datas\HURSAT_NI\2015\2015157N13069\2015157N13069.ASHOBAA.2015.06.11.0000.72.MSG-3.040.hursat-b1.v06.nc,2015-06-11T00:00:00,0.0,1,Cyclonic Storm,HURSAT-B1 IRWIN/rad10,1.0,0,train
2015157N13069,2015-06-11T03:00:00,E:\Cyclone-x-prototype\datas\HURSAT_NI\2015\2015157N13069\2015157N13069.ASHOBAA.2015.06.11.0300.25.MET-7.039.hursat-b1.v06.nc,2015-06-11T03:00:00,0.0,1,Cyclonic Storm,HURSAT-B1 IRWIN/rad10,1.0,0,train
2015157N13069,2015-06-11T03:00:00,E:\Cyclone-x-prototype\datas\HURSAT_NI\2015\2015157N13069\2015157N13069.ASHOBAA.2015.06.11.0300.72.MSG-3.039.hursat-b1.v06.nc,2015-06-11T03:00:00,0.0,1,Cyclonic Storm,HURSAT-B1 IRWIN/rad10,1.0,0,train
2015157N13069,2015-06-11T06:00:00,E:\Cyclone-x-prototype\datas\HURSAT_NI\2015\2015157N13069\2015157N13069.ASHOBAA.2015.06.11.0600.25.MET-7.037.hursat-b1.v06.nc,2015-06-11T06:00:00,0.0,1,Cyclonic Storm,HURSAT-B1 IRWIN/rad10,1.0,0,train
2015157N13069,2015-06-11T06:00:00,E:\Cyclone-x-prototype\datas\HURSAT_NI\2015\2015157N13069\2015157N13069.ASHOBAA.2015.06.11.0600.71.MSG-3.037.hursat-b1.v06.nc,2015-06-11T06:00:00,0.0,1,Cyclonic Storm,HURSAT-B1 IRWIN/rad10,1.0,0,train
2015157N13069,2015-06-11T09:00:00,E:\Cyclone-x-prototype\datas\HURSAT_NI\2015\2015157N13069\2015157N13069.ASHOBAA.2015.06.11.0900.25.MET-7.036.hursat-b1.v06.nc,2015-06-11T09:00:00,0.0,1,Cyclonic Storm,HURSAT-B1 IRWIN/rad10,1.0,0,train
2015157N13069,2015-06-11T09:00:00,E:\Cyclone-x-prototype\datas\HURSAT_NI\2015\2015157N13069\2015157N13069.ASHOBAA.2015.06.11.0900.71.MSG-3.036.hursat-b1.v06.nc,2015-06-11T09:00:00,0.0,1,Cyclonic Storm,HURSAT-B1 IRWIN/rad10,1.0,0,train
2015157N13069,2015-06-11T12:00:00,E:\Cyclone-x-prototype\datas\HURSAT_NI\2015\2015157N13069\2015157N13069.ASHOBAA.2015.06.11.1200.25.MET-7.035.hursat-b1.v06.nc,2015-06-11T12:00:00,0.0,1,Cyclonic Storm,HURSAT-B1 IRWIN/rad10,1.0,0,train
2015157N13069,2015-06-11T12:00:00,E:\Cyclone-x-prototype\datas\HURSAT_NI\2015\2015157N13069\2015157N13069.ASHOBAA.2015.06.11.1200.71.MSG-3.035.hursat-b1.v06.nc,2015-06-11T12:00:00,0.0,1,Cyclonic Storm,HURSAT-B1 IRWIN/rad10,1.0,0,train
2015157N13069,2015-06-11T15:00:00,E:\Cyclone-x-prototype\datas\HURSAT_NI\2015\2015157N13069\2015157N13069.ASHOBAA.2015.06.11.1500.25.MET-7.033.hursat-b1.v06.nc,2015-06-11T15:00:00,0.0,1,Cyclonic Storm,HURSAT-B1 IRWIN/rad10,1.0,0,train
2015157N13069,2015-06-11T15:00:00,E:\Cyclone-x-prototype\datas\HURSAT_NI\2015\2015157N13069\2015157N13069.ASHOBAA.2015.06.11.1500.71.MSG-3.033.hursat-b1.v06.nc,2015-06-11T15:00:00,0.0,1,Cyclonic Storm,HURSAT-B1 IRWIN/rad10,1.0,0,train
2015157N13069,2015-06-11T18:00:00,E:\Cyclone-x-prototype\datas\HURSAT_NI\2015\2015157N13069\2015157N13069.ASHOBAA.2015.06.11.1800.25.MET-7.030.hursat-b1.v06.nc,2015-06-11T18:00:00,0.0,0,Depression / Weak System,HURSAT-B1 IRWIN/rad10,1.0,0,train
2015157N13069,2015-06-11T18:00:00,E:\Cyclone-x-prototype\datas\HURSAT_NI\2015\2015157N13069\2015157N13069.ASHOBAA.2015.06.11.1800.71.MSG-3.030.hursat-b1.v06.nc,2015-06-11T18:00:00,0.0,0,Depression / Weak System,HURSAT-B1 IRWIN/rad10,1.0,0,train
2015157N13069,2015-06-11T21:00:00,E:\Cyclone-x-prototype\datas\HURSAT_NI\2015\2015157N13069\2015157N13069.ASHOBAA.2015.06.11.2100.25.MET-7.029.hursat-b1.v06.nc,2015-06-11T18:00:00,3.0,0,Depression / Weak System,HURSAT-B1 IRWIN/rad10,1.0,0,train
2015157N13069,2015-06-11T21:00:00,E:\Cyclone-x-prototype\datas\HURSAT_NI\2015\2015157N13069\2015157N13069.ASHOBAA.2015.06.11.2100.71.MSG-3.029.hursat-b1.v06.nc,2015-06-11T18:00:00,3.0,0,Depression / Weak System,HURSAT-B1 IRWIN/rad10,1.0,0,train
2015157N13069,2015-06-12T00:00:00,E:\Cyclone-x-prototype\datas\HURSAT_NI\2015\2015157N13069\2015157N13069.ASHOBAA.2015.06.12.0000.25.MET-7.028.hursat-b1.v06.nc,2015-06-12T00:00:00,0.0,0,Depression / Weak System,HURSAT-B1 IRWIN/rad10,1.0,0,train
2015157N13069,2015-06-12T00:00:00,E:\Cyclone-x-prototype\datas\HURSAT_NI\2015\2015157N13069\2015157N13069.ASHOBAA.2015.06.12.0000.71.MSG-3.028.hursat-b1.v06.nc,2015-06-12T00:00:00,0.0,0,Depression / Weak System,HURSAT-B1 IRWIN/rad10,1.0,0,train
2015157N13069,2015-06-12T03:00:00,E:\Cyclone-x-prototype\datas\HURSAT_NI\2015\2015157N13069\2015157N13069.ASHOBAA.2015.06.12.0300.25.MET-7.027.hursat-b1.v06.nc,2015-06-12T03:00:00,0.0,0,Depression / Weak System,HURSAT-B1 IRWIN/rad10,1.0,0,train
2015157N13069,2015-06-12T03:00:00,E:\Cyclone-x-prototype\datas\HURSAT_NI\2015\2015157N13069\2015157N13069.ASHOBAA.2015.06.12.0300.71.MSG-3.027.hursat-b1.v06.nc,2015-06-12T03:00:00,0.0,0,Depression / Weak System,HURSAT-B1 IRWIN/rad10,1.0,0,train
2015157N13069,2015-06-12T06:00:00,E:\Cyclone-x-prototype\datas\HURSAT_NI\2015\2015157N13069\2015157N13069.ASHOBAA.2015.06.12.0600.25.MET-7.026.hursat-b1.v06.nc,2015-06-12T06:00:00,0.0,0,Depression / Weak System,HURSAT-B1 IRWIN/rad10,1.0,0,train
2015157N13069,2015-06-12T06:00:00,E:\Cyclone-x-prototype\datas\HURSAT_NI\2015\2015157N13069\2015157N13069.ASHOBAA.2015.06.12.0600.70.MSG-3.026.hursat-b1.v06.nc,2015-06-12T06:00:00,0.0,0,Depression / Weak System,HURSAT-B1 IRWIN/rad10,1.0,0,train
2015173N20067,2015-06-22T06:00:00,E:\Cyclone-x-prototype\datas\HURSAT_NI\2015\2015173N20067\2015173N20067.MISSING.2015.06.22.0600.26.MET-7.025.hursat-b1.v06.nc,2015-06-22T06:00:00,0.0,0,Depression / Weak System,HURSAT-B1 IRWIN/rad10,1.0,0,train
2015173N20067,2015-06-22T06:00:00,E:\Cyclone-x-prototype\datas\HURSAT_NI\2015\2015173N20067\2015173N20067.MISSING.2015.06.22.0600.78.MSG-3.025.hursat-b1.v06.nc,2015-06-22T06:00:00,0.0,0,Depression / Weak System,HURSAT-B1 IRWIN/rad10,1.0,0,train
2015173N20067,2015-06-22T09:00:00,E:\Cyclone-x-prototype\datas\HURSAT_NI\2015\2015173N20067\2015173N20067.MISSING.2015.06.22.0900.26.MET-7.025.hursat-b1.v06.nc,2015-06-22T06:00:00,3.0,0,Depression / Weak System,HURSAT-B1 IRWIN/rad10,1.0,0,train
2015173N20067,2015-06-22T09:00:00,E:\Cyclone-x-prototype\datas\HURSAT_NI\2015\2015173N20067\2015173N20067.MISSING.2015.06.22.0900.78.MSG-3.025.hursat-b1.v06.nc,2015-06-22T06:00:00,3.0,0,Depression / Weak System,HURSAT-B1 IRWIN/rad10,1.0,0,train
2015173N20067,2015-06-22T12:00:00,E:\Cyclone-x-prototype\datas\HURSAT_NI\2015\2015173N20067\2015173N20067.MISSING.2015.06.22.1200.26.MET-7.025.hursat-b1.v06.nc,2015-06-22T12:00:00,0.0,0,Depression / Weak System,HURSAT-B1 IRWIN/rad10,1.0,0,train
2015173N20067,2015-06-22T12:00:00,E:\Cyclone-x-prototype\datas\HURSAT_NI\2015\2015173N20067\2015173N20067.MISSING.2015.06.22.1200.78.MSG-3.025.hursat-b1.v06.nc,2015-06-22T12:00:00,0.0,0,Depression / Weak System,HURSAT-B1 IRWIN/rad10,1.0,0,train
2015173N20067,2015-06-22T15:00:00,E:\Cyclone-x-prototype\datas\HURSAT_NI\2015\2015173N20067\2015173N20067.MISSING.2015.06.22.1500.27.MET-7.025.hursat-b1.v06.nc,2015-06-22T12:00:00,3.0,0,Depression / Weak System,HURSAT-B1 IRWIN/rad10,1.0,0,train
2015173N20067,2015-06-22T15:00:00,E:\Cyclone-x-prototype\datas\HURSAT_NI\2015\2015173N20067\2015173N20067.MISSING.2015.06.22.1500.78.MSG-3.025.hursat-b1.v06.nc,2015-06-22T12:00:00,3.0,0,Depression / Weak System,HURSAT-B1 IRWIN/rad10,1.0,0,train
2015173N20067,2015-06-22T18:00:00,E:\Cyclone-x-prototype\datas\HURSAT_NI\2015\2015173N20067\2015173N20067.MISSING.2015.06.22.1800.27.MET-7.025.hursat-b1.v06.nc,2015-06-22T18:00:00,0.0,0,Depression / Weak System,HURSAT-B1 IRWIN/rad10,1.0,0,train
2015173N20067,2015-06-22T18:00:00,E:\Cyclone-x-prototype\datas\HURSAT_NI\2015\2015173N20067\2015173N20067.MISSING.2015.06.22.1800.79.MSG-3.025.hursat-b1.v06.nc,2015-06-22T18:00:00,0.0,0,Depression / Weak System,HURSAT-B1 IRWIN/rad10,1.0,0,train
2015173N20067,2015-06-22T21:00:00,E:\Cyclone-x-prototype\datas\HURSAT_NI\2015\2015173N20067\2015173N20067.MISSING.2015.06.22.2100.28.MET-7.025.hursat-b1.v06.nc,2015-06-22T18:00:00,3.0,0,Depression / Weak System,HURSAT-B1 IRWIN/rad10,1.0,0,train
2015173N20067,2015-06-22T21:00:00,E:\Cyclone-x-prototype\datas\HURSAT_NI\2015\2015173N20067\2015173N20067.MISSING.2015.06.22.2100.80.MSG-3.025.hursat-b1.v06.nc,2015-06-22T18:00:00,3.0,0,Depression / Weak System,HURSAT-B1 IRWIN/rad10,1.0,0,train
2015173N20067,2015-06-23T00:00:00,E:\Cyclone-x-prototype\datas\HURSAT_NI\2015\2015173N20067\2015173N20067.MISSING.2015.06.23.0000.28.MET-7.025.hursat-b1.v06.nc,2015-06-23T00:00:00,0.0,0,Depression / Weak System,HURSAT-B1 IRWIN/rad10,1.0,0,train
2015173N20067,2015-06-23T03:00:00,E:\Cyclone-x-prototype\datas\HURSAT_NI\2015\2015173N20067\2015173N20067.MISSING.2015.06.23.0300.29.MET-7.028.hursat-b1.v06.nc,2015-06-23T03:00:00,0.0,0,Depression / Weak System,HURSAT-B1 IRWIN/rad10,1.0,0,train
2015173N20067,2015-06-23T06:00:00,E:\Cyclone-x-prototype\datas\HURSAT_NI\2015\2015173N20067\2015173N20067.MISSING.2015.06.23.0600.29.MET-7.030.hursat-b1.v06.nc,2015-06-23T06:00:00,0.0,0,Depression / Weak System,HURSAT-B1 IRWIN/rad10,1.0,0,train
2015173N20067,2015-06-23T09:00:00,E:\Cyclone-x-prototype\datas\HURSAT_NI\2015\2015173N20067\2015173N20067.MISSING.2015.06.23.0900.30.MET-7.030.hursat-b1.v06.nc,2015-06-23T06:00:00,3.0,0,Depression / Weak System,HURSAT-B1 IRWIN/rad10,1.0,0,train
2015173N20067,2015-06-23T12:00:00,E:\Cyclone-x-prototype\datas\HURSAT_NI\2015\2015173N20067\2015173N20067.MISSING.2015.06.23.1200.30.MET-7.030.hursat-b1.v06.nc,2015-06-23T12:00:00,0.0,0,Depression / Weak System,HURSAT-B1 IRWIN/rad10,1.0,0,train
2015173N20067,2015-06-23T15:00:00,E:\Cyclone-x-prototype\datas\HURSAT_NI\2015\2015173N20067\2015173N20067.MISSING.2015.06.23.1500.30.MET-7.030.hursat-b1.v06.nc,2015-06-23T12:00:00,3.0,0,Depression / Weak System,HURSAT-B1 IRWIN/rad10,1.0,0,train
2015173N20067,2015-06-23T18:00:00,E:\Cyclone-x-prototype\datas\HURSAT_NI\2015\2015173N20067\2015173N20067.MISSING.2015.06.23.1800.30.MET-7.030.hursat-b1.v06.nc,2015-06-23T18:00:00,0.0,0,Depression / Weak System,HURSAT-B1 IRWIN/rad10,1.0,0,train
2015173N20067,2015-06-23T21:00:00,E:\Cyclone-x-prototype\datas\HURSAT_NI\2015\2015173N20067\2015173N20067.MISSING.2015.06.23.2100.31.MET-7.030.hursat-b1.v06.nc,2015-06-23T18:00:00,3.0,0,Depression / Weak System,HURSAT-B1 IRWIN/rad10,1.0,0,train
2015173N20067,2015-06-24T00:00:00,E:\Cyclone-x-prototype\datas\HURSAT_NI\2015\2015173N20067\2015173N20067.MISSING.2015.06.24.0000.31.MET-7.030.hursat-b1.v06.nc,2015-06-24T00:00:00,0.0,0,Depression / Weak System,HURSAT-B1 IRWIN/rad10,1.0,0,train
2015173N20067,2015-06-24T03:00:00,E:\Cyclone-x-prototype\datas\HURSAT_NI\2015\2015173N20067\2015173N20067.MISSING.2015.06.24.0300.31.MET-7.030.hursat-b1.v06.nc,2015-06-24T03:00:00,0.0,0,Depression / Weak System,HURSAT-B1 IRWIN/rad10,1.0,0,train
2015173N20067,2015-06-24T06:00:00,E:\Cyclone-x-prototype\datas\HURSAT_NI\2015\2015173N20067\2015173N20067.MISSING.2015.06.24.0600.32.MET-7.030.hursat-b1.v06.nc,2015-06-24T06:00:00,0.0,0,Depression / Weak System,HURSAT-B1 IRWIN/rad10,1.0,0,train
2015173N20067,2015-06-24T09:00:00,E:\Cyclone-x-prototype\datas\HURSAT_NI\2015\2015173N20067\2015173N20067.MISSING.2015.06.24.0900.33.MET-7.028.hursat-b1.v06.nc,2015-06-24T06:00:00,3.0,0,Depression / Weak System,HURSAT-B1 IRWIN/rad10,1.0,0,train
2015173N20067,2015-06-24T12:00:00,E:\Cyclone-x-prototype\datas\HURSAT_NI\2015\2015173N20067\2015173N20067.MISSING.2015.06.24.1200.34.MET-7.025.hursat-b1.v06.nc,2015-06-24T12:00:00,0.0,0,Depression / Weak System,HURSAT-B1 IRWIN/rad10,1.0,0,train
2015173N20067,2015-06-24T15:00:00,E:\Cyclone-x-prototype\datas\HURSAT_NI\2015\2015173N20067\2015173N20067.MISSING.2015.06.24.1500.35.MET-7.025.hursat-b1.v06.nc,2015-06-24T12:00:00,3.0,0,Depression / Weak System,HURSAT-B1 IRWIN/rad10,1.0,0,train
2015173N20067,2015-06-24T18:00:00,E:\Cyclone-x-prototype\datas\HURSAT_NI\2015\2015173N20067\2015173N20067.MISSING.2015.06.24.1800.37.MET-7.025.hursat-b1.v06.nc,2015-06-24T18:00:00,0.0,0,Depression / Weak System,HURSAT-B1 IRWIN/rad10,1.0,0,train
2015191N23085,2015-07-10T06:00:00,E:\Cyclone-x-prototype\datas\HURSAT_NI\2015\2015191N23085\2015191N23085.MISSING.2015.07.10.0600.42.MET-7.025.hursat-b1.v06.nc,2015-07-10T06:00:00,0.0,0,Depression / Weak System,HURSAT-B1 IRWIN/rad10,1.0,0,train
2015191N23085,2015-07-10T06:00:00,E:\Cyclone-x-prototype\datas\HURSAT_NI\2015\2015191N23085\2015191N23085.MISSING.2015.07.10.0600.67.HIM-8.025.hursat-b1.v06.nc,2015-07-10T06:00:00,0.0,0,Depression / Weak System,HURSAT-B1 IRWIN/rad10,1.0,0,train
2015191N23085,2015-07-10T09:00:00,E:\Cyclone-x-prototype\datas\HURSAT_NI\2015\2015191N23085\2015191N23085.MISSING.2015.07.10.0900.41.MET-7.025.hursat-b1.v06.nc,2015-07-10T09:00:00,0.0,0,Depression / Weak System,HURSAT-B1 IRWIN/rad10,1.0,0,train
2015191N23085,2015-07-10T09:00:00,E:\Cyclone-x-prototype\datas\HURSAT_NI\2015\2015191N23085\2015191N23085.MISSING.2015.07.10.0900.68.HIM-8.025.hursat-b1.v06.nc,2015-07-10T09:00:00,0.0,0,Depression / Weak System,HURSAT-B1 IRWIN/rad10,1.0,0,train
2015191N23085,2015-07-10T12:00:00,E:\Cyclone-x-prototype\datas\HURSAT_NI\2015\2015191N23085\2015191N23085.MISSING.2015.07.10.1200.41.MET-7.025.hursat-b1.v06.nc,2015-07-10T12:00:00,0.0,0,Depression / Weak System,HURSAT-B1 IRWIN/rad10,1.0,0,train
2015191N23085,2015-07-10T12:00:00,E:\Cyclone-x-prototype\datas\HURSAT_NI\2015\2015191N23085\2015191N23085.MISSING.2015.07.10.1200.69.HIM-8.025.hursat-b1.v06.nc,2015-07-10T12:00:00,0.0,0,Depression / Weak System,HURSAT-B1 IRWIN/rad10,1.0,0,train
2015191N23085,2015-07-10T15:00:00,E:\Cyclone-x-prototype\datas\HURSAT_NI\2015\2015191N23085\2015191N23085.MISSING.2015.07.10.1500.40.MET-7.025.hursat-b1.v06.nc,2015-07-10T15:00:00,0.0,0,Depression / Weak System,HURSAT-B1 IRWIN/rad10,1.0,0,train
2015191N23085,2015-07-10T15:00:00,E:\Cyclone-x-prototype\datas\HURSAT_NI\2015\2015191N23085\2015191N23085.MISSING.2015.07.10.1500.69.HIM-8.025.hursat-b1.v06.nc,2015-07-10T15:00:00,0.0,0,Depression / Weak System,HURSAT-B1 IRWIN/rad10,1.0,0,train
2015191N23085,2015-07-10T18:00:00,E:\Cyclone-x-prototype\datas\HURSAT_NI\2015\2015191N23085\2015191N23085.MISSING.2015.07.10.1800.40.MET-7.025.hursat-b1.v06.nc,2015-07-10T18:00:00,0.0,0,Depression / Weak System,HURSAT-B1 IRWIN/rad10,1.0,0,train
2015191N23085,2015-07-10T18:00:00,E:\Cyclone-x-prototype\datas\HURSAT_NI\2015\2015191N23085\2015191N23085.MISSING.2015.07.10.1800.70.HIM-8.025.hursat-b1.v06.nc,2015-07-10T18:00:00,0.0,0,Depression / Weak System,HURSAT-B1 IRWIN/rad10,1.0,0,train
2015191N23085,2015-07-10T21:00:00,E:\Cyclone-x-prototype\datas\HURSAT_NI\2015\2015191N23085\2015191N23085.MISSING.2015.07.10.2100.39.MET-7.025.hursat-b1.v06.nc,2015-07-10T21:00:00,0.0,0,Depression / Weak System,HURSAT-B1 IRWIN/rad10,1.0,0,train
2015191N23085,2015-07-10T21:00:00,E:\Cyclone-x-prototype\datas\HURSAT_NI\2015\2015191N23085\2015191N23085.MISSING.2015.07.10.2100.71.HIM-8.025.hursat-b1.v06.nc,2015-07-10T21:00:00,0.0,0,Depression / Weak System,HURSAT-B1 IRWIN/rad10,1.0,0,train
2015191N23085,2015-07-11T00:00:00,E:\Cyclone-x-prototype\datas\HURSAT_NI\2015\2015191N23085\2015191N23085.MISSING.2015.07.11.0000.39.MET-7.025.hursat-b1.v06.nc,2015-07-11T00:00:00,0.0,0,Depression / Weak System,HURSAT-B1 IRWIN/rad10,1.0,0,train
2015191N23085,2015-07-11T00:00:00,E:\Cyclone-x-prototype\datas\HURSAT_NI\2015\2015191N23085\2015191N23085.MISSING.2015.07.11.0000.72.HIM-8.025.hursat-b1.v06.nc,2015-07-11T00:00:00,0.0,0,Depression / Weak System,HURSAT-B1 IRWIN/rad10,1.0,0,train
2015191N23085,2015-07-11T03:00:00,E:\Cyclone-x-prototype\datas\HURSAT_NI\2015\2015191N23085\2015191N23085.MISSING.2015.07.11.0300.39.MET-7.025.hursat-b1.v06.nc,2015-07-11T03:00:00,0.0,0,Depression / Weak System,HURSAT-B1 IRWIN/rad10,1.0,0,train
2015191N23085,2015-07-11T03:00:00,E:\Cyclone-x-prototype\datas\HURSAT_NI\2015\2015191N23085\2015191N23085.MISSING.2015.07.11.0300.72.HIM-8.025.hursat-b1.v06.nc,2015-07-11T03:00:00,0.0,0,Depression / Weak System,HURSAT-B1 IRWIN/rad10,1.0,0,train
2015191N23085,2015-07-11T06:00:00,E:\Cyclone-x-prototype\datas\HURSAT_NI\2015\2015191N23085\2015191N23085.MISSING.2015.07.11.0600.39.MET-7.025.hursat-b1.v06.nc,2015-07-11T06:00:00,0.0,0,Depression / Weak System,HURSAT-B1 IRWIN/rad10,1.0,0,train
2015191N23085,2015-07-11T06:00:00,E:\Cyclone-x-prototype\datas\HURSAT_NI\2015\2015191N23085\2015191N23085.MISSING.2015.07.11.0600.72.HIM-8.025.hursat-b1.v06.nc,2015-07-11T06:00:00,0.0,0,Depression / Weak System,HURSAT-B1 IRWIN/rad10,1.0,0,train
2015191N23085,2015-07-11T09:00:00,E:\Cyclone-x-prototype\datas\HURSAT_NI\2015\2015191N23085\2015191N23085.MISSING.2015.07.11.0900.39.MET-7.025.hursat-b1.v06.nc,2015-07-11T09:00:00,0.0,0,Depression / Weak System,HURSAT-B1 IRWIN/rad10,1.0,0,train
2015191N23085,2015-07-11T09:00:00,E:\Cyclone-x-prototype\datas\HURSAT_NI\2015\2015191N23085\2015191N23085.MISSING.2015.07.11.0900.72.HIM-8.025.hursat-b1.v06.nc,2015-07-11T09:00:00,0.0,0,Depression / Weak System,HURSAT-B1 IRWIN/rad10,1.0,0,train
2015191N23085,2015-07-11T12:00:00,E:\Cyclone-x-prototype\datas\HURSAT_NI\2015\2015191N23085\2015191N23085.MISSING.2015.07.11.1200.40.MET-7.025.hursat-b1.v06.nc,2015-07-11T12:00:00,0.0,0,Depression / Weak System,HURSAT-B1 IRWIN/rad10,1.0,0,train
2015191N23085,2015-07-11T12:00:00,E:\Cyclone-x-prototype\datas\HURSAT_NI\2015\2015191N23085\2015191N23085.MISSING.2015.07.11.1200.72.HIM-8.025.hursat-b1.v06.nc,2015-07-11T12:00:00,0.0,0,Depression / Weak System,HURSAT-B1 IRWIN/rad10,1.0,0,train
2015191N23085,2015-07-11T15:00:00,E:\Cyclone-x-prototype\datas\HURSAT_NI\2015\2015191N23085\2015191N23085.MISSING.2015.07.11.1500.40.MET-7.025.hursat-b1.v06.nc,2015-07-11T15:00:00,0.0,0,Depression / Weak System,HURSAT-B1 IRWIN/rad10,1.0,0,train
2015191N23085,2015-07-11T15:00:00,E:\Cyclone-x-prototype\datas\HURSAT_NI\2015\2015191N23085\2015191N23085.MISSING.2015.07.11.1500.73.HIM-8.025.hursat-b1.v06.nc,2015-07-11T15:00:00,0.0,0,Depression / Weak System,HURSAT-B1 IRWIN/rad10,1.0,0,train
2015191N23085,2015-07-11T18:00:00,E:\Cyclone-x-prototype\datas\HURSAT_NI\2015\2015191N23085\2015191N23085.MISSING.2015.07.11.1800.40.MET-7.025.hursat-b1.v06.nc,2015-07-11T18:00:00,0.0,0,Depression / Weak System,HURSAT-B1 IRWIN/rad10,1.0,0,train
2015191N23085,2015-07-11T18:00:00,E:\Cyclone-x-prototype\datas\HURSAT_NI\2015\2015191N23085\2015191N23085.MISSING.2015.07.11.1800.73.HIM-8.025.hursat-b1.v06.nc,2015-07-11T18:00:00,0.0,0,Depression / Weak System,HURSAT-B1 IRWIN/rad10,1.0,0,train
2015191N23085,2015-07-11T21:00:00,E:\Cyclone-x-prototype\datas\HURSAT_NI\2015\2015191N23085\2015191N23085.MISSING.2015.07.11.2100.40.MET-7.025.hursat-b1.v06.nc,2015-07-11T21:00:00,0.0,0,Depression / Weak System,HURSAT-B1 IRWIN/rad10,1.0,0,train
2015191N23085,2015-07-11T21:00:00,E:\Cyclone-x-prototype\datas\HURSAT_NI\2015\2015191N23085\2015191N23085.MISSING.2015.07.11.2100.74.HIM-8.025.hursat-b1.v06.nc,2015-07-11T21:00:00,0.0,0,Depression / Weak System,HURSAT-B1 IRWIN/rad10,1.0,0,train
2015191N23085,2015-07-12T00:00:00,E:\Cyclone-x-prototype\datas\HURSAT_NI\2015\2015191N23085\2015191N23085.MISSING.2015.07.12.0000.40.MET-7.025.hursat-b1.v06.nc,2015-07-12T00:00:00,0.0,0,Depression / Weak System,HURSAT-B1 IRWIN/rad10,1.0,0,train
2015191N23085,2015-07-12T00:00:00,E:\Cyclone-x-prototype\datas\HURSAT_NI\2015\2015191N23085\2015191N23085.MISSING.2015.07.12.0000.75.HIM-8.025.hursat-b1.v06.nc,2015-07-12T00:00:00,0.0,0,Depression / Weak System,HURSAT-B1 IRWIN/rad10,1.0,0,train
2015191N23085,2015-07-12T03:00:00,E:\Cyclone-x-prototype\datas\HURSAT_NI\2015\2015191N23085\2015191N23085.MISSING.2015.07.12.0300.40.MET-7.025.hursat-b1.v06.nc,2015-07-12T03:00:00,0.0,0,Depression / Weak System,HURSAT-B1 IRWIN/rad10,1.0,0,train
2015191N23085,2015-07-12T03:00:00,E:\Cyclone-x-prototype\datas\HURSAT_NI\2015\2015191N23085\2015191N23085.MISSING.2015.07.12.0300.75.HIM-8.025.hursat-b1.v06.nc,2015-07-12T03:00:00,0.0,0,Depression / Weak System,HURSAT-B1 IRWIN/rad10,1.0,0,train
2015191N23085,2015-07-12T06:00:00,E:\Cyclone-x-prototype\datas\HURSAT_NI\2015\2015191N23085\2015191N23085.MISSING.2015.07.12.0600.40.MET-7.025.hursat-b1.v06.nc,2015-07-12T06:00:00,0.0,0,Depression / Weak System,HURSAT-B1 IRWIN/rad10,1.0,0,train
2015191N23085,2015-07-12T06:00:00,E:\Cyclone-x-prototype\datas\HURSAT_NI\2015\2015191N23085\2015191N23085.MISSING.2015.07.12.0600.76.HIM-8.025.hursat-b1.v06.nc,2015-07-12T06:00:00,0.0,0,Depression / Weak System,HURSAT-B1 IRWIN/rad10,1.0,0,train
2015191N23085,2015-07-12T09:00:00,E:\Cyclone-x-prototype\datas\HURSAT_NI\2015\2015191N23085\2015191N23085.MISSING.2015.07.12.0900.40.MET-7.025.hursat-b1.v06.nc,2015-07-12T09:00:00,0.0,0,Depression / Weak System,HURSAT-B1 IRWIN/rad10,1.0,0,train
2015191N23085,2015-07-12T09:00:00,E:\Cyclone-x-prototype\datas\HURSAT_NI\2015\2015191N23085\2015191N23085.MISSING.2015.07.12.0900.76.HIM-8.025.hursat-b1.v06.nc,2015-07-12T09:00:00,0.0,0,Depression / Weak System,HURSAT-B1 IRWIN/rad10,1.0,0,train
2015191N23085,2015-07-12T12:00:00,E:\Cyclone-x-prototype\datas\HURSAT_NI\2015\2015191N23085\2015191N23085.MISSING.2015.07.12.1200.40.MET-7.025.hursat-b1.v06.nc,2015-07-12T09:00:00,3.0,0,Depression / Weak System,HURSAT-B1 IRWIN/rad10,1.0,0,train
2015191N23085,2015-07-12T12:00:00,E:\Cyclone-x-prototype\datas\HURSAT_NI\2015\2015191N23085\2015191N23085.MISSING.2015.07.12.1200.76.HIM-8.025.hursat-b1.v06.nc,2015-07-12T09:00:00,3.0,0,Depression / Weak System,HURSAT-B1 IRWIN/rad10,1.0,0,train
2015207N22091,2015-07-26T00:00:00,E:\Cyclone-x-prototype\datas\HURSAT_NI\2015\2015207N22091\2015207N22091.KOMEN.2015.07.26.0000.46.MET-7.020.hursat-b1.v06.nc,2015-07-26T00:00:00,0.0,0,Depression / Weak System,HURSAT-B1 IRWIN/rad10,1.0,0,train
2015207N22091,2015-07-26T00:00:00,E:\Cyclone-x-prototype\datas\HURSAT_NI\2015\2015207N22091\2015207N22091.KOMEN.2015.07.26.0000.61.HIM-8.020.hursat-b1.v06.nc,2015-07-26T00:00:00,0.0,0,Depression / Weak System,HURSAT-B1 IRWIN/rad10,1.0,0,train
2015207N22091,2015-07-26T03:00:00,E:\Cyclone-x-prototype\datas\HURSAT_NI\2015\2015207N22091\2015207N22091.KOMEN.2015.07.26.0300.46.MET-7.020.hursat-b1.v06.nc,2015-07-26T03:00:00,0.0,0,Depression / Weak System,HURSAT-B1 IRWIN/rad10,1.0,0,train
2015207N22091,2015-07-26T03:00:00,E:\Cyclone-x-prototype\datas\HURSAT_NI\2015\2015207N22091\2015207N22091.KOMEN.2015.07.26.0300.61.HIM-8.020.hursat-b1.v06.nc,2015-07-26T03:00:00,0.0,0,Depression / Weak System,HURSAT-B1 IRWIN/rad10,1.0,0,train
2015207N22091,2015-07-26T06:00:00,E:\Cyclone-x-prototype\datas\HURSAT_NI\2015\2015207N22091\2015207N22091.KOMEN.2015.07.26.0600.46.MET-7.020.hursat-b1.v06.nc,2015-07-26T06:00:00,0.0,0,Depression / Weak System,HURSAT-B1 IRWIN/rad10,1.0,0,train
2015207N22091,2015-07-26T06:00:00,E:\Cyclone-x-prototype\datas\HURSAT_NI\2015\2015207N22091\2015207N22091.KOMEN.2015.07.26.0600.62.HIM-8.020.hursat-b1.v06.nc,2015-07-26T06:00:00,0.0,0,Depression / Weak System,HURSAT-B1 IRWIN/rad10,1.0,0,train
2015207N22091,2015-07-26T09:00:00,E:\Cyclone-x-prototype\datas\HURSAT_NI\2015\2015207N22091\2015207N22091.KOMEN.2015.07.26.0900.46.MET-7.020.hursat-b1.v06.nc,2015-07-26T06:00:00,3.0,0,Depression / Weak System,HURSAT-B1 IRWIN/rad10,1.0,0,train
2015207N22091,2015-07-26T09:00:00,E:\Cyclone-x-prototype\datas\HURSAT_NI\2015\2015207N22091\2015207N22091.KOMEN.2015.07.26.0900.62.HIM-8.020.hursat-b1.v06.nc,2015-07-26T06:00:00,3.0,0,Depression / Weak System,HURSAT-B1 IRWIN/rad10,1.0,0,train
2015207N22091,2015-07-26T12:00:00,E:\Cyclone-x-prototype\datas\HURSAT_NI\2015\2015207N22091\2015207N22091.KOMEN.2015.07.26.1200.46.MET-7.020.hursat-b1.v06.nc,2015-07-26T12:00:00,0.0,0,Depression / Weak System,HURSAT-B1 IRWIN/rad10,1.0,0,train
2015207N22091,2015-07-26T12:00:00,E:\Cyclone-x-prototype\datas\HURSAT_NI\2015\2015207N22091\2015207N22091.KOMEN.2015.07.26.1200.62.HIM-8.020.hursat-b1.v06.nc,2015-07-26T12:00:00,0.0,0,Depression / Weak System,HURSAT-B1 IRWIN/rad10,1.0,0,train
2015207N22091,2015-07-26T15:00:00,E:\Cyclone-x-prototype\datas\HURSAT_NI\2015\2015207N22091\2015207N22091.KOMEN.2015.07.26.1500.46.MET-7.020.hursat-b1.v06.nc,2015-07-26T12:00:00,3.0,0,Depression / Weak System,HURSAT-B1 IRWIN/rad10,1.0,0,train
2015207N22091,2015-07-26T15:00:00,E:\Cyclone-x-prototype\datas\HURSAT_NI\2015\2015207N22091\2015207N22091.KOMEN.2015.07.26.1500.62.HIM-8.020.hursat-b1.v06.nc,2015-07-26T12:00:00,3.0,0,Depression / Weak System,HURSAT-B1 IRWIN/rad10,1.0,0,train
2015207N22091,2015-07-26T18:00:00,E:\Cyclone-x-prototype\datas\HURSAT_NI\2015\2015207N22091\2015207N22091.KOMEN.2015.07.26.1800.46.MET-7.020.hursat-b1.v06.nc,2015-07-26T18:00:00,0.0,0,Depression / Weak System,HURSAT-B1 IRWIN/rad10,1.0,0,train
2015207N22091,2015-07-26T18:00:00,E:\Cyclone-x-prototype\datas\HURSAT_NI\2015\2015207N22091\2015207N22091.KOMEN.2015.07.26.1800.62.HIM-8.020.hursat-b1.v06.nc,2015-07-26T18:00:00,0.0,0,Depression / Weak System,HURSAT-B1 IRWIN/rad10,1.0,0,train
2015207N22091,2015-07-26T21:00:00,E:\Cyclone-x-prototype\datas\HURSAT_NI\2015\2015207N22091\2015207N22091.KOMEN.2015.07.26.2100.46.MET-7.020.hursat-b1.v06.nc,2015-07-26T18:00:00,3.0,0,Depression / Weak System,HURSAT-B1 IRWIN/rad10,1.0,0,train
2015207N22091,2015-07-26T21:00:00,E:\Cyclone-x-prototype\datas\HURSAT_NI\2015\2015207N22091\2015207N22091.KOMEN.2015.07.26.2100.62.HIM-8.020.hursat-b1.v06.nc,2015-07-26T18:00:00,3.0,0,Depression / Weak System,HURSAT-B1 IRWIN/rad10,1.0,0,train
2015207N22091,2015-07-27T00:00:00,E:\Cyclone-x-prototype\datas\HURSAT_NI\2015\2015207N22091\2015207N22091.KOMEN.2015.07.27.0000.46.MET-7.020.hursat-b1.v06.nc,2015-07-27T00:00:00,0.0,0,Depression / Weak System,HURSAT-B1 IRWIN/rad10,1.0,0,train
2015207N22091,2015-07-27T00:00:00,E:\Cyclone-x-prototype\datas\HURSAT_NI\2015\2015207N22091\2015207N22091.KOMEN.2015.07.27.0000.62.HIM-8.020.hursat-b1.v06.nc,2015-07-27T00:00:00,0.0,0,Depression / Weak System,HURSAT-B1 IRWIN/rad10,1.0,0,train
2015207N22091,2015-07-27T03:00:00,E:\Cyclone-x-prototype\datas\HURSAT_NI\2015\2015207N22091\2015207N22091.KOMEN.2015.07.27.0300.46.MET-7.023.hursat-b1.v06.nc,2015-07-27T03:00:00,0.0,0,Depression / Weak System,HURSAT-B1 IRWIN/rad10,1.0,0,train
2015207N22091,2015-07-27T03:00:00,E:\Cyclone-x-prototype\datas\HURSAT_NI\2015\2015207N22091\2015207N22091.KOMEN.2015.07.27.0300.62.HIM-8.023.hursat-b1.v06.nc,2015-07-27T03:00:00,0.0,0,Depression / Weak System,HURSAT-B1 IRWIN/rad10,1.0,0,train
2015207N22091,2015-07-27T06:00:00,E:\Cyclone-x-prototype\datas\HURSAT_NI\2015\2015207N22091\2015207N22091.KOMEN.2015.07.27.0600.46.MET-7.025.hursat-b1.v06.nc,2015-07-27T06:00:00,0.0,0,Depression / Weak System,HURSAT-B1 IRWIN/rad10,1.0,0,train
2015207N22091,2015-07-27T06:00:00,E:\Cyclone-x-prototype\datas\HURSAT_NI\2015\2015207N22091\2015207N22091.KOMEN.2015.07.27.0600.62.HIM-8.025.hursat-b1.v06.nc,2015-07-27T06:00:00,0.0,0,Depression / Weak System,HURSAT-B1 IRWIN/rad10,1.0,0,train
2015207N22091,2015-07-27T09:00:00,E:\Cyclone-x-prototype\datas\HURSAT_NI\2015\2015207N22091\2015207N22091.KOMEN.2015.07.27.0900.46.MET-7.025.hursat-b1.v06.nc,2015-07-27T06:00:00,3.0,0,Depression / Weak System,HURSAT-B1 IRWIN/rad10,1.0,0,train
2015207N22091,2015-07-27T09:00:00,E:\Cyclone-x-prototype\datas\HURSAT_NI\2015\2015207N22091\2015207N22091.KOMEN.2015.07.27.0900.62.HIM-8.025.hursat-b1.v06.nc,2015-07-27T06:00:00,3.0,0,Depression / Weak System,HURSAT-B1 IRWIN/rad10,1.0,0,train
2015207N22091,2015-07-27T12:00:00,E:\Cyclone-x-prototype\datas\HURSAT_NI\2015\2015207N22091\2015207N22091.KOMEN.2015.07.27.1200.46.MET-7.025.hursat-b1.v06.nc,2015-07-27T12:00:00,0.0,0,Depression / Weak System,HURSAT-B1 IRWIN/rad10,1.0,0,train
2015207N22091,2015-07-27T12:00:00,E:\Cyclone-x-prototype\datas\HURSAT_NI\2015\2015207N22091\2015207N22091.KOMEN.2015.07.27.1200.62.HIM-8.025.hursat-b1.v06.nc,2015-07-27T12:00:00,0.0,0,Depression / Weak System,HURSAT-B1 IRWIN/rad10,1.0,0,train
2015207N22091,2015-07-27T15:00:00,E:\Cyclone-x-prototype\datas\HURSAT_NI\2015\2015207N22091\2015207N22091.KOMEN.2015.07.27.1500.46.MET-7.025.hursat-b1.v06.nc,2015-07-27T12:00:00,3.0,0,Depression / Weak System,HURSAT-B1 IRWIN/rad10,1.0,0,train
2015207N22091,2015-07-27T15:00:00,E:\Cyclone-x-prototype\datas\HURSAT_NI\2015\2015207N22091\2015207N22091.KOMEN.2015.07.27.1500.62.HIM-8.025.hursat-b1.v06.nc,2015-07-27T12:00:00,3.0,0,Depression / Weak System,HURSAT-B1 IRWIN/rad10,1.0,0,train
2015207N22091,2015-07-27T18:00:00,E:\Cyclone-x-prototype\datas\HURSAT_NI\2015\2015207N22091\2015207N22091.KOMEN.2015.07.27.1800.46.MET-7.025.hursat-b1.v06.nc,2015-07-27T18:00:00,0.0,0,Depression / Weak System,HURSAT-B1 IRWIN/rad10,1.0,0,train
2015207N22091,2015-07-27T18:00:00,E:\Cyclone-x-prototype\datas\HURSAT_NI\2015\2015207N22091\2015207N22091.KOMEN.2015.07.27.1800.62.HIM-8.025.hursat-b1.v06.nc,2015-07-27T18:00:00,0.0,0,Depression / Weak System,HURSAT-B1 IRWIN/rad10,1.0,0,train
2015207N22091,2015-07-27T21:00:00,E:\Cyclone-x-prototype\datas\HURSAT_NI\2015\2015207N22091\2015207N22091.KOMEN.2015.07.27.2100.46.MET-7.025.hursat-b1.v06.nc,2015-07-27T18:00:00,3.0,0,Depression / Weak System,HURSAT-B1 IRWIN/rad10,1.0,0,train
2015207N22091,2015-07-27T21:00:00,E:\Cyclone-x-prototype\datas\HURSAT_NI\2015\2015207N22091\2015207N22091.KOMEN.2015.07.27.2100.62.HIM-8.025.hursat-b1.v06.nc,2015-07-27T18:00:00,3.0,0,Depression / Weak System,HURSAT-B1 IRWIN/rad10,1.0,0,train
2015207N22091,2015-07-28T00:00:00,E:\Cyclone-x-prototype\datas\HURSAT_NI\2015\2015207N22091\2015207N22091.KOMEN.2015.07.28.0000.46.MET-7.025.hursat-b1.v06.nc,2015-07-28T00:00:00,0.0,0,Depression / Weak System,HURSAT-B1 IRWIN/rad10,1.0,0,train
2015207N22091,2015-07-28T00:00:00,E:\Cyclone-x-prototype\datas\HURSAT_NI\2015\2015207N22091\2015207N22091.KOMEN.2015.07.28.0000.62.HIM-8.025.hursat-b1.v06.nc,2015-07-28T00:00:00,0.0,0,Depression / Weak System,HURSAT-B1 IRWIN/rad10,1.0,0,train
2015207N22091,2015-07-28T03:00:00,E:\Cyclone-x-prototype\datas\HURSAT_NI\2015\2015207N22091\2015207N22091.KOMEN.2015.07.28.0300.46.MET-7.024.hursat-b1.v06.nc,2015-07-28T03:00:00,0.0,0,Depression / Weak System,HURSAT-B1 IRWIN/rad10,1.0,0,train
2015207N22091,2015-07-28T03:00:00,E:\Cyclone-x-prototype\datas\HURSAT_NI\2015\2015207N22091\2015207N22091.KOMEN.2015.07.28.0300.62.HIM-8.024.hursat-b1.v06.nc,2015-07-28T03:00:00,0.0,0,Depression / Weak System,HURSAT-B1 IRWIN/rad10,1.0,0,train
2015207N22091,2015-07-28T06:00:00,E:\Cyclone-x-prototype\datas\HURSAT_NI\2015\2015207N22091\2015207N22091.KOMEN.2015.07.28.0600.45.MET-7.024.hursat-b1.v06.nc,2015-07-28T06:00:00,0.0,0,Depression / Weak System,HURSAT-B1 IRWIN/rad10,1.0,0,train
2015207N22091,2015-07-28T06:00:00,E:\Cyclone-x-prototype\datas\HURSAT_NI\2015\2015207N22091\2015207N22091.KOMEN.2015.07.28.0600.62.HIM-8.024.hursat-b1.v06.nc,2015-07-28T06:00:00,0.0,0,Depression / Weak System,HURSAT-B1 IRWIN/rad10,1.0,0,train
2015207N22091,2015-07-28T09:00:00,E:\Cyclone-x-prototype\datas\HURSAT_NI\2015\2015207N22091\2015207N22091.KOMEN.2015.07.28.0900.45.MET-7.025.hursat-b1.v06.nc,2015-07-28T06:00:00,3.0,0,Depression / Weak System,HURSAT-B1 IRWIN/rad10,1.0,0,train
2015207N22091,2015-07-28T09:00:00,E:\Cyclone-x-prototype\datas\HURSAT_NI\2015\2015207N22091\2015207N22091.KOMEN.2015.07.28.0900.62.HIM-8.025.hursat-b1.v06.nc,2015-07-28T06:00:00,3.0,0,Depression / Weak System,HURSAT-B1 IRWIN/rad10,1.0,0,train
2015207N22091,2015-07-28T12:00:00,E:\Cyclone-x-prototype\datas\HURSAT_NI\2015\2015207N22091\2015207N22091.KOMEN.2015.07.28.1200.45.MET-7.026.hursat-b1.v06.nc,2015-07-28T12:00:00,0.0,0,Depression / Weak System,HURSAT-B1 IRWIN/rad10,1.0,0,train
2015207N22091,2015-07-28T12:00:00,E:\Cyclone-x-prototype\datas\HURSAT_NI\2015\2015207N22091\2015207N22091.KOMEN.2015.07.28.1200.61.HIM-8.026.hursat-b1.v06.nc,2015-07-28T12:00:00,0.0,0,Depression / Weak System,HURSAT-B1 IRWIN/rad10,1.0,0,train
2015207N22091,2015-07-28T15:00:00,E:\Cyclone-x-prototype\datas\HURSAT_NI\2015\2015207N22091\2015207N22091.KOMEN.2015.07.28.1500.45.MET-7.026.hursat-b1.v06.nc,2015-07-28T12:00:00,3.0,0,Depression / Weak System,HURSAT-B1 IRWIN/rad10,1.0,0,train
2015207N22091,2015-07-28T15:00:00,E:\Cyclone-x-prototype\datas\HURSAT_NI\2015\2015207N22091\2015207N22091.KOMEN.2015.07.28.1500.61.HIM-8.026.hursat-b1.v06.nc,2015-07-28T12:00:00,3.0,0,Depression / Weak System,HURSAT-B1 IRWIN/rad10,1.0,0,train
2015207N22091,2015-07-28T18:00:00,E:\Cyclone-x-prototype\datas\HURSAT_NI\2015\2015207N22091\2015207N22091.KOMEN.2015.07.28.1800.46.MET-7.026.hursat-b1.v06.nc,2015-07-28T18:00:00,0.0,0,Depression / Weak System,HURSAT-B1 IRWIN/rad10,1.0,0,train
2015207N22091,2015-07-28T18:00:00,E:\Cyclone-x-prototype\datas\HURSAT_NI\2015\2015207N22091\2015207N22091.KOMEN.2015.07.28.1800.61.HIM-8.026.hursat-b1.v06.nc,2015-07-28T18:00:00,0.0,0,Depression / Weak System,HURSAT-B1 IRWIN/rad10,1.0,0,train
2015207N22091,2015-07-28T21:00:00,E:\Cyclone-x-prototype\datas\HURSAT_NI\2015\2015207N22091\2015207N22091.KOMEN.2015.07.28.2100.46.MET-7.028.hursat-b1.v06.nc,2015-07-28T18:00:00,3.0,0,Depression / Weak System,HURSAT-B1 IRWIN/rad10,1.0,0,train
2015207N22091,2015-07-28T21:00:00,E:\Cyclone-x-prototype\datas\HURSAT_NI\2015\2015207N22091\2015207N22091.KOMEN.2015.07.28.2100.61.HIM-8.028.hursat-b1.v06.nc,2015-07-28T18:00:00,3.0,0,Depression / Weak System,HURSAT-B1 IRWIN/rad10,1.0,0,train
2015207N22091,2015-07-29T00:00:00,E:\Cyclone-x-prototype\datas\HURSAT_NI\2015\2015207N22091\2015207N22091.KOMEN.2015.07.29.0000.46.MET-7.030.hursat-b1.v06.nc,2015-07-29T00:00:00,0.0,0,Depression / Weak System,HURSAT-B1 IRWIN/rad10,1.0,0,train
2015207N22091,2015-07-29T00:00:00,E:\Cyclone-x-prototype\datas\HURSAT_NI\2015\2015207N22091\2015207N22091.KOMEN.2015.07.29.0000.61.HIM-8.030.hursat-b1.v06.nc,2015-07-29T00:00:00,0.0,0,Depression / Weak System,HURSAT-B1 IRWIN/rad10,1.0,0,train
2015207N22091,2015-07-29T03:00:00,E:\Cyclone-x-prototype\datas\HURSAT_NI\2015\2015207N22091\2015207N22091.KOMEN.2015.07.29.0300.46.MET-7.030.hursat-b1.v06.nc,2015-07-29T03:00:00,0.0,0,Depression / Weak System,HURSAT-B1 IRWIN/rad10,1.0,0,train
2015207N22091,2015-07-29T03:00:00,E:\Cyclone-x-prototype\datas\HURSAT_NI\2015\2015207N22091\2015207N22091.KOMEN.2015.07.29.0300.61.HIM-8.030.hursat-b1.v06.nc,2015-07-29T03:00:00,0.0,0,Depression / Weak System,HURSAT-B1 IRWIN/rad10,1.0,0,train
2015207N22091,2015-07-29T06:00:00,E:\Cyclone-x-prototype\datas\HURSAT_NI\2015\2015207N22091\2015207N22091.KOMEN.2015.07.29.0600.46.MET-7.030.hursat-b1.v06.nc,2015-07-29T06:00:00,0.0,0,Depression / Weak System,HURSAT-B1 IRWIN/rad10,1.0,0,train
2015207N22091,2015-07-29T06:00:00,E:\Cyclone-x-prototype\datas\HURSAT_NI\2015\2015207N22091\2015207N22091.KOMEN.2015.07.29.0600.61.HIM-8.030.hursat-b1.v06.nc,2015-07-29T06:00:00,0.0,0,Depression / Weak System,HURSAT-B1 IRWIN/rad10,1.0,0,train
2015207N22091,2015-07-29T09:00:00,E:\Cyclone-x-prototype\datas\HURSAT_NI\2015\2015207N22091\2015207N22091.KOMEN.2015.07.29.0900.46.MET-7.032.hursat-b1.v06.nc,2015-07-29T06:00:00,3.0,0,Depression / Weak System,HURSAT-B1 IRWIN/rad10,1.0,0,train
2015207N22091,2015-07-29T09:00:00,E:\Cyclone-x-prototype\datas\HURSAT_NI\2015\2015207N22091\2015207N22091.KOMEN.2015.07.29.0900.61.HIM-8.032.hursat-b1.v06.nc,2015-07-29T06:00:00,3.0,0,Depression / Weak System,HURSAT-B1 IRWIN/rad10,1.0,0,train
2015207N22091,2015-07-29T12:00:00,E:\Cyclone-x-prototype\datas\HURSAT_NI\2015\2015207N22091\2015207N22091.KOMEN.2015.07.29.1200.46.MET-7.033.hursat-b1.v06.nc,2015-07-29T12:00:00,0.0,0,Depression / Weak System,HURSAT-B1 IRWIN/rad10,1.0,0,train
2015207N22091,2015-07-29T12:00:00,E:\Cyclone-x-prototype\datas\HURSAT_NI\2015\2015207N22091\2015207N22091.KOMEN.2015.07.29.1200.61.HIM-8.033.hursat-b1.v06.nc,2015-07-29T12:00:00,0.0,0,Depression / Weak System,HURSAT-B1 IRWIN/rad10,1.0,0,train
2015207N22091,2015-07-29T15:00:00,E:\Cyclone-x-prototype\datas\HURSAT_NI\2015\2015207N22091\2015207N22091.KOMEN.2015.07.29.1500.46.MET-7.034.hursat-b1.v06.nc,2015-07-29T12:00:00,3.0,0,Depression / Weak System,HURSAT-B1 IRWIN/rad10,1.0,0,train
2015207N22091,2015-07-29T15:00:00,E:\Cyclone-x-prototype\datas\HURSAT_NI\2015\2015207N22091\2015207N22091.KOMEN.2015.07.29.1500.61.HIM-8.034.hursat-b1.v06.nc,2015-07-29T12:00:00,3.0,0,Depression / Weak System,HURSAT-B1 IRWIN/rad10,1.0,0,train
2015207N22091,2015-07-29T18:00:00,E:\Cyclone-x-prototype\datas\HURSAT_NI\2015\2015207N22091\2015207N22091.KOMEN.2015.07.29.1800.46.MET-7.035.hursat-b1.v06.nc,2015-07-29T18:00:00,0.0,1,Cyclonic Storm,HURSAT-B1 IRWIN/rad10,1.0,0,train
2015207N22091,2015-07-29T18:00:00,E:\Cyclone-x-prototype\datas\HURSAT_NI\2015\2015207N22091\2015207N22091.KOMEN.2015.07.29.1800.61.HIM-8.035.hursat-b1.v06.nc,2015-07-29T18:00:00,0.0,1,Cyclonic Storm,HURSAT-B1 IRWIN/rad10,1.0,0,train
2015207N22091,2015-07-29T21:00:00,E:\Cyclone-x-prototype\datas\HURSAT_NI\2015\2015207N22091\2015207N22091.KOMEN.2015.07.29.2100.46.MET-7.036.hursat-b1.v06.nc,2015-07-29T18:00:00,3.0,1,Cyclonic Storm,HURSAT-B1 IRWIN/rad10,1.0,0,train
2015207N22091,2015-07-29T21:00:00,E:\Cyclone-x-prototype\datas\HURSAT_NI\2015\2015207N22091\2015207N22091.KOMEN.2015.07.29.2100.61.HIM-8.036.hursat-b1.v06.nc,2015-07-29T18:00:00,3.0,1,Cyclonic Storm,HURSAT-B1 IRWIN/rad10,1.0,0,train
2015207N22091,2015-07-30T00:00:00,E:\Cyclone-x-prototype\datas\HURSAT_NI\2015\2015207N22091\2015207N22091.KOMEN.2015.07.30.0000.46.MET-7.037.hursat-b1.v06.nc,2015-07-30T00:00:00,0.0,1,Cyclonic Storm,HURSAT-B1 IRWIN/rad10,1.0,0,train
2015207N22091,2015-07-30T00:00:00,E:\Cyclone-x-prototype\datas\HURSAT_NI\2015\2015207N22091\2015207N22091.KOMEN.2015.07.30.0000.61.HIM-8.037.hursat-b1.v06.nc,2015-07-30T00:00:00,0.0,1,Cyclonic Storm,HURSAT-B1 IRWIN/rad10,1.0,0,train
2015207N22091,2015-07-30T03:00:00,E:\Cyclone-x-prototype\datas\HURSAT_NI\2015\2015207N22091\2015207N22091.KOMEN.2015.07.30.0300.47.MET-7.039.hursat-b1.v06.nc,2015-07-30T03:00:00,0.0,1,Cyclonic Storm,HURSAT-B1 IRWIN/rad10,1.0,0,train
2015207N22091,2015-07-30T03:00:00,E:\Cyclone-x-prototype\datas\HURSAT_NI\2015\2015207N22091\2015207N22091.KOMEN.2015.07.30.0300.61.HIM-8.039.hursat-b1.v06.nc,2015-07-30T03:00:00,0.0,1,Cyclonic Storm,HURSAT-B1 IRWIN/rad10,1.0,0,train
2015207N22091,2015-07-30T06:00:00,E:\Cyclone-x-prototype\datas\HURSAT_NI\2015\2015207N22091\2015207N22091.KOMEN.2015.07.30.0600.47.MET-7.040.hursat-b1.v06.nc,2015-07-30T06:00:00,0.0,1,Cyclonic Storm,HURSAT-B1 IRWIN/rad10,1.0,0,train
2015207N22091,2015-07-30T06:00:00,E:\Cyclone-x-prototype\datas\HURSAT_NI\2015\2015207N22091\2015207N22091.KOMEN.2015.07.30.0600.61.HIM-8.040.hursat-b1.v06.nc,2015-07-30T06:00:00,0.0,1,Cyclonic Storm,HURSAT-B1 IRWIN/rad10,1.0,0,train
2015207N22091,2015-07-30T09:00:00,E:\Cyclone-x-prototype\datas\HURSAT_NI\2015\2015207N22091\2015207N22091.KOMEN.2015.07.30.0900.47.MET-7.037.hursat-b1.v06.nc,2015-07-30T09:00:00,0.0,1,Cyclonic Storm,HURSAT-B1 IRWIN/rad10,1.0,0,train
2015207N22091,2015-07-30T09:00:00,E:\Cyclone-x-prototype\datas\HURSAT_NI\2015\2015207N22091\2015207N22091.KOMEN.2015.07.30.0900.61.HIM-8.037.hursat-b1.v06.nc,2015-07-30T09:00:00,0.0,1,Cyclonic Storm,HURSAT-B1 IRWIN/rad10,1.0,0,train
2015207N22091,2015-07-30T12:00:00,E:\Cyclone-x-prototype\datas\HURSAT_NI\2015\2015207N22091\2015207N22091.KOMEN.2015.07.30.1200.47.MET-7.035.hursat-b1.v06.nc,2015-07-30T12:00:00,0.0,1,Cyclonic Storm,HURSAT-B1 IRWIN/rad10,1.0,0,train
2015207N22091,2015-07-30T12:00:00,E:\Cyclone-x-prototype\datas\HURSAT_NI\2015\2015207N22091\2015207N22091.KOMEN.2015.07.30.1200.61.HIM-8.035.hursat-b1.v06.nc,2015-07-30T12:00:00,0.0,1,Cyclonic Storm,HURSAT-B1 IRWIN/rad10,1.0,0,train
2015207N22091,2015-07-30T15:00:00,E:\Cyclone-x-prototype\datas\HURSAT_NI\2015\2015207N22091\2015207N22091.KOMEN.2015.07.30.1500.47.MET-7.034.hursat-b1.v06.nc,2015-07-30T15:00:00,0.0,1,Cyclonic Storm,HURSAT-B1 IRWIN/rad10,1.0,0,train
2015207N22091,2015-07-30T15:00:00,E:\Cyclone-x-prototype\datas\HURSAT_NI\2015\2015207N22091\2015207N22091.KOMEN.2015.07.30.1500.61.HIM-8.034.hursat-b1.v06.nc,2015-07-30T15:00:00,0.0,1,Cyclonic Storm,HURSAT-B1 IRWIN/rad10,1.0,0,train
2015207N22091,2015-07-30T18:00:00,E:\Cyclone-x-prototype\datas\HURSAT_NI\2015\2015207N22091\2015207N22091.KOMEN.2015.07.30.1800.47.MET-7.033.hursat-b1.v06.nc,2015-07-30T18:00:00,0.0,1,Cyclonic Storm,HURSAT-B1 IRWIN/rad10,1.0,0,train
2015207N22091,2015-07-30T18:00:00,E:\Cyclone-x-prototype\datas\HURSAT_NI\2015\2015207N22091\2015207N22091.KOMEN.2015.07.30.1800.61.HIM-8.033.hursat-b1.v06.nc,2015-07-30T18:00:00,0.0,1,Cyclonic Storm,HURSAT-B1 IRWIN/rad10,1.0,0,train
2015207N22091,2015-07-30T21:00:00,E:\Cyclone-x-prototype\datas\HURSAT_NI\2015\2015207N22091\2015207N22091.KOMEN.2015.07.30.2100.46.MET-7.031.hursat-b1.v06.nc,2015-07-30T21:00:00,0.0,0,Depression / Weak System,HURSAT-B1 IRWIN/rad10,1.0,0,train
2015207N22091,2015-07-30T21:00:00,E:\Cyclone-x-prototype\datas\HURSAT_NI\2015\2015207N22091\2015207N22091.KOMEN.2015.07.30.2100.62.HIM-8.031.hursat-b1.v06.nc,2015-07-30T21:00:00,0.0,0,Depression / Weak System,HURSAT-B1 IRWIN/rad10,1.0,0,train
2015207N22091,2015-07-31T00:00:00,E:\Cyclone-x-prototype\datas\HURSAT_NI\2015\2015207N22091\2015207N22091.KOMEN.2015.07.31.0000.46.MET-7.028.hursat-b1.v06.nc,2015-07-31T00:00:00,0.0,0,Depression / Weak System,HURSAT-B1 IRWIN/rad10,1.0,0,train
2015207N22091,2015-07-31T00:00:00,E:\Cyclone-x-prototype\datas\HURSAT_NI\2015\2015207N22091\2015207N22091.KOMEN.2015.07.31.0000.62.HIM-8.028.hursat-b1.v06.nc,2015-07-31T00:00:00,0.0,0,Depression / Weak System,HURSAT-B1 IRWIN/rad10,1.0,0,train
2015207N22091,2015-07-31T03:00:00,E:\Cyclone-x-prototype\datas\HURSAT_NI\2015\2015207N22091\2015207N22091.KOMEN.2015.07.31.0300.46.MET-7.029.hursat-b1.v06.nc,2015-07-31T03:00:00,0.0,0,Depression / Weak System,HURSAT-B1 IRWIN/rad10,1.0,0,train
2015207N22091,2015-07-31T03:00:00,E:\Cyclone-x-prototype\datas\HURSAT_NI\2015\2015207N22091\2015207N22091.KOMEN.2015.07.31.0300.62.HIM-8.029.hursat-b1.v06.nc,2015-07-31T03:00:00,0.0,0,Depression / Weak System,HURSAT-B1 IRWIN/rad10,1.0,0,train
2015207N22091,2015-07-31T06:00:00,E:\Cyclone-x-prototype\datas\HURSAT_NI\2015\2015207N22091\2015207N22091.KOMEN.2015.07.31.0600.46.MET-7.030.hursat-b1.v06.nc,2015-07-31T06:00:00,0.0,0,Depression / Weak System,HURSAT-B1 IRWIN/rad10,1.0,0,train
2015207N22091,2015-07-31T06:00:00,E:\Cyclone-x-prototype\datas\HURSAT_NI\2015\2015207N22091\2015207N22091.KOMEN.2015.07.31.0600.63.HIM-8.030.hursat-b1.v06.nc,2015-07-31T06:00:00,0.0,0,Depression / Weak System,HURSAT-B1 IRWIN/rad10,1.0,0,train
2015207N22091,2015-07-31T09:00:00,E:\Cyclone-x-prototype\datas\HURSAT_NI\2015\2015207N22091\2015207N22091.KOMEN.2015.07.31.0900.46.MET-7.028.hursat-b1.v06.nc,2015-07-31T06:00:00,3.0,0,Depression / Weak System,HURSAT-B1 IRWIN/rad10,1.0,0,train
2015207N22091,2015-07-31T09:00:00,E:\Cyclone-x-prototype\datas\HURSAT_NI\2015\2015207N22091\2015207N22091.KOMEN.2015.07.31.0900.63.HIM-8.028.hursat-b1.v06.nc,2015-07-31T06:00:00,3.0,0,Depression / Weak System,HURSAT-B1 IRWIN/rad10,1.0,0,train
2015207N22091,2015-07-31T12:00:00,E:\Cyclone-x-prototype\datas\HURSAT_NI\2015\2015207N22091\2015207N22091.KOMEN.2015.07.31.1200.45.MET-7.025.hursat-b1.v06.nc,2015-07-31T12:00:00,0.0,0,Depression / Weak System,HURSAT-B1 IRWIN/rad10,1.0,0,train
2015207N22091,2015-07-31T12:00:00,E:\Cyclone-x-prototype\datas\HURSAT_NI\2015\2015207N22091\2015207N22091.KOMEN.2015.07.31.1200.63.HIM-8.025.hursat-b1.v06.nc,2015-07-31T12:00:00,0.0,0,Depression / Weak System,HURSAT-B1 IRWIN/rad10,1.0,0,train
2015207N22091,2015-07-31T15:00:00,E:\Cyclone-x-prototype\datas\HURSAT_NI\2015\2015207N22091\2015207N22091.KOMEN.2015.07.31.1500.45.MET-7.025.hursat-b1.v06.nc,2015-07-31T12:00:00,3.0,0,Depression / Weak System,HURSAT-B1 IRWIN/rad10,1.0,0,train
2015207N22091,2015-07-31T15:00:00,E:\Cyclone-x-prototype\datas\HURSAT_NI\2015\2015207N22091\2015207N22091.KOMEN.2015.07.31.1500.63.HIM-8.025.hursat-b1.v06.nc,2015-07-31T12:00:00,3.0,0,Depression / Weak System,HURSAT-B1 IRWIN/rad10,1.0,0,train
2015207N22091,2015-07-31T18:00:00,E:\Cyclone-x-prototype\datas\HURSAT_NI\2015\2015207N22091\2015207N22091.KOMEN.2015.07.31.1800.45.MET-7.025.hursat-b1.v06.nc,2015-07-31T18:00:00,0.0,0,Depression / Weak System,HURSAT-B1 IRWIN/rad10,1.0,0,train
2015207N22091,2015-07-31T18:00:00,E:\Cyclone-x-prototype\datas\HURSAT_NI\2015\2015207N22091\2015207N22091.KOMEN.2015.07.31.1800.63.HIM-8.025.hursat-b1.v06.nc,2015-07-31T18:00:00,0.0,0,Depression / Weak System,HURSAT-B1 IRWIN/rad10,1.0,0,train
2015207N22091,2015-07-31T21:00:00,E:\Cyclone-x-prototype\datas\HURSAT_NI\2015\2015207N22091\2015207N22091.KOMEN.2015.07.31.2100.63.HIM-8.023.hursat-b1.v06.nc,2015-07-31T18:00:00,3.0,0,Depression / Weak System,HURSAT-B1 IRWIN/rad10,1.0,0,train
2015207N22091,2015-08-01T00:00:00,E:\Cyclone-x-prototype\datas\HURSAT_NI\2015\2015207N22091\2015207N22091.KOMEN.2015.08.01.0000.45.MET-7.020.hursat-b1.v06.nc,2015-08-01T00:00:00,0.0,0,Depression / Weak System,HURSAT-B1 IRWIN/rad10,1.0,0,train
2015207N22091,2015-08-01T00:00:00,E:\Cyclone-x-prototype\datas\HURSAT_NI\2015\2015207N22091\2015207N22091.KOMEN.2015.08.01.0000.63.HIM-8.020.hursat-b1.v06.nc,2015-08-01T00:00:00,0.0,0,Depression / Weak System,HURSAT-B1 IRWIN/rad10,1.0,0,train
2015207N22091,2015-08-01T03:00:00,E:\Cyclone-x-prototype\datas\HURSAT_NI\2015\2015207N22091\2015207N22091.KOMEN.2015.08.01.0300.45.MET-7.020.hursat-b1.v06.nc,2015-08-01T03:00:00,0.0,0,Depression / Weak System,HURSAT-B1 IRWIN/rad10,1.0,0,train
2015207N22091,2015-08-01T03:00:00,E:\Cyclone-x-prototype\datas\HURSAT_NI\2015\2015207N22091\2015207N22091.KOMEN.2015.08.01.0300.63.HIM-8.020.hursat-b1.v06.nc,2015-08-01T03:00:00,0.0,0,Depression / Weak System,HURSAT-B1 IRWIN/rad10,1.0,0,train
2015207N22091,2015-08-01T06:00:00,E:\Cyclone-x-prototype\datas\HURSAT_NI\2015\2015207N22091\2015207N22091.KOMEN.2015.08.01.0600.45.MET-7.020.hursat-b1.v06.nc,2015-08-01T06:00:00,0.0,0,Depression / Weak System,HURSAT-B1 IRWIN/rad10,1.0,0,train
2015207N22091,2015-08-01T06:00:00,E:\Cyclone-x-prototype\datas\HURSAT_NI\2015\2015207N22091\2015207N22091.KOMEN.2015.08.01.0600.64.HIM-8.020.hursat-b1.v06.nc,2015-08-01T06:00:00,0.0,0,Depression / Weak System,HURSAT-B1 IRWIN/rad10,1.0,0,train
2015207N22091,2015-08-01T09:00:00,E:\Cyclone-x-prototype\datas\HURSAT_NI\2015\2015207N22091\2015207N22091.KOMEN.2015.08.01.0900.45.MET-7.020.hursat-b1.v06.nc,2015-08-01T06:00:00,3.0,0,Depression / Weak System,HURSAT-B1 IRWIN/rad10,1.0,0,train
2015207N22091,2015-08-01T09:00:00,E:\Cyclone-x-prototype\datas\HURSAT_NI\2015\2015207N22091\2015207N22091.KOMEN.2015.08.01.0900.64.HIM-8.020.hursat-b1.v06.nc,2015-08-01T06:00:00,3.0,0,Depression / Weak System,HURSAT-B1 IRWIN/rad10,1.0,0,train
2015207N22091,2015-08-01T12:00:00,E:\Cyclone-x-prototype\datas\HURSAT_NI\2015\2015207N22091\2015207N22091.KOMEN.2015.08.01.1200.45.MET-7.020.hursat-b1.v06.nc,2015-08-01T12:00:00,0.0,0,Depression / Weak System,HURSAT-B1 IRWIN/rad10,1.0,0,train
2015207N22091,2015-08-01T12:00:00,E:\Cyclone-x-prototype\datas\HURSAT_NI\2015\2015207N22091\2015207N22091.KOMEN.2015.08.01.1200.64.HIM-8.020.hursat-b1.v06.nc,2015-08-01T12:00:00,0.0,0,Depression / Weak System,HURSAT-B1 IRWIN/rad10,1.0,0,train
2015207N22091,2015-08-01T15:00:00,E:\Cyclone-x-prototype\datas\HURSAT_NI\2015\2015207N22091\2015207N22091.KOMEN.2015.08.01.1500.45.MET-7.020.hursat-b1.v06.nc,2015-08-01T12:00:00,3.0,0,Depression / Weak System,HURSAT-B1 IRWIN/rad10,1.0,0,train
2015207N22091,2015-08-01T15:00:00,E:\Cyclone-x-prototype\datas\HURSAT_NI\2015\2015207N22091\2015207N22091.KOMEN.2015.08.01.1500.65.HIM-8.020.hursat-b1.v06.nc,2015-08-01T12:00:00,3.0,0,Depression / Weak System,HURSAT-B1 IRWIN/rad10,1.0,0,train
2015207N22091,2015-08-01T18:00:00,E:\Cyclone-x-prototype\datas\HURSAT_NI\2015\2015207N22091\2015207N22091.KOMEN.2015.08.01.1800.44.MET-7.020.hursat-b1.v06.nc,2015-08-01T18:00:00,0.0,0,Depression / Weak System,HURSAT-B1 IRWIN/rad10,1.0,0,train
2015207N22091,2015-08-01T18:00:00,E:\Cyclone-x-prototype\datas\HURSAT_NI\2015\2015207N22091\2015207N22091.KOMEN.2015.08.01.1800.65.HIM-8.020.hursat-b1.v06.nc,2015-08-01T18:00:00,0.0,0,Depression / Weak System,HURSAT-B1 IRWIN/rad10,1.0,0,train
2015207N22091,2015-08-01T21:00:00,E:\Cyclone-x-prototype\datas\HURSAT_NI\2015\2015207N22091\2015207N22091.KOMEN.2015.08.01.2100.44.MET-7.020.hursat-b1.v06.nc,2015-08-01T18:00:00,3.0,0,Depression / Weak System,HURSAT-B1 IRWIN/rad10,1.0,0,train
2015207N22091,2015-08-01T21:00:00,E:\Cyclone-x-prototype\datas\HURSAT_NI\2015\2015207N22091\2015207N22091.KOMEN.2015.08.01.2100.65.HIM-8.020.hursat-b1.v06.nc,2015-08-01T18:00:00,3.0,0,Depression / Weak System,HURSAT-B1 IRWIN/rad10,1.0,0,train
2015207N22091,2015-08-02T00:00:00,E:\Cyclone-x-prototype\datas\HURSAT_NI\2015\2015207N22091\2015207N22091.KOMEN.2015.08.02.0000.44.MET-7.020.hursat-b1.v06.nc,2015-08-02T00:00:00,0.0,0,Depression / Weak System,HURSAT-B1 IRWIN/rad10,1.0,0,train
2015207N22091,2015-08-02T00:00:00,E:\Cyclone-x-prototype\datas\HURSAT_NI\2015\2015207N22091\2015207N22091.KOMEN.2015.08.02.0000.66.HIM-8.020.hursat-b1.v06.nc,2015-08-02T00:00:00,0.0,0,Depression / Weak System,HURSAT-B1 IRWIN/rad10,1.0,0,train
2015207N22091,2015-08-02T03:00:00,E:\Cyclone-x-prototype\datas\HURSAT_NI\2015\2015207N22091\2015207N22091.KOMEN.2015.08.02.0300.43.MET-7.020.hursat-b1.v06.nc,2015-08-02T03:00:00,0.0,0,Depression / Weak System,HURSAT-B1 IRWIN/rad10,1.0,0,train
2015207N22091,2015-08-02T03:00:00,E:\Cyclone-x-prototype\datas\HURSAT_NI\2015\2015207N22091\2015207N22091.KOMEN.2015.08.02.0300.66.HIM-8.020.hursat-b1.v06.nc,2015-08-02T03:00:00,0.0,0,Depression / Weak System,HURSAT-B1 IRWIN/rad10,1.0,0,train
2015207N22091,2015-08-02T06:00:00,E:\Cyclone-x-prototype\datas\HURSAT_NI\2015\2015207N22091\2015207N22091.KOMEN.2015.08.02.0600.42.MET-7.020.hursat-b1.v06.nc,2015-08-02T06:00:00,0.0,0,Depression / Weak System,HURSAT-B1 IRWIN/rad10,1.0,0,train
2015207N22091,2015-08-02T06:00:00,E:\Cyclone-x-prototype\datas\HURSAT_NI\2015\2015207N22091\2015207N22091.KOMEN.2015.08.02.0600.67.HIM-8.020.hursat-b1.v06.nc,2015-08-02T06:00:00,0.0,0,Depression / Weak System,HURSAT-B1 IRWIN/rad10,1.0,0,train
2015207N22091,2015-08-02T09:00:00,E:\Cyclone-x-prototype\datas\HURSAT_NI\2015\2015207N22091\2015207N22091.KOMEN.2015.08.02.0900.42.MET-7.020.hursat-b1.v06.nc,2015-08-02T09:00:00,0.0,0,Depression / Weak System,HURSAT-B1 IRWIN/rad10,1.0,0,train
2015207N22091,2015-08-02T09:00:00,E:\Cyclone-x-prototype\datas\HURSAT_NI\2015\2015207N22091\2015207N22091.KOMEN.2015.08.02.0900.67.HIM-8.020.hursat-b1.v06.nc,2015-08-02T09:00:00,0.0,0,Depression / Weak System,HURSAT-B1 IRWIN/rad10,1.0,0,train
2015207N22091,2015-08-02T12:00:00,E:\Cyclone-x-prototype\datas\HURSAT_NI\2015\2015207N22091\2015207N22091.KOMEN.2015.08.02.1200.42.MET-7.020.hursat-b1.v06.nc,2015-08-02T09:00:00,3.0,0,Depression / Weak System,HURSAT-B1 IRWIN/rad10,1.0,0,train
2015209N26072,2015-07-27T12:00:00,E:\Cyclone-x-prototype\datas\HURSAT_NI\2015\2015209N26072\2015209N26072.MISSING.2015.07.27.1200.35.MET-7.025.hursat-b1.v06.nc,2015-07-27T12:00:00,0.0,0,Depression / Weak System,HURSAT-B1 IRWIN/rad10,1.0,0,train
2015209N26072,2015-07-27T15:00:00,E:\Cyclone-x-prototype\datas\HURSAT_NI\2015\2015209N26072\2015209N26072.MISSING.2015.07.27.1500.35.MET-7.025.hursat-b1.v06.nc,2015-07-27T15:00:00,0.0,0,Depression / Weak System,HURSAT-B1 IRWIN/rad10,1.0,0,train
2015209N26072,2015-07-27T18:00:00,E:\Cyclone-x-prototype\datas\HURSAT_NI\2015\2015209N26072\2015209N26072.MISSING.2015.07.27.1800.35.MET-7.025.hursat-b1.v06.nc,2015-07-27T18:00:00,0.0,0,Depression / Weak System,HURSAT-B1 IRWIN/rad10,1.0,0,train
2015209N26072,2015-07-27T21:00:00,E:\Cyclone-x-prototype\datas\HURSAT_NI\2015\2015209N26072\2015209N26072.MISSING.2015.07.27.2100.35.MET-7.025.hursat-b1.v06.nc,2015-07-27T21:00:00,0.0,0,Depression / Weak System,HURSAT-B1 IRWIN/rad10,1.0,0,train
2015209N26072,2015-07-28T00:00:00,E:\Cyclone-x-prototype\datas\HURSAT_NI\2015\2015209N26072\2015209N26072.MISSING.2015.07.28.0000.35.MET-7.025.hursat-b1.v06.nc,2015-07-28T00:00:00,0.0,0,Depression / Weak System,HURSAT-B1 IRWIN/rad10,1.0,0,train
2015209N26072,2015-07-28T03:00:00,E:\Cyclone-x-prototype\datas\HURSAT_NI\2015\2015209N26072\2015209N26072.MISSING.2015.07.28.0300.34.MET-7.028.hursat-b1.v06.nc,2015-07-28T03:00:00,0.0,0,Depression / Weak System,HURSAT-B1 IRWIN/rad10,1.0,0,train
2015209N26072,2015-07-28T06:00:00,E:\Cyclone-x-prototype\datas\HURSAT_NI\2015\2015209N26072\2015209N26072.MISSING.2015.07.28.0600.34.MET-7.030.hursat-b1.v06.nc,2015-07-28T06:00:00,0.0,0,Depression / Weak System,HURSAT-B1 IRWIN/rad10,1.0,0,train
2015209N26072,2015-07-28T09:00:00,E:\Cyclone-x-prototype\datas\HURSAT_NI\2015\2015209N26072\2015209N26072.MISSING.2015.07.28.0900.34.MET-7.030.hursat-b1.v06.nc,2015-07-28T09:00:00,0.0,0,Depression / Weak System,HURSAT-B1 IRWIN/rad10,1.0,0,train
2015209N26072,2015-07-28T12:00:00,E:\Cyclone-x-prototype\datas\HURSAT_NI\2015\2015209N26072\2015209N26072.MISSING.2015.07.28.1200.34.MET-7.030.hursat-b1.v06.nc,2015-07-28T12:00:00,0.0,0,Depression / Weak System,HURSAT-B1 IRWIN/rad10,1.0,0,train
2015209N26072,2015-07-28T15:00:00,E:\Cyclone-x-prototype\datas\HURSAT_NI\2015\2015209N26072\2015209N26072.MISSING.2015.07.28.1500.35.MET-7.030.hursat-b1.v06.nc,2015-07-28T15:00:00,0.0,0,Depression / Weak System,HURSAT-B1 IRWIN/rad10,1.0,0,train
2015209N26072,2015-07-28T18:00:00,E:\Cyclone-x-prototype\datas\HURSAT_NI\2015\2015209N26072\2015209N26072.MISSING.2015.07.28.1800.35.MET-7.030.hursat-b1.v06.nc,2015-07-28T18:00:00,0.0,0,Depression / Weak System,HURSAT-B1 IRWIN/rad10,1.0,0,train
2015209N26072,2015-07-28T21:00:00,E:\Cyclone-x-prototype\datas\HURSAT_NI\2015\2015209N26072\2015209N26072.MISSING.2015.07.28.2100.35.MET-7.028.hursat-b1.v06.nc,2015-07-28T21:00:00,0.0,0,Depression / Weak System,HURSAT-B1 IRWIN/rad10,1.0,0,train
2015209N26072,2015-07-29T00:00:00,E:\Cyclone-x-prototype\datas\HURSAT_NI\2015\2015209N26072\2015209N26072.MISSING.2015.07.29.0000.36.MET-7.025.hursat-b1.v06.nc,2015-07-29T00:00:00,0.0,0,Depression / Weak System,HURSAT-B1 IRWIN/rad10,1.0,0,train
2015209N26072,2015-07-29T03:00:00,E:\Cyclone-x-prototype\datas\HURSAT_NI\2015\2015209N26072\2015209N26072.MISSING.2015.07.29.0300.36.MET-7.025.hursat-b1.v06.nc,2015-07-29T03:00:00,0.0,0,Depression / Weak System,HURSAT-B1 IRWIN/rad10,1.0,0,train
2015209N26072,2015-07-29T03:00:00,E:\Cyclone-x-prototype\datas\HURSAT_NI\2015\2015209N26072\2015209N26072.MISSING.2015.07.29.0300.80.HIM-8.025.hursat-b1.v06.nc,2015-07-29T03:00:00,0.0,0,Depression / Weak System,HURSAT-B1 IRWIN/rad10,1.0,0,train
2015209N26072,2015-07-29T06:00:00,E:\Cyclone-x-prototype\datas\HURSAT_NI\2015\2015209N26072\2015209N26072.MISSING.2015.07.29.0600.37.MET-7.025.hursat-b1.v06.nc,2015-07-29T06:00:00,0.0,0,Depression / Weak System,HURSAT-B1 IRWIN/rad10,1.0,0,train
2015209N26072,2015-07-29T06:00:00,E:\Cyclone-x-prototype\datas\HURSAT_NI\2015\2015209N26072\2015209N26072.MISSING.2015.07.29.0600.80.HIM-8.025.hursat-b1.v06.nc,2015-07-29T06:00:00,0.0,0,Depression / Weak System,HURSAT-B1 IRWIN/rad10,1.0,0,train
2015209N26072,2015-07-29T09:00:00,E:\Cyclone-x-prototype\datas\HURSAT_NI\2015\2015209N26072\2015209N26072.MISSING.2015.07.29.0900.37.MET-7.025.hursat-b1.v06.nc,2015-07-29T09:00:00,0.0,0,Depression / Weak System,HURSAT-B1 IRWIN/rad10,1.0,0,train
2015209N26072,2015-07-29T09:00:00,E:\Cyclone-x-prototype\datas\HURSAT_NI\2015\2015209N26072\2015209N26072.MISSING.2015.07.29.0900.80.HIM-8.025.hursat-b1.v06.nc,2015-07-29T09:00:00,0.0,0,Depression / Weak System,HURSAT-B1 IRWIN/rad10,1.0,0,train
2015209N26072,2015-07-29T12:00:00,E:\Cyclone-x-prototype\datas\HURSAT_NI\2015\2015209N26072\2015209N26072.MISSING.2015.07.29.1200.37.MET-7.025.hursat-b1.v06.nc,2015-07-29T12:00:00,0.0,0,Depression / Weak System,HURSAT-B1 IRWIN/rad10,1.0,0,train
2015209N26072,2015-07-29T12:00:00,E:\Cyclone-x-prototype\datas\HURSAT_NI\2015\2015209N26072\2015209N26072.MISSING.2015.07.29.1200.80.HIM-8.025.hursat-b1.v06.nc,2015-07-29T12:00:00,0.0,0,Depression / Weak System,HURSAT-B1 IRWIN/rad10,1.0,0,train
2015209N26072,2015-07-29T15:00:00,E:\Cyclone-x-prototype\datas\HURSAT_NI\2015\2015209N26072\2015209N26072.MISSING.2015.07.29.1500.37.MET-7.025.hursat-b1.v06.nc,2015-07-29T15:00:00,0.0,0,Depression / Weak System,HURSAT-B1 IRWIN/rad10,1.0,0,train
2015209N26072,2015-07-29T15:00:00,E:\Cyclone-x-prototype\datas\HURSAT_NI\2015\2015209N26072\2015209N26072.MISSING.2015.07.29.1500.80.HIM-8.025.hursat-b1.v06.nc,2015-07-29T15:00:00,0.0,0,Depression / Weak System,HURSAT-B1 IRWIN/rad10,1.0,0,train
2015209N26072,2015-07-29T18:00:00,E:\Cyclone-x-prototype\datas\HURSAT_NI\2015\2015209N26072\2015209N26072.MISSING.2015.07.29.1800.37.MET-7.025.hursat-b1.v06.nc,2015-07-29T18:00:00,0.0,0,Depression / Weak System,HURSAT-B1 IRWIN/rad10,1.0,0,train
2015209N26072,2015-07-29T18:00:00,E:\Cyclone-x-prototype\datas\HURSAT_NI\2015\2015209N26072\2015209N26072.MISSING.2015.07.29.1800.80.HIM-8.025.hursat-b1.v06.nc,2015-07-29T18:00:00,0.0,0,Depression / Weak System,HURSAT-B1 IRWIN/rad10,1.0,0,train
2015209N26072,2015-07-29T21:00:00,E:\Cyclone-x-prototype\datas\HURSAT_NI\2015\2015209N26072\2015209N26072.MISSING.2015.07.29.2100.38.MET-7.025.hursat-b1.v06.nc,2015-07-29T21:00:00,0.0,0,Depression / Weak System,HURSAT-B1 IRWIN/rad10,1.0,0,train
2015209N26072,2015-07-29T21:00:00,E:\Cyclone-x-prototype\datas\HURSAT_NI\2015\2015209N26072\2015209N26072.MISSING.2015.07.29.2100.80.HIM-8.025.hursat-b1.v06.nc,2015-07-29T21:00:00,0.0,0,Depression / Weak System,HURSAT-B1 IRWIN/rad10,1.0,0,train
2015209N26072,2015-07-30T00:00:00,E:\Cyclone-x-prototype\datas\HURSAT_NI\2015\2015209N26072\2015209N26072.MISSING.2015.07.30.0000.38.MET-7.025.hursat-b1.v06.nc,2015-07-30T00:00:00,0.0,0,Depression / Weak System,HURSAT-B1 IRWIN/rad10,1.0,0,train
2015209N26072,2015-07-30T00:00:00,E:\Cyclone-x-prototype\datas\HURSAT_NI\2015\2015209N26072\2015209N26072.MISSING.2015.07.30.0000.80.HIM-8.025.hursat-b1.v06.nc,2015-07-30T00:00:00,0.0,0,Depression / Weak System,HURSAT-B1 IRWIN/rad10,1.0,0,train
2015280N13071,2015-10-08T21:00:00,E:\Cyclone-x-prototype\datas\HURSAT_NI\2015\2015280N13071\2015280N13071.THREE.2015.10.08.2100.23.MET-7.026.hursat-b1.v06.nc,2015-10-09T00:00:00,3.0,0,Depression / Weak System,HURSAT-B1 IRWIN/rad10,1.0,0,test
2015280N13071,2015-10-08T21:00:00,E:\Cyclone-x-prototype\datas\HURSAT_NI\2015\2015280N13071\2015280N13071.THREE.2015.10.08.2100.80.HIM-8.026.hursat-b1.v06.nc,2015-10-09T00:00:00,3.0,0,Depression / Weak System,HURSAT-B1 IRWIN/rad10,1.0,0,test
2015280N13071,2015-10-09T00:00:00,E:\Cyclone-x-prototype\datas\HURSAT_NI\2015\2015280N13071\2015280N13071.THREE.2015.10.09.0000.23.MET-7.026.hursat-b1.v06.nc,2015-10-09T00:00:00,0.0,0,Depression / Weak System,HURSAT-B1 IRWIN/rad10,1.0,0,test
2015280N13071,2015-10-09T03:00:00,E:\Cyclone-x-prototype\datas\HURSAT_NI\2015\2015280N13071\2015280N13071.THREE.2015.10.09.0300.23.MET-7.027.hursat-b1.v06.nc,2015-10-09T03:00:00,0.0,0,Depression / Weak System,HURSAT-B1 IRWIN/rad10,1.0,0,test
2015280N13071,2015-10-09T06:00:00,E:\Cyclone-x-prototype\datas\HURSAT_NI\2015\2015280N13071\2015280N13071.THREE.2015.10.09.0600.23.MET-7.028.hursat-b1.v06.nc,2015-10-09T06:00:00,0.0,0,Depression / Weak System,HURSAT-B1 IRWIN/rad10,1.0,0,test
2015280N13071,2015-10-09T09:00:00,E:\Cyclone-x-prototype\datas\HURSAT_NI\2015\2015280N13071\2015280N13071.THREE.2015.10.09.0900.23.MET-7.027.hursat-b1.v06.nc,2015-10-09T06:00:00,3.0,0,Depression / Weak System,HURSAT-B1 IRWIN/rad10,1.0,0,test
2015280N13071,2015-10-09T12:00:00,E:\Cyclone-x-prototype\datas\HURSAT_NI\2015\2015280N13071\2015280N13071.THREE.2015.10.09.1200.23.MET-7.026.hursat-b1.v06.nc,2015-10-09T12:00:00,0.0,0,Depression / Weak System,HURSAT-B1 IRWIN/rad10,1.0,0,test
2015280N13071,2015-10-09T15:00:00,E:\Cyclone-x-prototype\datas\HURSAT_NI\2015\2015280N13071\2015280N13071.THREE.2015.10.09.1500.23.MET-7.027.hursat-b1.v06.nc,2015-10-09T12:00:00,3.0,0,Depression / Weak System,HURSAT-B1 IRWIN/rad10,1.0,0,test
2015280N13071,2015-10-09T18:00:00,E:\Cyclone-x-prototype\datas\HURSAT_NI\2015\2015280N13071\2015280N13071.THREE.2015.10.09.1800.23.MET-7.028.hursat-b1.v06.nc,2015-10-09T18:00:00,0.0,0,Depression / Weak System,HURSAT-B1 IRWIN/rad10,1.0,0,test
2015280N13071,2015-10-09T21:00:00,E:\Cyclone-x-prototype\datas\HURSAT_NI\2015\2015280N13071\2015280N13071.THREE.2015.10.09.2100.23.MET-7.028.hursat-b1.v06.nc,2015-10-09T18:00:00,3.0,0,Depression / Weak System,HURSAT-B1 IRWIN/rad10,1.0,0,test
2015280N13071,2015-10-09T21:00:00,E:\Cyclone-x-prototype\datas\HURSAT_NI\2015\2015280N13071\2015280N13071.THREE.2015.10.09.2100.80.MSG-3.028.hursat-b1.v06.nc,2015-10-09T18:00:00,3.0,0,Depression / Weak System,HURSAT-B1 IRWIN/rad10,1.0,0,test
2015280N13071,2015-10-10T00:00:00,E:\Cyclone-x-prototype\datas\HURSAT_NI\2015\2015280N13071\2015280N13071.THREE.2015.10.10.0000.23.MET-7.028.hursat-b1.v06.nc,2015-10-10T00:00:00,0.0,0,Depression / Weak System,HURSAT-B1 IRWIN/rad10,1.0,0,test
2015280N13071,2015-10-10T00:00:00,E:\Cyclone-x-prototype\datas\HURSAT_NI\2015\2015280N13071\2015280N13071.THREE.2015.10.10.0000.80.MSG-3.028.hursat-b1.v06.nc,2015-10-10T00:00:00,0.0,0,Depression / Weak System,HURSAT-B1 IRWIN/rad10,1.0,0,test
2015280N13071,2015-10-10T03:00:00,E:\Cyclone-x-prototype\datas\HURSAT_NI\2015\2015280N13071\2015280N13071.THREE.2015.10.10.0300.23.MET-7.028.hursat-b1.v06.nc,2015-10-10T03:00:00,0.0,0,Depression / Weak System,HURSAT-B1 IRWIN/rad10,1.0,0,test
2015280N13071,2015-10-10T03:00:00,E:\Cyclone-x-prototype\datas\HURSAT_NI\2015\2015280N13071\2015280N13071.THREE.2015.10.10.0300.80.MSG-3.028.hursat-b1.v06.nc,2015-10-10T03:00:00,0.0,0,Depression / Weak System,HURSAT-B1 IRWIN/rad10,1.0,0,test
2015280N13071,2015-10-10T06:00:00,E:\Cyclone-x-prototype\datas\HURSAT_NI\2015\2015280N13071\2015280N13071.THREE.2015.10.10.0600.23.MET-7.028.hursat-b1.v06.nc,2015-10-10T06:00:00,0.0,0,Depression / Weak System,HURSAT-B1 IRWIN/rad10,1.0,0,test
2015280N13071,2015-10-10T06:00:00,E:\Cyclone-x-prototype\datas\HURSAT_NI\2015\2015280N13071\2015280N13071.THREE.2015.10.10.0600.80.MSG-3.028.hursat-b1.v06.nc,2015-10-10T06:00:00,0.0,0,Depression / Weak System,HURSAT-B1 IRWIN/rad10,1.0,0,test
2015280N13071,2015-10-10T09:00:00,E:\Cyclone-x-prototype\datas\HURSAT_NI\2015\2015280N13071\2015280N13071.THREE.2015.10.10.0900.23.MET-7.027.hursat-b1.v06.nc,2015-10-10T06:00:00,3.0,0,Depression / Weak System,HURSAT-B1 IRWIN/rad10,1.0,0,test
2015280N13071,2015-10-10T09:00:00,E:\Cyclone-x-prototype\datas\HURSAT_NI\2015\2015280N13071\2015280N13071.THREE.2015.10.10.0900.80.MSG-3.027.hursat-b1.v06.nc,2015-10-10T06:00:00,3.0,0,Depression / Weak System,HURSAT-B1 IRWIN/rad10,1.0,0,test
2015280N13071,2015-10-10T12:00:00,E:\Cyclone-x-prototype\datas\HURSAT_NI\2015\2015280N13071\2015280N13071.THREE.2015.10.10.1200.23.MET-7.026.hursat-b1.v06.nc,2015-10-10T12:00:00,0.0,0,Depression / Weak System,HURSAT-B1 IRWIN/rad10,1.0,0,test
2015280N13071,2015-10-10T12:00:00,E:\Cyclone-x-prototype\datas\HURSAT_NI\2015\2015280N13071\2015280N13071.THREE.2015.10.10.1200.80.MSG-3.026.hursat-b1.v06.nc,2015-10-10T12:00:00,0.0,0,Depression / Weak System,HURSAT-B1 IRWIN/rad10,1.0,0,test
2015280N13071,2015-10-10T15:00:00,E:\Cyclone-x-prototype\datas\HURSAT_NI\2015\2015280N13071\2015280N13071.THREE.2015.10.10.1500.23.MET-7.026.hursat-b1.v06.nc,2015-10-10T12:00:00,3.0,0,Depression / Weak System,HURSAT-B1 IRWIN/rad10,1.0,0,test
2015280N13071,2015-10-10T15:00:00,E:\Cyclone-x-prototype\datas\HURSAT_NI\2015\2015280N13071\2015280N13071.THREE.2015.10.10.1500.80.MSG-3.026.hursat-b1.v06.nc,2015-10-10T12:00:00,3.0,0,Depression / Weak System,HURSAT-B1 IRWIN/rad10,1.0,0,test
2015280N13071,2015-10-10T18:00:00,E:\Cyclone-x-prototype\datas\HURSAT_NI\2015\2015280N13071\2015280N13071.THREE.2015.10.10.1800.23.MET-7.026.hursat-b1.v06.nc,2015-10-10T18:00:00,0.0,0,Depression / Weak System,HURSAT-B1 IRWIN/rad10,1.0,0,test
2015280N13071,2015-10-10T18:00:00,E:\Cyclone-x-prototype\datas\HURSAT_NI\2015\2015280N13071\2015280N13071.THREE.2015.10.10.1800.80.MSG-3.026.hursat-b1.v06.nc,2015-10-10T18:00:00,0.0,0,Depression / Weak System,HURSAT-B1 IRWIN/rad10,1.0,0,test
2015280N13071,2015-10-10T21:00:00,E:\Cyclone-x-prototype\datas\HURSAT_NI\2015\2015280N13071\2015280N13071.THREE.2015.10.10.2100.23.MET-7.026.hursat-b1.v06.nc,2015-10-10T18:00:00,3.0,0,Depression / Weak System,HURSAT-B1 IRWIN/rad10,1.0,0,test
2015280N13071,2015-10-10T21:00:00,E:\Cyclone-x-prototype\datas\HURSAT_NI\2015\2015280N13071\2015280N13071.THREE.2015.10.10.2100.80.MSG-3.026.hursat-b1.v06.nc,2015-10-10T18:00:00,3.0,0,Depression / Weak System,HURSAT-B1 IRWIN/rad10,1.0,0,test
2015280N13071,2015-10-11T00:00:00,E:\Cyclone-x-prototype\datas\HURSAT_NI\2015\2015280N13071\2015280N13071.THREE.2015.10.11.0000.23.MET-7.026.hursat-b1.v06.nc,2015-10-11T00:00:00,0.0,0,Depression / Weak System,HURSAT-B1 IRWIN/rad10,1.0,0,test
2015280N13071,2015-10-11T00:00:00,E:\Cyclone-x-prototype\datas\HURSAT_NI\2015\2015280N13071\2015280N13071.THREE.2015.10.11.0000.80.MSG-3.026.hursat-b1.v06.nc,2015-10-11T00:00:00,0.0,0,Depression / Weak System,HURSAT-B1 IRWIN/rad10,1.0,0,test
2015280N13071,2015-10-11T03:00:00,E:\Cyclone-x-prototype\datas\HURSAT_NI\2015\2015280N13071\2015280N13071.THREE.2015.10.11.0300.23.MET-7.024.hursat-b1.v06.nc,2015-10-11T03:00:00,0.0,0,Depression / Weak System,HURSAT-B1 IRWIN/rad10,1.0,0,test
2015280N13071,2015-10-11T03:00:00,E:\Cyclone-x-prototype\datas\HURSAT_NI\2015\2015280N13071\2015280N13071.THREE.2015.10.11.0300.79.MSG-3.024.hursat-b1.v06.nc,2015-10-11T03:00:00,0.0,0,Depression / Weak System,HURSAT-B1 IRWIN/rad10,1.0,0,test
2015280N13071,2015-10-11T06:00:00,E:\Cyclone-x-prototype\datas\HURSAT_NI\2015\2015280N13071\2015280N13071.THREE.2015.10.11.0600.23.MET-7.021.hursat-b1.v06.nc,2015-10-11T06:00:00,0.0,0,Depression / Weak System,HURSAT-B1 IRWIN/rad10,1.0,0,test
2015280N13071,2015-10-11T06:00:00,E:\Cyclone-x-prototype\datas\HURSAT_NI\2015\2015280N13071\2015280N13071.THREE.2015.10.11.0600.79.MSG-3.021.hursat-b1.v06.nc,2015-10-11T06:00:00,0.0,0,Depression / Weak System,HURSAT-B1 IRWIN/rad10,1.0,0,test
2015280N13071,2015-10-11T09:00:00,E:\Cyclone-x-prototype\datas\HURSAT_NI\2015\2015280N13071\2015280N13071.THREE.2015.10.11.0900.23.MET-7.023.hursat-b1.v06.nc,2015-10-11T06:00:00,3.0,0,Depression / Weak System,HURSAT-B1 IRWIN/rad10,1.0,0,test
2015280N13071,2015-10-11T09:00:00,E:\Cyclone-x-prototype\datas\HURSAT_NI\2015\2015280N13071\2015280N13071.THREE.2015.10.11.0900.79.MSG-3.023.hursat-b1.v06.nc,2015-10-11T06:00:00,3.0,0,Depression / Weak System,HURSAT-B1 IRWIN/rad10,1.0,0,test
2015280N13071,2015-10-11T12:00:00,E:\Cyclone-x-prototype\datas\HURSAT_NI\2015\2015280N13071\2015280N13071.THREE.2015.10.11.1200.23.MET-7.025.hursat-b1.v06.nc,2015-10-11T12:00:00,0.0,0,Depression / Weak System,HURSAT-B1 IRWIN/rad10,1.0,0,test
2015280N13071,2015-10-11T12:00:00,E:\Cyclone-x-prototype\datas\HURSAT_NI\2015\2015280N13071\2015280N13071.THREE.2015.10.11.1200.79.MSG-3.025.hursat-b1.v06.nc,2015-10-11T12:00:00,0.0,0,Depression / Weak System,HURSAT-B1 IRWIN/rad10,1.0,0,test
2015280N13071,2015-10-11T15:00:00,E:\Cyclone-x-prototype\datas\HURSAT_NI\2015\2015280N13071\2015280N13071.THREE.2015.10.11.1500.24.MET-7.025.hursat-b1.v06.nc,2015-10-11T12:00:00,3.0,0,Depression / Weak System,HURSAT-B1 IRWIN/rad10,1.0,0,test
2015280N13071,2015-10-11T15:00:00,E:\Cyclone-x-prototype\datas\HURSAT_NI\2015\2015280N13071\2015280N13071.THREE.2015.10.11.1500.79.MSG-3.025.hursat-b1.v06.nc,2015-10-11T12:00:00,3.0,0,Depression / Weak System,HURSAT-B1 IRWIN/rad10,1.0,0,test
2015280N13071,2015-10-11T18:00:00,E:\Cyclone-x-prototype\datas\HURSAT_NI\2015\2015280N13071\2015280N13071.THREE.2015.10.11.1800.24.MET-7.025.hursat-b1.v06.nc,2015-10-11T18:00:00,0.0,0,Depression / Weak System,HURSAT-B1 IRWIN/rad10,1.0,0,test
2015280N13071,2015-10-11T18:00:00,E:\Cyclone-x-prototype\datas\HURSAT_NI\2015\2015280N13071\2015280N13071.THREE.2015.10.11.1800.79.MSG-3.025.hursat-b1.v06.nc,2015-10-11T18:00:00,0.0,0,Depression / Weak System,HURSAT-B1 IRWIN/rad10,1.0,0,test
2015280N13071,2015-10-11T21:00:00,E:\Cyclone-x-prototype\datas\HURSAT_NI\2015\2015280N13071\2015280N13071.THREE.2015.10.11.2100.24.MET-7.023.hursat-b1.v06.nc,2015-10-11T18:00:00,3.0,0,Depression / Weak System,HURSAT-B1 IRWIN/rad10,1.0,0,test
2015280N13071,2015-10-11T21:00:00,E:\Cyclone-x-prototype\datas\HURSAT_NI\2015\2015280N13071\2015280N13071.THREE.2015.10.11.2100.79.MSG-3.023.hursat-b1.v06.nc,2015-10-11T18:00:00,3.0,0,Depression / Weak System,HURSAT-B1 IRWIN/rad10,1.0,0,test
2015280N13071,2015-10-12T00:00:00,E:\Cyclone-x-prototype\datas\HURSAT_NI\2015\2015280N13071\2015280N13071.THREE.2015.10.12.0000.24.MET-7.020.hursat-b1.v06.nc,2015-10-12T00:00:00,0.0,0,Depression / Weak System,HURSAT-B1 IRWIN/rad10,1.0,0,test
2015280N13071,2015-10-12T00:00:00,E:\Cyclone-x-prototype\datas\HURSAT_NI\2015\2015280N13071\2015280N13071.THREE.2015.10.12.0000.79.MSG-3.020.hursat-b1.v06.nc,2015-10-12T00:00:00,0.0,0,Depression / Weak System,HURSAT-B1 IRWIN/rad10,1.0,0,test
2015301N11065,2015-10-28T00:00:00,E:\Cyclone-x-prototype\datas\HURSAT_NI\2015\2015301N11065\2015301N11065.CHAPALA.2015.10.28.0000.16.MET-7.026.hursat-b1.v06.nc,2015-10-28T03:00:00,3.0,0,Depression / Weak System,HURSAT-B1 IRWIN/rad10,1.0,0,train
2015301N11065,2015-10-28T00:00:00,E:\Cyclone-x-prototype\datas\HURSAT_NI\2015\2015301N11065\2015301N11065.CHAPALA.2015.10.28.0000.74.MSG-3.026.hursat-b1.v06.nc,2015-10-28T03:00:00,3.0,0,Depression / Weak System,HURSAT-B1 IRWIN/rad10,0.9841386278470358,0,train
2015301N11065,2015-10-28T03:00:00,E:\Cyclone-x-prototype\datas\HURSAT_NI\2015\2015301N11065\2015301N11065.CHAPALA.2015.10.28.0300.17.MET-7.027.hursat-b1.v06.nc,2015-10-28T03:00:00,0.0,0,Depression / Weak System,HURSAT-B1 IRWIN/rad10,1.0,0,train
2015301N11065,2015-10-28T03:00:00,E:\Cyclone-x-prototype\datas\HURSAT_NI\2015\2015301N11065\2015301N11065.CHAPALA.2015.10.28.0300.74.MSG-3.027.hursat-b1.v06.nc,2015-10-28T03:00:00,0.0,0,Depression / Weak System,HURSAT-B1 IRWIN/rad10,0.9904341200987499,0,train
2015301N11065,2015-10-28T06:00:00,E:\Cyclone-x-prototype\datas\HURSAT_NI\2015\2015301N11065\2015301N11065.CHAPALA.2015.10.28.0600.17.MET-7.028.hursat-b1.v06.nc,2015-10-28T06:00:00,0.0,0,Depression / Weak System,HURSAT-B1 IRWIN/rad10,1.0,0,train
2015301N11065,2015-10-28T06:00:00,E:\Cyclone-x-prototype\datas\HURSAT_NI\2015\2015301N11065\2015301N11065.CHAPALA.2015.10.28.0600.74.MSG-3.028.hursat-b1.v06.nc,2015-10-28T06:00:00,0.0,0,Depression / Weak System,HURSAT-B1 IRWIN/rad10,1.0,0,train
2015301N11065,2015-10-28T09:00:00,E:\Cyclone-x-prototype\datas\HURSAT_NI\2015\2015301N11065\2015301N11065.CHAPALA.2015.10.28.0900.17.MET-7.031.hursat-b1.v06.nc,2015-10-28T06:00:00,3.0,0,Depression / Weak System,HURSAT-B1 IRWIN/rad10,1.0,0,train
2015301N11065,2015-10-28T09:00:00,E:\Cyclone-x-prototype\datas\HURSAT_NI\2015\2015301N11065\2015301N11065.CHAPALA.2015.10.28.0900.74.MSG-3.031.hursat-b1.v06.nc,2015-10-28T06:00:00,3.0,0,Depression / Weak System,HURSAT-B1 IRWIN/rad10,1.0,0,train
2015301N11065,2015-10-28T12:00:00,E:\Cyclone-x-prototype\datas\HURSAT_NI\2015\2015301N11065\2015301N11065.CHAPALA.2015.10.28.1200.18.MET-7.035.hursat-b1.v06.nc,2015-10-28T12:00:00,0.0,0,Depression / Weak System,HURSAT-B1 IRWIN/rad10,1.0,0,train
2015301N11065,2015-10-28T12:00:00,E:\Cyclone-x-prototype\datas\HURSAT_NI\2015\2015301N11065\2015301N11065.CHAPALA.2015.10.28.1200.74.MSG-3.035.hursat-b1.v06.nc,2015-10-28T12:00:00,0.0,0,Depression / Weak System,HURSAT-B1 IRWIN/rad10,1.0,0,train
2015301N11065,2015-10-28T15:00:00,E:\Cyclone-x-prototype\datas\HURSAT_NI\2015\2015301N11065\2015301N11065.CHAPALA.2015.10.28.1500.18.MET-7.035.hursat-b1.v06.nc,2015-10-28T12:00:00,3.0,0,Depression / Weak System,HURSAT-B1 IRWIN/rad10,1.0,0,train
2015301N11065,2015-10-28T15:00:00,E:\Cyclone-x-prototype\datas\HURSAT_NI\2015\2015301N11065\2015301N11065.CHAPALA.2015.10.28.1500.74.MSG-3.035.hursat-b1.v06.nc,2015-10-28T12:00:00,3.0,0,Depression / Weak System,HURSAT-B1 IRWIN/rad10,1.0,0,train
2015301N11065,2015-10-28T18:00:00,E:\Cyclone-x-prototype\datas\HURSAT_NI\2015\2015301N11065\2015301N11065.CHAPALA.2015.10.28.1800.18.MET-7.035.hursat-b1.v06.nc,2015-10-28T18:00:00,0.0,0,Depression / Weak System,HURSAT-B1 IRWIN/rad10,1.0,0,train
2015301N11065,2015-10-28T18:00:00,E:\Cyclone-x-prototype\datas\HURSAT_NI\2015\2015301N11065\2015301N11065.CHAPALA.2015.10.28.1800.74.MSG-3.035.hursat-b1.v06.nc,2015-10-28T18:00:00,0.0,0,Depression / Weak System,HURSAT-B1 IRWIN/rad10,0.9940503835678101,0,train
2015301N11065,2015-10-28T21:00:00,E:\Cyclone-x-prototype\datas\HURSAT_NI\2015\2015301N11065\2015301N11065.CHAPALA.2015.10.28.2100.18.MET-7.037.hursat-b1.v06.nc,2015-10-28T18:00:00,3.0,0,Depression / Weak System,HURSAT-B1 IRWIN/rad10,1.0,0,train
2015301N11065,2015-10-28T21:00:00,E:\Cyclone-x-prototype\datas\HURSAT_NI\2015\2015301N11065\2015301N11065.CHAPALA.2015.10.28.2100.74.MSG-3.037.hursat-b1.v06.nc,2015-10-28T18:00:00,3.0,0,Depression / Weak System,HURSAT-B1 IRWIN/rad10,1.0,0,train
2015301N11065,2015-10-29T00:00:00,E:\Cyclone-x-prototype\datas\HURSAT_NI\2015\2015301N11065\2015301N11065.CHAPALA.2015.10.29.0000.18.MET-7.040.hursat-b1.v06.nc,2015-10-29T00:00:00,0.0,1,Cyclonic Storm,HURSAT-B1 IRWIN/rad10,1.0,0,train
2015301N11065,2015-10-29T00:00:00,E:\Cyclone-x-prototype\datas\HURSAT_NI\2015\2015301N11065\2015301N11065.CHAPALA.2015.10.29.0000.74.MSG-3.040.hursat-b1.v06.nc,2015-10-29T00:00:00,0.0,1,Cyclonic Storm,HURSAT-B1 IRWIN/rad10,1.0,0,train
2015301N11065,2015-10-29T03:00:00,E:\Cyclone-x-prototype\datas\HURSAT_NI\2015\2015301N11065\2015301N11065.CHAPALA.2015.10.29.0300.18.MET-7.043.hursat-b1.v06.nc,2015-10-29T03:00:00,0.0,1,Cyclonic Storm,HURSAT-B1 IRWIN/rad10,1.0,0,train
2015301N11065,2015-10-29T03:00:00,E:\Cyclone-x-prototype\datas\HURSAT_NI\2015\2015301N11065\2015301N11065.CHAPALA.2015.10.29.0300.74.MSG-3.043.hursat-b1.v06.nc,2015-10-29T03:00:00,0.0,1,Cyclonic Storm,HURSAT-B1 IRWIN/rad10,1.0,0,train
2015301N11065,2015-10-29T06:00:00,E:\Cyclone-x-prototype\datas\HURSAT_NI\2015\2015301N11065\2015301N11065.CHAPALA.2015.10.29.0600.18.MET-7.047.hursat-b1.v06.nc,2015-10-29T06:00:00,0.0,1,Cyclonic Storm,HURSAT-B1 IRWIN/rad10,1.0,0,train
2015301N11065,2015-10-29T06:00:00,E:\Cyclone-x-prototype\datas\HURSAT_NI\2015\2015301N11065\2015301N11065.CHAPALA.2015.10.29.0600.73.MSG-3.047.hursat-b1.v06.nc,2015-10-29T06:00:00,0.0,1,Cyclonic Storm,HURSAT-B1 IRWIN/rad10,1.0,0,train
2015301N11065,2015-10-29T09:00:00,E:\Cyclone-x-prototype\datas\HURSAT_NI\2015\2015301N11065\2015301N11065.CHAPALA.2015.10.29.0900.18.MET-7.051.hursat-b1.v06.nc,2015-10-29T09:00:00,0.0,1,Cyclonic Storm,HURSAT-B1 IRWIN/rad10,1.0,0,train
2015301N11065,2015-10-29T09:00:00,E:\Cyclone-x-prototype\datas\HURSAT_NI\2015\2015301N11065\2015301N11065.CHAPALA.2015.10.29.0900.73.MSG-3.051.hursat-b1.v06.nc,2015-10-29T09:00:00,0.0,1,Cyclonic Storm,HURSAT-B1 IRWIN/rad10,1.0,0,train
2015301N11065,2015-10-29T12:00:00,E:\Cyclone-x-prototype\datas\HURSAT_NI\2015\2015301N11065\2015301N11065.CHAPALA.2015.10.29.1200.18.MET-7.056.hursat-b1.v06.nc,2015-10-29T12:00:00,0.0,1,Cyclonic Storm,HURSAT-B1 IRWIN/rad10,1.0,0,train
2015301N11065,2015-10-29T12:00:00,E:\Cyclone-x-prototype\datas\HURSAT_NI\2015\2015301N11065\2015301N11065.CHAPALA.2015.10.29.1200.73.MSG-3.056.hursat-b1.v06.nc,2015-10-29T12:00:00,0.0,1,Cyclonic Storm,HURSAT-B1 IRWIN/rad10,1.0,0,train
2015301N11065,2015-10-29T15:00:00,E:\Cyclone-x-prototype\datas\HURSAT_NI\2015\2015301N11065\2015301N11065.CHAPALA.2015.10.29.1500.18.MET-7.062.hursat-b1.v06.nc,2015-10-29T15:00:00,0.0,1,Cyclonic Storm,HURSAT-B1 IRWIN/rad10,1.0,0,train
2015301N11065,2015-10-29T15:00:00,E:\Cyclone-x-prototype\datas\HURSAT_NI\2015\2015301N11065\2015301N11065.CHAPALA.2015.10.29.1500.73.MSG-3.062.hursat-b1.v06.nc,2015-10-29T15:00:00,0.0,1,Cyclonic Storm,HURSAT-B1 IRWIN/rad10,1.0,0,train
2015301N11065,2015-10-29T18:00:00,E:\Cyclone-x-prototype\datas\HURSAT_NI\2015\2015301N11065\2015301N11065.CHAPALA.2015.10.29.1800.18.MET-7.068.hursat-b1.v06.nc,2015-10-29T18:00:00,0.0,2,Severe Cyclone,HURSAT-B1 IRWIN/rad10,1.0,0,train
2015301N11065,2015-10-29T18:00:00,E:\Cyclone-x-prototype\datas\HURSAT_NI\2015\2015301N11065\2015301N11065.CHAPALA.2015.10.29.1800.72.MSG-3.068.hursat-b1.v06.nc,2015-10-29T18:00:00,0.0,2,Severe Cyclone,HURSAT-B1 IRWIN/rad10,1.0,0,train
2015301N11065,2015-10-29T21:00:00,E:\Cyclone-x-prototype\datas\HURSAT_NI\2015\2015301N11065\2015301N11065.CHAPALA.2015.10.29.2100.18.MET-7.078.hursat-b1.v06.nc,2015-10-29T21:00:00,0.0,2,Severe Cyclone,HURSAT-B1 IRWIN/rad10,1.0,0,train
2015301N11065,2015-10-29T21:00:00,E:\Cyclone-x-prototype\datas\HURSAT_NI\2015\2015301N11065\2015301N11065.CHAPALA.2015.10.29.2100.72.MSG-3.078.hursat-b1.v06.nc,2015-10-29T21:00:00,0.0,2,Severe Cyclone,HURSAT-B1 IRWIN/rad10,1.0,0,train
2015301N11065,2015-10-30T00:00:00,E:\Cyclone-x-prototype\datas\HURSAT_NI\2015\2015301N11065\2015301N11065.CHAPALA.2015.10.30.0000.18.MET-7.089.hursat-b1.v06.nc,2015-10-30T00:00:00,0.0,2,Severe Cyclone,HURSAT-B1 IRWIN/rad10,1.0,0,train
2015301N11065,2015-10-30T00:00:00,E:\Cyclone-x-prototype\datas\HURSAT_NI\2015\2015301N11065\2015301N11065.CHAPALA.2015.10.30.0000.71.MSG-3.089.hursat-b1.v06.nc,2015-10-30T00:00:00,0.0,2,Severe Cyclone,HURSAT-B1 IRWIN/rad10,1.0,0,train
2015301N11065,2015-10-30T03:00:00,E:\Cyclone-x-prototype\datas\HURSAT_NI\2015\2015301N11065\2015301N11065.CHAPALA.2015.10.30.0300.18.MET-7.101.hursat-b1.v06.nc,2015-10-30T03:00:00,0.0,2,Severe Cyclone,HURSAT-B1 IRWIN/rad10,1.0,0,train
2015301N11065,2015-10-30T03:00:00,E:\Cyclone-x-prototype\datas\HURSAT_NI\2015\2015301N11065\2015301N11065.CHAPALA.2015.10.30.0300.71.MSG-3.101.hursat-b1.v06.nc,2015-10-30T03:00:00,0.0,2,Severe Cyclone,HURSAT-B1 IRWIN/rad10,1.0,0,train
2015301N11065,2015-10-30T06:00:00,E:\Cyclone-x-prototype\datas\HURSAT_NI\2015\2015301N11065\2015301N11065.CHAPALA.2015.10.30.0600.17.MET-7.112.hursat-b1.v06.nc,2015-10-30T06:00:00,0.0,2,Severe Cyclone,HURSAT-B1 IRWIN/rad10,1.0,0,train
2015301N11065,2015-10-30T06:00:00,E:\Cyclone-x-prototype\datas\HURSAT_NI\2015\2015301N11065\2015301N11065.CHAPALA.2015.10.30.0600.71.MSG-3.112.hursat-b1.v06.nc,2015-10-30T06:00:00,0.0,2,Severe Cyclone,HURSAT-B1 IRWIN/rad10,1.0,0,train
2015301N11065,2015-10-30T09:00:00,E:\Cyclone-x-prototype\datas\HURSAT_NI\2015\2015301N11065\2015301N11065.CHAPALA.2015.10.30.0900.17.MET-7.112.hursat-b1.v06.nc,2015-10-30T09:00:00,0.0,2,Severe Cyclone,HURSAT-B1 IRWIN/rad10,1.0,0,train
2015301N11065,2015-10-30T09:00:00,E:\Cyclone-x-prototype\datas\HURSAT_NI\2015\2015301N11065\2015301N11065.CHAPALA.2015.10.30.0900.70.MSG-3.112.hursat-b1.v06.nc,2015-10-30T09:00:00,0.0,2,Severe Cyclone,HURSAT-B1 IRWIN/rad10,1.0,0,train
2015301N11065,2015-10-30T12:00:00,E:\Cyclone-x-prototype\datas\HURSAT_NI\2015\2015301N11065\2015301N11065.CHAPALA.2015.10.30.1200.17.MET-7.113.hursat-b1.v06.nc,2015-10-30T12:00:00,0.0,2,Severe Cyclone,HURSAT-B1 IRWIN/rad10,1.0,0,train
2015301N11065,2015-10-30T12:00:00,E:\Cyclone-x-prototype\datas\HURSAT_NI\2015\2015301N11065\2015301N11065.CHAPALA.2015.10.30.1200.70.MSG-3.113.hursat-b1.v06.nc,2015-10-30T12:00:00,0.0,2,Severe Cyclone,HURSAT-B1 IRWIN/rad10,1.0,0,train
2015301N11065,2015-10-30T15:00:00,E:\Cyclone-x-prototype\datas\HURSAT_NI\2015\2015301N11065\2015301N11065.CHAPALA.2015.10.30.1500.17.MET-7.111.hursat-b1.v06.nc,2015-10-30T15:00:00,0.0,2,Severe Cyclone,HURSAT-B1 IRWIN/rad10,1.0,0,train
2015301N11065,2015-10-30T15:00:00,E:\Cyclone-x-prototype\datas\HURSAT_NI\2015\2015301N11065\2015301N11065.CHAPALA.2015.10.30.1500.70.MSG-3.111.hursat-b1.v06.nc,2015-10-30T15:00:00,0.0,2,Severe Cyclone,HURSAT-B1 IRWIN/rad10,1.0,0,train
2015301N11065,2015-10-30T18:00:00,E:\Cyclone-x-prototype\datas\HURSAT_NI\2015\2015301N11065\2015301N11065.CHAPALA.2015.10.30.1800.17.MET-7.110.hursat-b1.v06.nc,2015-10-30T18:00:00,0.0,2,Severe Cyclone,HURSAT-B1 IRWIN/rad10,1.0,0,train
2015301N11065,2015-10-30T18:00:00,E:\Cyclone-x-prototype\datas\HURSAT_NI\2015\2015301N11065\2015301N11065.CHAPALA.2015.10.30.1800.70.MSG-3.110.hursat-b1.v06.nc,2015-10-30T18:00:00,0.0,2,Severe Cyclone,HURSAT-B1 IRWIN/rad10,1.0,0,train
2015301N11065,2015-10-30T21:00:00,E:\Cyclone-x-prototype\datas\HURSAT_NI\2015\2015301N11065\2015301N11065.CHAPALA.2015.10.30.2100.17.MET-7.108.hursat-b1.v06.nc,2015-10-30T21:00:00,0.0,2,Severe Cyclone,HURSAT-B1 IRWIN/rad10,1.0,0,train
2015301N11065,2015-10-30T21:00:00,E:\Cyclone-x-prototype\datas\HURSAT_NI\2015\2015301N11065\2015301N11065.CHAPALA.2015.10.30.2100.69.MSG-3.108.hursat-b1.v06.nc,2015-10-30T21:00:00,0.0,2,Severe Cyclone,HURSAT-B1 IRWIN/rad10,1.0,0,train
2015301N11065,2015-10-31T00:00:00,E:\Cyclone-x-prototype\datas\HURSAT_NI\2015\2015301N11065\2015301N11065.CHAPALA.2015.10.31.0000.17.MET-7.106.hursat-b1.v06.nc,2015-10-31T00:00:00,0.0,2,Severe Cyclone,HURSAT-B1 IRWIN/rad10,1.0,0,train
2015301N11065,2015-10-31T00:00:00,E:\Cyclone-x-prototype\datas\HURSAT_NI\2015\2015301N11065\2015301N11065.CHAPALA.2015.10.31.0000.69.MSG-3.106.hursat-b1.v06.nc,2015-10-31T00:00:00,0.0,2,Severe Cyclone,HURSAT-B1 IRWIN/rad10,1.0,0,train
2015301N11065,2015-10-31T03:00:00,E:\Cyclone-x-prototype\datas\HURSAT_NI\2015\2015301N11065\2015301N11065.CHAPALA.2015.10.31.0300.16.MET-7.103.hursat-b1.v06.nc,2015-10-31T03:00:00,0.0,2,Severe Cyclone,HURSAT-B1 IRWIN/rad10,1.0,0,train
2015301N11065,2015-10-31T03:00:00,E:\Cyclone-x-prototype\datas\HURSAT_NI\2015\2015301N11065\2015301N11065.CHAPALA.2015.10.31.0300.69.MSG-3.103.hursat-b1.v06.nc,2015-10-31T03:00:00,0.0,2,Severe Cyclone,HURSAT-B1 IRWIN/rad10,1.0,0,train
2015301N11065,2015-10-31T06:00:00,E:\Cyclone-x-prototype\datas\HURSAT_NI\2015\2015301N11065\2015301N11065.CHAPALA.2015.10.31.0600.16.MET-7.101.hursat-b1.v06.nc,2015-10-31T06:00:00,0.0,2,Severe Cyclone,HURSAT-B1 IRWIN/rad10,1.0,0,train
2015301N11065,2015-10-31T06:00:00,E:\Cyclone-x-prototype\datas\HURSAT_NI\2015\2015301N11065\2015301N11065.CHAPALA.2015.10.31.0600.68.MSG-3.101.hursat-b1.v06.nc,2015-10-31T06:00:00,0.0,2,Severe Cyclone,HURSAT-B1 IRWIN/rad10,1.0,0,train
2015301N11065,2015-10-31T09:00:00,E:\Cyclone-x-prototype\datas\HURSAT_NI\2015\2015301N11065\2015301N11065.CHAPALA.2015.10.31.0900.16.MET-7.101.hursat-b1.v06.nc,2015-10-31T09:00:00,0.0,2,Severe Cyclone,HURSAT-B1 IRWIN/rad10,1.0,0,train
2015301N11065,2015-10-31T09:00:00,E:\Cyclone-x-prototype\datas\HURSAT_NI\2015\2015301N11065\2015301N11065.CHAPALA.2015.10.31.0900.68.MSG-3.101.hursat-b1.v06.nc,2015-10-31T09:00:00,0.0,2,Severe Cyclone,HURSAT-B1 IRWIN/rad10,1.0,0,train
2015301N11065,2015-10-31T12:00:00,E:\Cyclone-x-prototype\datas\HURSAT_NI\2015\2015301N11065\2015301N11065.CHAPALA.2015.10.31.1200.16.MET-7.101.hursat-b1.v06.nc,2015-10-31T12:00:00,0.0,2,Severe Cyclone,HURSAT-B1 IRWIN/rad10,1.0,0,train
2015301N11065,2015-10-31T12:00:00,E:\Cyclone-x-prototype\datas\HURSAT_NI\2015\2015301N11065\2015301N11065.CHAPALA.2015.10.31.1200.67.MSG-3.101.hursat-b1.v06.nc,2015-10-31T12:00:00,0.0,2,Severe Cyclone,HURSAT-B1 IRWIN/rad10,1.0,0,train
2015301N11065,2015-10-31T15:00:00,E:\Cyclone-x-prototype\datas\HURSAT_NI\2015\2015301N11065\2015301N11065.CHAPALA.2015.10.31.1500.16.MET-7.101.hursat-b1.v06.nc,2015-10-31T15:00:00,0.0,2,Severe Cyclone,HURSAT-B1 IRWIN/rad10,1.0,0,train
2015301N11065,2015-10-31T15:00:00,E:\Cyclone-x-prototype\datas\HURSAT_NI\2015\2015301N11065\2015301N11065.CHAPALA.2015.10.31.1500.67.MSG-3.101.hursat-b1.v06.nc,2015-10-31T15:00:00,0.0,2,Severe Cyclone,HURSAT-B1 IRWIN/rad10,1.0,0,train
2015301N11065,2015-10-31T18:00:00,E:\Cyclone-x-prototype\datas\HURSAT_NI\2015\2015301N11065\2015301N11065.CHAPALA.2015.10.31.1800.16.MET-7.101.hursat-b1.v06.nc,2015-10-31T18:00:00,0.0,2,Severe Cyclone,HURSAT-B1 IRWIN/rad10,1.0,0,train
2015301N11065,2015-10-31T18:00:00,E:\Cyclone-x-prototype\datas\HURSAT_NI\2015\2015301N11065\2015301N11065.CHAPALA.2015.10.31.1800.67.MSG-3.101.hursat-b1.v06.nc,2015-10-31T18:00:00,0.0,2,Severe Cyclone,HURSAT-B1 IRWIN/rad10,1.0,0,train
2015301N11065,2015-10-31T21:00:00,E:\Cyclone-x-prototype\datas\HURSAT_NI\2015\2015301N11065\2015301N11065.CHAPALA.2015.10.31.2100.16.MET-7.102.hursat-b1.v06.nc,2015-10-31T21:00:00,0.0,2,Severe Cyclone,HURSAT-B1 IRWIN/rad10,1.0,0,train
2015301N11065,2015-10-31T21:00:00,E:\Cyclone-x-prototype\datas\HURSAT_NI\2015\2015301N11065\2015301N11065.CHAPALA.2015.10.31.2100.66.MSG-3.102.hursat-b1.v06.nc,2015-10-31T21:00:00,0.0,2,Severe Cyclone,HURSAT-B1 IRWIN/rad10,1.0,0,train
2015301N11065,2015-11-01T00:00:00,E:\Cyclone-x-prototype\datas\HURSAT_NI\2015\2015301N11065\2015301N11065.CHAPALA.2015.11.01.0000.16.MET-7.103.hursat-b1.v06.nc,2015-11-01T00:00:00,0.0,2,Severe Cyclone,HURSAT-B1 IRWIN/rad10,1.0,0,train
2015301N11065,2015-11-01T00:00:00,E:\Cyclone-x-prototype\datas\HURSAT_NI\2015\2015301N11065\2015301N11065.CHAPALA.2015.11.01.0000.66.MSG-3.103.hursat-b1.v06.nc,2015-11-01T00:00:00,0.0,2,Severe Cyclone,HURSAT-B1 IRWIN/rad10,1.0,0,train
2015301N11065,2015-11-01T03:00:00,E:\Cyclone-x-prototype\datas\HURSAT_NI\2015\2015301N11065\2015301N11065.CHAPALA.2015.11.01.0300.16.MET-7.102.hursat-b1.v06.nc,2015-11-01T03:00:00,0.0,2,Severe Cyclone,HURSAT-B1 IRWIN/rad10,1.0,0,train
2015301N11065,2015-11-01T03:00:00,E:\Cyclone-x-prototype\datas\HURSAT_NI\2015\2015301N11065\2015301N11065.CHAPALA.2015.11.01.0300.65.MSG-3.102.hursat-b1.v06.nc,2015-11-01T03:00:00,0.0,2,Severe Cyclone,HURSAT-B1 IRWIN/rad10,1.0,0,train
2015301N11065,2015-11-01T06:00:00,E:\Cyclone-x-prototype\datas\HURSAT_NI\2015\2015301N11065\2015301N11065.CHAPALA.2015.11.01.0600.16.MET-7.101.hursat-b1.v06.nc,2015-11-01T06:00:00,0.0,2,Severe Cyclone,HURSAT-B1 IRWIN/rad10,1.0,0,train
2015301N11065,2015-11-01T06:00:00,E:\Cyclone-x-prototype\datas\HURSAT_NI\2015\2015301N11065\2015301N11065.CHAPALA.2015.11.01.0600.65.MSG-3.101.hursat-b1.v06.nc,2015-11-01T06:00:00,0.0,2,Severe Cyclone,HURSAT-B1 IRWIN/rad10,1.0,0,train
2015301N11065,2015-11-01T09:00:00,E:\Cyclone-x-prototype\datas\HURSAT_NI\2015\2015301N11065\2015301N11065.CHAPALA.2015.11.01.0900.16.MET-7.102.hursat-b1.v06.nc,2015-11-01T09:00:00,0.0,2,Severe Cyclone,HURSAT-B1 IRWIN/rad10,1.0,0,train
2015301N11065,2015-11-01T09:00:00,E:\Cyclone-x-prototype\datas\HURSAT_NI\2015\2015301N11065\2015301N11065.CHAPALA.2015.11.01.0900.64.MSG-3.102.hursat-b1.v06.nc,2015-11-01T09:00:00,0.0,2,Severe Cyclone,HURSAT-B1 IRWIN/rad10,1.0,0,train
2015301N11065,2015-11-01T12:00:00,E:\Cyclone-x-prototype\datas\HURSAT_NI\2015\2015301N11065\2015301N11065.CHAPALA.2015.11.01.1200.16.MET-7.103.hursat-b1.v06.nc,2015-11-01T12:00:00,0.0,2,Severe Cyclone,HURSAT-B1 IRWIN/rad10,1.0,0,train
2015301N11065,2015-11-01T12:00:00,E:\Cyclone-x-prototype\datas\HURSAT_NI\2015\2015301N11065\2015301N11065.CHAPALA.2015.11.01.1200.64.MSG-3.103.hursat-b1.v06.nc,2015-11-01T12:00:00,0.0,2,Severe Cyclone,HURSAT-B1 IRWIN/rad10,1.0,0,train
2015301N11065,2015-11-01T15:00:00,E:\Cyclone-x-prototype\datas\HURSAT_NI\2015\2015301N11065\2015301N11065.CHAPALA.2015.11.01.1500.16.MET-7.103.hursat-b1.v06.nc,2015-11-01T15:00:00,0.0,2,Severe Cyclone,HURSAT-B1 IRWIN/rad10,1.0,0,train
2015301N11065,2015-11-01T15:00:00,E:\Cyclone-x-prototype\datas\HURSAT_NI\2015\2015301N11065\2015301N11065.CHAPALA.2015.11.01.1500.63.MSG-3.103.hursat-b1.v06.nc,2015-11-01T15:00:00,0.0,2,Severe Cyclone,HURSAT-B1 IRWIN/rad10,1.0,0,train
2015301N11065,2015-11-01T18:00:00,E:\Cyclone-x-prototype\datas\HURSAT_NI\2015\2015301N11065\2015301N11065.CHAPALA.2015.11.01.1800.16.MET-7.103.hursat-b1.v06.nc,2015-11-01T18:00:00,0.0,2,Severe Cyclone,HURSAT-B1 IRWIN/rad10,1.0,0,train
2015301N11065,2015-11-01T18:00:00,E:\Cyclone-x-prototype\datas\HURSAT_NI\2015\2015301N11065\2015301N11065.CHAPALA.2015.11.01.1800.63.MSG-3.103.hursat-b1.v06.nc,2015-11-01T18:00:00,0.0,2,Severe Cyclone,HURSAT-B1 IRWIN/rad10,1.0,0,train
2015301N11065,2015-11-01T21:00:00,E:\Cyclone-x-prototype\datas\HURSAT_NI\2015\2015301N11065\2015301N11065.CHAPALA.2015.11.01.2100.16.MET-7.101.hursat-b1.v06.nc,2015-11-01T21:00:00,0.0,2,Severe Cyclone,HURSAT-B1 IRWIN/rad10,1.0,0,train
2015301N11065,2015-11-01T21:00:00,E:\Cyclone-x-prototype\datas\HURSAT_NI\2015\2015301N11065\2015301N11065.CHAPALA.2015.11.01.2100.62.MSG-3.101.hursat-b1.v06.nc,2015-11-01T21:00:00,0.0,2,Severe Cyclone,HURSAT-B1 IRWIN/rad10,1.0,0,train
2015301N11065,2015-11-02T00:00:00,E:\Cyclone-x-prototype\datas\HURSAT_NI\2015\2015301N11065\2015301N11065.CHAPALA.2015.11.02.0000.16.MET-7.098.hursat-b1.v06.nc,2015-11-02T00:00:00,0.0,2,Severe Cyclone,HURSAT-B1 IRWIN/rad10,1.0,0,train
2015301N11065,2015-11-02T00:00:00,E:\Cyclone-x-prototype\datas\HURSAT_NI\2015\2015301N11065\2015301N11065.CHAPALA.2015.11.02.0000.62.MSG-3.098.hursat-b1.v06.nc,2015-11-02T00:00:00,0.0,2,Severe Cyclone,HURSAT-B1 IRWIN/rad10,1.0,0,train
2015301N11065,2015-11-02T03:00:00,E:\Cyclone-x-prototype\datas\HURSAT_NI\2015\2015301N11065\2015301N11065.CHAPALA.2015.11.02.0300.17.MET-7.095.hursat-b1.v06.nc,2015-11-02T03:00:00,0.0,2,Severe Cyclone,HURSAT-B1 IRWIN/rad10,1.0,0,train
2015301N11065,2015-11-02T03:00:00,E:\Cyclone-x-prototype\datas\HURSAT_NI\2015\2015301N11065\2015301N11065.CHAPALA.2015.11.02.0300.61.MSG-3.095.hursat-b1.v06.nc,2015-11-02T03:00:00,0.0,2,Severe Cyclone,HURSAT-B1 IRWIN/rad10,1.0,0,train
2015301N11065,2015-11-02T06:00:00,E:\Cyclone-x-prototype\datas\HURSAT_NI\2015\2015301N11065\2015301N11065.CHAPALA.2015.11.02.0600.17.MET-7.091.hursat-b1.v06.nc,2015-11-02T06:00:00,0.0,2,Severe Cyclone,HURSAT-B1 IRWIN/rad10,1.0,0,train
2015301N11065,2015-11-02T06:00:00,E:\Cyclone-x-prototype\datas\HURSAT_NI\2015\2015301N11065\2015301N11065.CHAPALA.2015.11.02.0600.61.MSG-3.091.hursat-b1.v06.nc,2015-11-02T06:00:00,0.0,2,Severe Cyclone,HURSAT-B1 IRWIN/rad10,1.0,0,train
2015301N11065,2015-11-02T09:00:00,E:\Cyclone-x-prototype\datas\HURSAT_NI\2015\2015301N11065\2015301N11065.CHAPALA.2015.11.02.0900.17.MET-7.089.hursat-b1.v06.nc,2015-11-02T09:00:00,0.0,2,Severe Cyclone,HURSAT-B1 IRWIN/rad10,1.0,0,train
2015301N11065,2015-11-02T09:00:00,E:\Cyclone-x-prototype\datas\HURSAT_NI\2015\2015301N11065\2015301N11065.CHAPALA.2015.11.02.0900.60.MSG-3.089.hursat-b1.v06.nc,2015-11-02T09:00:00,0.0,2,Severe Cyclone,HURSAT-B1 IRWIN/rad10,1.0,0,train
2015301N11065,2015-11-02T12:00:00,E:\Cyclone-x-prototype\datas\HURSAT_NI\2015\2015301N11065\2015301N11065.CHAPALA.2015.11.02.1200.18.MET-7.087.hursat-b1.v06.nc,2015-11-02T12:00:00,0.0,2,Severe Cyclone,HURSAT-B1 IRWIN/rad10,1.0,0,train
2015301N11065,2015-11-02T12:00:00,E:\Cyclone-x-prototype\datas\HURSAT_NI\2015\2015301N11065\2015301N11065.CHAPALA.2015.11.02.1200.60.MSG-3.087.hursat-b1.v06.nc,2015-11-02T12:00:00,0.0,2,Severe Cyclone,HURSAT-B1 IRWIN/rad10,1.0,0,train
2015301N11065,2015-11-02T15:00:00,E:\Cyclone-x-prototype\datas\HURSAT_NI\2015\2015301N11065\2015301N11065.CHAPALA.2015.11.02.1500.18.MET-7.083.hursat-b1.v06.nc,2015-11-02T15:00:00,0.0,2,Severe Cyclone,HURSAT-B1 IRWIN/rad10,1.0,0,train
2015301N11065,2015-11-02T15:00:00,E:\Cyclone-x-prototype\datas\HURSAT_NI\2015\2015301N11065\2015301N11065.CHAPALA.2015.11.02.1500.59.MSG-3.083.hursat-b1.v06.nc,2015-11-02T15:00:00,0.0,2,Severe Cyclone,HURSAT-B1 IRWIN/rad10,1.0,0,train
2015301N11065,2015-11-02T18:00:00,E:\Cyclone-x-prototype\datas\HURSAT_NI\2015\2015301N11065\2015301N11065.CHAPALA.2015.11.02.1800.18.MET-7.080.hursat-b1.v06.nc,2015-11-02T18:00:00,0.0,2,Severe Cyclone,HURSAT-B1 IRWIN/rad10,1.0,0,train
2015301N11065,2015-11-02T18:00:00,E:\Cyclone-x-prototype\datas\HURSAT_NI\2015\2015301N11065\2015301N11065.CHAPALA.2015.11.02.1800.59.MSG-3.080.hursat-b1.v06.nc,2015-11-02T18:00:00,0.0,2,Severe Cyclone,HURSAT-B1 IRWIN/rad10,1.0,0,train
2015301N11065,2015-11-02T21:00:00,E:\Cyclone-x-prototype\datas\HURSAT_NI\2015\2015301N11065\2015301N11065.CHAPALA.2015.11.02.2100.19.MET-7.073.hursat-b1.v06.nc,2015-11-02T21:00:00,0.0,2,Severe Cyclone,HURSAT-B1 IRWIN/rad10,1.0,0,train
2015301N11065,2015-11-02T21:00:00,E:\Cyclone-x-prototype\datas\HURSAT_NI\2015\2015301N11065\2015301N11065.CHAPALA.2015.11.02.2100.58.MSG-3.073.hursat-b1.v06.nc,2015-11-02T21:00:00,0.0,2,Severe Cyclone,HURSAT-B1 IRWIN/rad10,1.0,0,train
2015301N11065,2015-11-03T00:00:00,E:\Cyclone-x-prototype\datas\HURSAT_NI\2015\2015301N11065\2015301N11065.CHAPALA.2015.11.03.0000.19.MET-7.066.hursat-b1.v06.nc,2015-11-03T00:00:00,0.0,2,Severe Cyclone,HURSAT-B1 IRWIN/rad10,1.0,0,train
2015301N11065,2015-11-03T00:00:00,E:\Cyclone-x-prototype\datas\HURSAT_NI\2015\2015301N11065\2015301N11065.CHAPALA.2015.11.03.0000.58.MSG-3.066.hursat-b1.v06.nc,2015-11-03T00:00:00,0.0,2,Severe Cyclone,HURSAT-B1 IRWIN/rad10,1.0,0,train
2015301N11065,2015-11-03T03:00:00,E:\Cyclone-x-prototype\datas\HURSAT_NI\2015\2015301N11065\2015301N11065.CHAPALA.2015.11.03.0300.19.MET-7.055.hursat-b1.v06.nc,2015-11-03T03:00:00,0.0,1,Cyclonic Storm,HURSAT-B1 IRWIN/rad10,1.0,0,train
2015301N11065,2015-11-03T03:00:00,E:\Cyclone-x-prototype\datas\HURSAT_NI\2015\2015301N11065\2015301N11065.CHAPALA.2015.11.03.0300.57.MSG-3.055.hursat-b1.v06.nc,2015-11-03T03:00:00,0.0,1,Cyclonic Storm,HURSAT-B1 IRWIN/rad10,1.0,0,train
2015301N11065,2015-11-03T06:00:00,E:\Cyclone-x-prototype\datas\HURSAT_NI\2015\2015301N11065\2015301N11065.CHAPALA.2015.11.03.0600.20.MET-7.045.hursat-b1.v06.nc,2015-11-03T06:00:00,0.0,1,Cyclonic Storm,HURSAT-B1 IRWIN/rad10,1.0,0,train
2015301N11065,2015-11-03T06:00:00,E:\Cyclone-x-prototype\datas\HURSAT_NI\2015\2015301N11065\2015301N11065.CHAPALA.2015.11.03.0600.57.MSG-3.045.hursat-b1.v06.nc,2015-11-03T06:00:00,0.0,1,Cyclonic Storm,HURSAT-B1 IRWIN/rad10,1.0,0,train
2015301N11065,2015-11-03T09:00:00,E:\Cyclone-x-prototype\datas\HURSAT_NI\2015\2015301N11065\2015301N11065.CHAPALA.2015.11.03.0900.20.MET-7.041.hursat-b1.v06.nc,2015-11-03T09:00:00,0.0,1,Cyclonic Storm,HURSAT-B1 IRWIN/rad10,1.0,0,train
2015301N11065,2015-11-03T09:00:00,E:\Cyclone-x-prototype\datas\HURSAT_NI\2015\2015301N11065\2015301N11065.CHAPALA.2015.11.03.0900.57.MSG-3.041.hursat-b1.v06.nc,2015-11-03T09:00:00,0.0,1,Cyclonic Storm,HURSAT-B1 IRWIN/rad10,1.0,0,train
2015301N11065,2015-11-03T12:00:00,E:\Cyclone-x-prototype\datas\HURSAT_NI\2015\2015301N11065\2015301N11065.CHAPALA.2015.11.03.1200.20.MET-7.038.hursat-b1.v06.nc,2015-11-03T12:00:00,0.0,1,Cyclonic Storm,HURSAT-B1 IRWIN/rad10,1.0,0,train
2015301N11065,2015-11-03T12:00:00,E:\Cyclone-x-prototype\datas\HURSAT_NI\2015\2015301N11065\2015301N11065.CHAPALA.2015.11.03.1200.56.MSG-3.038.hursat-b1.v06.nc,2015-11-03T12:00:00,0.0,1,Cyclonic Storm,HURSAT-B1 IRWIN/rad10,1.0,0,train
2015301N11065,2015-11-03T15:00:00,E:\Cyclone-x-prototype\datas\HURSAT_NI\2015\2015301N11065\2015301N11065.CHAPALA.2015.11.03.1500.20.MET-7.033.hursat-b1.v06.nc,2015-11-03T15:00:00,0.0,1,Cyclonic Storm,HURSAT-B1 IRWIN/rad10,1.0,0,train
2015301N11065,2015-11-03T15:00:00,E:\Cyclone-x-prototype\datas\HURSAT_NI\2015\2015301N11065\2015301N11065.CHAPALA.2015.11.03.1500.56.MSG-3.033.hursat-b1.v06.nc,2015-11-03T15:00:00,0.0,1,Cyclonic Storm,HURSAT-B1 IRWIN/rad10,1.0,0,train
2015301N11065,2015-11-03T18:00:00,E:\Cyclone-x-prototype\datas\HURSAT_NI\2015\2015301N11065\2015301N11065.CHAPALA.2015.11.03.1800.20.MET-7.028.hursat-b1.v06.nc,2015-11-03T18:00:00,0.0,0,Depression / Weak System,HURSAT-B1 IRWIN/rad10,1.0,0,train
2015301N11065,2015-11-03T18:00:00,E:\Cyclone-x-prototype\datas\HURSAT_NI\2015\2015301N11065\2015301N11065.CHAPALA.2015.11.03.1800.56.MSG-3.028.hursat-b1.v06.nc,2015-11-03T18:00:00,0.0,0,Depression / Weak System,HURSAT-B1 IRWIN/rad10,1.0,0,train
2015301N11065,2015-11-03T21:00:00,E:\Cyclone-x-prototype\datas\HURSAT_NI\2015\2015301N11065\2015301N11065.CHAPALA.2015.11.03.2100.21.MET-7.027.hursat-b1.v06.nc,2015-11-03T18:00:00,3.0,0,Depression / Weak System,HURSAT-B1 IRWIN/rad10,1.0,0,train
2015301N11065,2015-11-03T21:00:00,E:\Cyclone-x-prototype\datas\HURSAT_NI\2015\2015301N11065\2015301N11065.CHAPALA.2015.11.03.2100.56.MSG-3.027.hursat-b1.v06.nc,2015-11-03T18:00:00,3.0,0,Depression / Weak System,HURSAT-B1 IRWIN/rad10,1.0,0,train
2015301N11065,2015-11-04T00:00:00,E:\Cyclone-x-prototype\datas\HURSAT_NI\2015\2015301N11065\2015301N11065.CHAPALA.2015.11.04.0000.21.MET-7.025.hursat-b1.v06.nc,2015-11-04T00:00:00,0.0,0,Depression / Weak System,HURSAT-B1 IRWIN/rad10,1.0,0,train
2015301N11065,2015-11-04T00:00:00,E:\Cyclone-x-prototype\datas\HURSAT_NI\2015\2015301N11065\2015301N11065.CHAPALA.2015.11.04.0000.56.MSG-3.025.hursat-b1.v06.nc,2015-11-04T00:00:00,0.0,0,Depression / Weak System,HURSAT-B1 IRWIN/rad10,1.0,0,train
2015309N14067,2015-11-04T21:00:00,E:\Cyclone-x-prototype\datas\HURSAT_NI\2015\2015309N14067\2015309N14067.MEGH.2015.11.04.2100.20.MET-7.024.hursat-b1.v06.nc,2015-11-05T00:00:00,3.0,0,Depression / Weak System,HURSAT-B1 IRWIN/rad10,1.0,0,train
2015309N14067,2015-11-04T21:00:00,E:\Cyclone-x-prototype\datas\HURSAT_NI\2015\2015309N14067\2015309N14067.MEGH.2015.11.04.2100.76.MSG-3.024.hursat-b1.v06.nc,2015-11-05T00:00:00,3.0,0,Depression / Weak System,HURSAT-B1 IRWIN/rad10,0.9649705191453298,0,train
2015309N14067,2015-11-05T00:00:00,E:\Cyclone-x-prototype\datas\HURSAT_NI\2015\2015309N14067\2015309N14067.MEGH.2015.11.05.0000.20.MET-7.026.hursat-b1.v06.nc,2015-11-05T00:00:00,0.0,0,Depression / Weak System,HURSAT-B1 IRWIN/rad10,1.0,0,train
2015309N14067,2015-11-05T00:00:00,E:\Cyclone-x-prototype\datas\HURSAT_NI\2015\2015309N14067\2015309N14067.MEGH.2015.11.05.0000.76.MSG-3.026.hursat-b1.v06.nc,2015-11-05T00:00:00,0.0,0,Depression / Weak System,HURSAT-B1 IRWIN/rad10,1.0,0,train
2015309N14067,2015-11-05T03:00:00,E:\Cyclone-x-prototype\datas\HURSAT_NI\2015\2015309N14067\2015309N14067.MEGH.2015.11.05.0300.19.MET-7.028.hursat-b1.v06.nc,2015-11-05T03:00:00,0.0,0,Depression / Weak System,HURSAT-B1 IRWIN/rad10,1.0,0,train
2015309N14067,2015-11-05T03:00:00,E:\Cyclone-x-prototype\datas\HURSAT_NI\2015\2015309N14067\2015309N14067.MEGH.2015.11.05.0300.75.MSG-3.028.hursat-b1.v06.nc,2015-11-05T03:00:00,0.0,0,Depression / Weak System,HURSAT-B1 IRWIN/rad10,1.0,0,train
2015309N14067,2015-11-05T06:00:00,E:\Cyclone-x-prototype\datas\HURSAT_NI\2015\2015309N14067\2015309N14067.MEGH.2015.11.05.0600.19.MET-7.030.hursat-b1.v06.nc,2015-11-05T06:00:00,0.0,0,Depression / Weak System,HURSAT-B1 IRWIN/rad10,1.0,0,train
2015309N14067,2015-11-05T06:00:00,E:\Cyclone-x-prototype\datas\HURSAT_NI\2015\2015309N14067\2015309N14067.MEGH.2015.11.05.0600.75.MSG-3.030.hursat-b1.v06.nc,2015-11-05T06:00:00,0.0,0,Depression / Weak System,HURSAT-B1 IRWIN/rad10,1.0,0,train
2015309N14067,2015-11-05T09:00:00,E:\Cyclone-x-prototype\datas\HURSAT_NI\2015\2015309N14067\2015309N14067.MEGH.2015.11.05.0900.19.MET-7.032.hursat-b1.v06.nc,2015-11-05T06:00:00,3.0,0,Depression / Weak System,HURSAT-B1 IRWIN/rad10,1.0,0,train
2015309N14067,2015-11-05T09:00:00,E:\Cyclone-x-prototype\datas\HURSAT_NI\2015\2015309N14067\2015309N14067.MEGH.2015.11.05.0900.74.MSG-3.032.hursat-b1.v06.nc,2015-11-05T06:00:00,3.0,0,Depression / Weak System,HURSAT-B1 IRWIN/rad10,1.0,0,train
2015309N14067,2015-11-05T12:00:00,E:\Cyclone-x-prototype\datas\HURSAT_NI\2015\2015309N14067\2015309N14067.MEGH.2015.11.05.1200.18.MET-7.033.hursat-b1.v06.nc,2015-11-05T12:00:00,0.0,1,Cyclonic Storm,HURSAT-B1 IRWIN/rad10,1.0,0,train
2015309N14067,2015-11-05T12:00:00,E:\Cyclone-x-prototype\datas\HURSAT_NI\2015\2015309N14067\2015309N14067.MEGH.2015.11.05.1200.74.MSG-3.033.hursat-b1.v06.nc,2015-11-05T12:00:00,0.0,1,Cyclonic Storm,HURSAT-B1 IRWIN/rad10,1.0,0,train
2015309N14067,2015-11-05T15:00:00,E:\Cyclone-x-prototype\datas\HURSAT_NI\2015\2015309N14067\2015309N14067.MEGH.2015.11.05.1500.18.MET-7.037.hursat-b1.v06.nc,2015-11-05T15:00:00,0.0,1,Cyclonic Storm,HURSAT-B1 IRWIN/rad10,1.0,0,train
2015309N14067,2015-11-05T15:00:00,E:\Cyclone-x-prototype\datas\HURSAT_NI\2015\2015309N14067\2015309N14067.MEGH.2015.11.05.1500.73.MSG-3.037.hursat-b1.v06.nc,2015-11-05T15:00:00,0.0,1,Cyclonic Storm,HURSAT-B1 IRWIN/rad10,1.0,0,train
2015309N14067,2015-11-05T18:00:00,E:\Cyclone-x-prototype\datas\HURSAT_NI\2015\2015309N14067\2015309N14067.MEGH.2015.11.05.1800.18.MET-7.040.hursat-b1.v06.nc,2015-11-05T18:00:00,0.0,1,Cyclonic Storm,HURSAT-B1 IRWIN/rad10,1.0,0,train
2015309N14067,2015-11-05T18:00:00,E:\Cyclone-x-prototype\datas\HURSAT_NI\2015\2015309N14067\2015309N14067.MEGH.2015.11.05.1800.73.MSG-3.040.hursat-b1.v06.nc,2015-11-05T18:00:00,0.0,1,Cyclonic Storm,HURSAT-B1 IRWIN/rad10,1.0,0,train
2015309N14067,2015-11-05T21:00:00,E:\Cyclone-x-prototype\datas\HURSAT_NI\2015\2015309N14067\2015309N14067.MEGH.2015.11.05.2100.18.MET-7.040.hursat-b1.v06.nc,2015-11-05T21:00:00,0.0,1,Cyclonic Storm,HURSAT-B1 IRWIN/rad10,1.0,0,train
2015309N14067,2015-11-05T21:00:00,E:\Cyclone-x-prototype\datas\HURSAT_NI\2015\2015309N14067\2015309N14067.MEGH.2015.11.05.2100.73.MSG-3.040.hursat-b1.v06.nc,2015-11-05T21:00:00,0.0,1,Cyclonic Storm,HURSAT-B1 IRWIN/rad10,1.0,0,train
2015309N14067,2015-11-06T00:00:00,E:\Cyclone-x-prototype\datas\HURSAT_NI\2015\2015309N14067\2015309N14067.MEGH.2015.11.06.0000.17.MET-7.040.hursat-b1.v06.nc,2015-11-06T00:00:00,0.0,1,Cyclonic Storm,HURSAT-B1 IRWIN/rad10,1.0,0,train
2015309N14067,2015-11-06T00:00:00,E:\Cyclone-x-prototype\datas\HURSAT_NI\2015\2015309N14067\2015309N14067.MEGH.2015.11.06.0000.72.MSG-3.040.hursat-b1.v06.nc,2015-11-06T00:00:00,0.0,1,Cyclonic Storm,HURSAT-B1 IRWIN/rad10,1.0,0,train
2015309N14067,2015-11-06T03:00:00,E:\Cyclone-x-prototype\datas\HURSAT_NI\2015\2015309N14067\2015309N14067.MEGH.2015.11.06.0300.17.MET-7.041.hursat-b1.v06.nc,2015-11-06T03:00:00,0.0,1,Cyclonic Storm,HURSAT-B1 IRWIN/rad10,1.0,0,train
2015309N14067,2015-11-06T03:00:00,E:\Cyclone-x-prototype\datas\HURSAT_NI\2015\2015309N14067\2015309N14067.MEGH.2015.11.06.0300.72.MSG-3.041.hursat-b1.v06.nc,2015-11-06T03:00:00,0.0,1,Cyclonic Storm,HURSAT-B1 IRWIN/rad10,1.0,0,train
2015309N14067,2015-11-06T06:00:00,E:\Cyclone-x-prototype\datas\HURSAT_NI\2015\2015309N14067\2015309N14067.MEGH.2015.11.06.0600.17.MET-7.042.hursat-b1.v06.nc,2015-11-06T06:00:00,0.0,1,Cyclonic Storm,HURSAT-B1 IRWIN/rad10,1.0,0,train
2015309N14067,2015-11-06T06:00:00,E:\Cyclone-x-prototype\datas\HURSAT_NI\2015\2015309N14067\2015309N14067.MEGH.2015.11.06.0600.71.MSG-3.042.hursat-b1.v06.nc,2015-11-06T06:00:00,0.0,1,Cyclonic Storm,HURSAT-B1 IRWIN/rad10,1.0,0,train
2015309N14067,2015-11-06T09:00:00,E:\Cyclone-x-prototype\datas\HURSAT_NI\2015\2015309N14067\2015309N14067.MEGH.2015.11.06.0900.16.MET-7.042.hursat-b1.v06.nc,2015-11-06T09:00:00,0.0,1,Cyclonic Storm,HURSAT-B1 IRWIN/rad10,1.0,0,train
2015309N14067,2015-11-06T09:00:00,E:\Cyclone-x-prototype\datas\HURSAT_NI\2015\2015309N14067\2015309N14067.MEGH.2015.11.06.0900.71.MSG-3.042.hursat-b1.v06.nc,2015-11-06T09:00:00,0.0,1,Cyclonic Storm,HURSAT-B1 IRWIN/rad10,1.0,0,train
2015309N14067,2015-11-06T12:00:00,E:\Cyclone-x-prototype\datas\HURSAT_NI\2015\2015309N14067\2015309N14067.MEGH.2015.11.06.1200.16.MET-7.042.hursat-b1.v06.nc,2015-11-06T12:00:00,0.0,1,Cyclonic Storm,HURSAT-B1 IRWIN/rad10,1.0,0,train
2015309N14067,2015-11-06T12:00:00,E:\Cyclone-x-prototype\datas\HURSAT_NI\2015\2015309N14067\2015309N14067.MEGH.2015.11.06.1200.71.MSG-3.042.hursat-b1.v06.nc,2015-11-06T12:00:00,0.0,1,Cyclonic Storm,HURSAT-B1 IRWIN/rad10,1.0,0,train
2015309N14067,2015-11-06T15:00:00,E:\Cyclone-x-prototype\datas\HURSAT_NI\2015\2015309N14067\2015309N14067.MEGH.2015.11.06.1500.16.MET-7.042.hursat-b1.v06.nc,2015-11-06T15:00:00,0.0,1,Cyclonic Storm,HURSAT-B1 IRWIN/rad10,1.0,0,train
2015309N14067,2015-11-06T15:00:00,E:\Cyclone-x-prototype\datas\HURSAT_NI\2015\2015309N14067\2015309N14067.MEGH.2015.11.06.1500.70.MSG-3.042.hursat-b1.v06.nc,2015-11-06T15:00:00,0.0,1,Cyclonic Storm,HURSAT-B1 IRWIN/rad10,1.0,0,train
2015309N14067,2015-11-06T18:00:00,E:\Cyclone-x-prototype\datas\HURSAT_NI\2015\2015309N14067\2015309N14067.MEGH.2015.11.06.1800.16.MET-7.042.hursat-b1.v06.nc,2015-11-06T18:00:00,0.0,1,Cyclonic Storm,HURSAT-B1 IRWIN/rad10,1.0,0,train
2015309N14067,2015-11-06T18:00:00,E:\Cyclone-x-prototype\datas\HURSAT_NI\2015\2015309N14067\2015309N14067.MEGH.2015.11.06.1800.70.MSG-3.042.hursat-b1.v06.nc,2015-11-06T18:00:00,0.0,1,Cyclonic Storm,HURSAT-B1 IRWIN/rad10,1.0,0,train
2015309N14067,2015-11-06T21:00:00,E:\Cyclone-x-prototype\datas\HURSAT_NI\2015\2015309N14067\2015309N14067.MEGH.2015.11.06.2100.16.MET-7.045.hursat-b1.v06.nc,2015-11-06T21:00:00,0.0,1,Cyclonic Storm,HURSAT-B1 IRWIN/rad10,1.0,0,train
2015309N14067,2015-11-06T21:00:00,E:\Cyclone-x-prototype\datas\HURSAT_NI\2015\2015309N14067\2015309N14067.MEGH.2015.11.06.2100.70.MSG-3.045.hursat-b1.v06.nc,2015-11-06T21:00:00,0.0,1,Cyclonic Storm,HURSAT-B1 IRWIN/rad10,1.0,0,train
2015309N14067,2015-11-07T00:00:00,E:\Cyclone-x-prototype\datas\HURSAT_NI\2015\2015309N14067\2015309N14067.MEGH.2015.11.07.0000.16.MET-7.047.hursat-b1.v06.nc,2015-11-07T00:00:00,0.0,1,Cyclonic Storm,HURSAT-B1 IRWIN/rad10,1.0,0,train
2015309N14067,2015-11-07T00:00:00,E:\Cyclone-x-prototype\datas\HURSAT_NI\2015\2015309N14067\2015309N14067.MEGH.2015.11.07.0000.69.MSG-3.047.hursat-b1.v06.nc,2015-11-07T00:00:00,0.0,1,Cyclonic Storm,HURSAT-B1 IRWIN/rad10,1.0,0,train
2015309N14067,2015-11-07T03:00:00,E:\Cyclone-x-prototype\datas\HURSAT_NI\2015\2015309N14067\2015309N14067.MEGH.2015.11.07.0300.15.MET-7.050.hursat-b1.v06.nc,2015-11-07T03:00:00,0.0,1,Cyclonic Storm,HURSAT-B1 IRWIN/rad10,1.0,0,train
2015309N14067,2015-11-07T03:00:00,E:\Cyclone-x-prototype\datas\HURSAT_NI\2015\2015309N14067\2015309N14067.MEGH.2015.11.07.0300.69.MSG-3.050.hursat-b1.v06.nc,2015-11-07T03:00:00,0.0,1,Cyclonic Storm,HURSAT-B1 IRWIN/rad10,1.0,0,train
2015309N14067,2015-11-07T06:00:00,E:\Cyclone-x-prototype\datas\HURSAT_NI\2015\2015309N14067\2015309N14067.MEGH.2015.11.07.0600.15.MET-7.054.hursat-b1.v06.nc,2015-11-07T06:00:00,0.0,1,Cyclonic Storm,HURSAT-B1 IRWIN/rad10,1.0,0,train
2015309N14067,2015-11-07T06:00:00,E:\Cyclone-x-prototype\datas\HURSAT_NI\2015\2015309N14067\2015309N14067.MEGH.2015.11.07.0600.69.MSG-3.054.hursat-b1.v06.nc,2015-11-07T06:00:00,0.0,1,Cyclonic Storm,HURSAT-B1 IRWIN/rad10,1.0,0,train
2015309N14067,2015-11-07T09:00:00,E:\Cyclone-x-prototype\datas\HURSAT_NI\2015\2015309N14067\2015309N14067.MEGH.2015.11.07.0900.15.MET-7.059.hursat-b1.v06.nc,2015-11-07T09:00:00,0.0,1,Cyclonic Storm,HURSAT-B1 IRWIN/rad10,1.0,0,train
2015309N14067,2015-11-07T09:00:00,E:\Cyclone-x-prototype\datas\HURSAT_NI\2015\2015309N14067\2015309N14067.MEGH.2015.11.07.0900.68.MSG-3.059.hursat-b1.v06.nc,2015-11-07T09:00:00,0.0,1,Cyclonic Storm,HURSAT-B1 IRWIN/rad10,1.0,0,train
2015309N14067,2015-11-07T12:00:00,E:\Cyclone-x-prototype\datas\HURSAT_NI\2015\2015309N14067\2015309N14067.MEGH.2015.11.07.1200.15.MET-7.065.hursat-b1.v06.nc,2015-11-07T12:00:00,0.0,1,Cyclonic Storm,HURSAT-B1 IRWIN/rad10,1.0,0,train
2015309N14067,2015-11-07T12:00:00,E:\Cyclone-x-prototype\datas\HURSAT_NI\2015\2015309N14067\2015309N14067.MEGH.2015.11.07.1200.68.MSG-3.065.hursat-b1.v06.nc,2015-11-07T12:00:00,0.0,1,Cyclonic Storm,HURSAT-B1 IRWIN/rad10,1.0,0,train
2015309N14067,2015-11-07T15:00:00,E:\Cyclone-x-prototype\datas\HURSAT_NI\2015\2015309N14067\2015309N14067.MEGH.2015.11.07.1500.15.MET-7.070.hursat-b1.v06.nc,2015-11-07T15:00:00,0.0,2,Severe Cyclone,HURSAT-B1 IRWIN/rad10,1.0,0,train
2015309N14067,2015-11-07T15:00:00,E:\Cyclone-x-prototype\datas\HURSAT_NI\2015\2015309N14067\2015309N14067.MEGH.2015.11.07.1500.67.MSG-3.070.hursat-b1.v06.nc,2015-11-07T15:00:00,0.0,2,Severe Cyclone,HURSAT-B1 IRWIN/rad10,1.0,0,train
2015309N14067,2015-11-07T18:00:00,E:\Cyclone-x-prototype\datas\HURSAT_NI\2015\2015309N14067\2015309N14067.MEGH.2015.11.07.1800.15.MET-7.075.hursat-b1.v06.nc,2015-11-07T18:00:00,0.0,2,Severe Cyclone,HURSAT-B1 IRWIN/rad10,1.0,0,train
2015309N14067,2015-11-07T18:00:00,E:\Cyclone-x-prototype\datas\HURSAT_NI\2015\2015309N14067\2015309N14067.MEGH.2015.11.07.1800.67.MSG-3.075.hursat-b1.v06.nc,2015-11-07T18:00:00,0.0,2,Severe Cyclone,HURSAT-B1 IRWIN/rad10,1.0,0,train
2015309N14067,2015-11-07T21:00:00,E:\Cyclone-x-prototype\datas\HURSAT_NI\2015\2015309N14067\2015309N14067.MEGH.2015.11.07.2100.15.MET-7.082.hursat-b1.v06.nc,2015-11-07T21:00:00,0.0,2,Severe Cyclone,HURSAT-B1 IRWIN/rad10,1.0,0,train
2015309N14067,2015-11-07T21:00:00,E:\Cyclone-x-prototype\datas\HURSAT_NI\2015\2015309N14067\2015309N14067.MEGH.2015.11.07.2100.66.MSG-3.082.hursat-b1.v06.nc,2015-11-07T21:00:00,0.0,2,Severe Cyclone,HURSAT-B1 IRWIN/rad10,1.0,0,train
2015309N14067,2015-11-08T00:00:00,E:\Cyclone-x-prototype\datas\HURSAT_NI\2015\2015309N14067\2015309N14067.MEGH.2015.11.08.0000.15.MET-7.089.hursat-b1.v06.nc,2015-11-08T00:00:00,0.0,2,Severe Cyclone,HURSAT-B1 IRWIN/rad10,1.0,0,train
2015309N14067,2015-11-08T00:00:00,E:\Cyclone-x-prototype\datas\HURSAT_NI\2015\2015309N14067\2015309N14067.MEGH.2015.11.08.0000.65.MSG-3.089.hursat-b1.v06.nc,2015-11-08T00:00:00,0.0,2,Severe Cyclone,HURSAT-B1 IRWIN/rad10,1.0,0,train
2015309N14067,2015-11-08T03:00:00,E:\Cyclone-x-prototype\datas\HURSAT_NI\2015\2015309N14067\2015309N14067.MEGH.2015.11.08.0300.15.MET-7.092.hursat-b1.v06.nc,2015-11-08T03:00:00,0.0,2,Severe Cyclone,HURSAT-B1 IRWIN/rad10,1.0,0,train
2015309N14067,2015-11-08T03:00:00,E:\Cyclone-x-prototype\datas\HURSAT_NI\2015\2015309N14067\2015309N14067.MEGH.2015.11.08.0300.65.MSG-3.092.hursat-b1.v06.nc,2015-11-08T03:00:00,0.0,2,Severe Cyclone,HURSAT-B1 IRWIN/rad10,1.0,0,train
2015309N14067,2015-11-08T06:00:00,E:\Cyclone-x-prototype\datas\HURSAT_NI\2015\2015309N14067\2015309N14067.MEGH.2015.11.08.0600.15.MET-7.096.hursat-b1.v06.nc,2015-11-08T06:00:00,0.0,2,Severe Cyclone,HURSAT-B1 IRWIN/rad10,1.0,0,train
2015309N14067,2015-11-08T06:00:00,E:\Cyclone-x-prototype\datas\HURSAT_NI\2015\2015309N14067\2015309N14067.MEGH.2015.11.08.0600.64.MSG-3.096.hursat-b1.v06.nc,2015-11-08T06:00:00,0.0,2,Severe Cyclone,HURSAT-B1 IRWIN/rad10,1.0,0,train
2015309N14067,2015-11-08T09:00:00,E:\Cyclone-x-prototype\datas\HURSAT_NI\2015\2015309N14067\2015309N14067.MEGH.2015.11.08.0900.15.MET-7.091.hursat-b1.v06.nc,2015-11-08T09:00:00,0.0,2,Severe Cyclone,HURSAT-B1 IRWIN/rad10,1.0,0,train
2015309N14067,2015-11-08T09:00:00,E:\Cyclone-x-prototype\datas\HURSAT_NI\2015\2015309N14067\2015309N14067.MEGH.2015.11.08.0900.63.MSG-3.091.hursat-b1.v06.nc,2015-11-08T09:00:00,0.0,2,Severe Cyclone,HURSAT-B1 IRWIN/rad10,1.0,0,train
2015309N14067,2015-11-08T12:00:00,E:\Cyclone-x-prototype\datas\HURSAT_NI\2015\2015309N14067\2015309N14067.MEGH.2015.11.08.1200.15.MET-7.087.hursat-b1.v06.nc,2015-11-08T12:00:00,0.0,2,Severe Cyclone,HURSAT-B1 IRWIN/rad10,1.0,0,train
2015309N14067,2015-11-08T12:00:00,E:\Cyclone-x-prototype\datas\HURSAT_NI\2015\2015309N14067\2015309N14067.MEGH.2015.11.08.1200.63.MSG-3.087.hursat-b1.v06.nc,2015-11-08T12:00:00,0.0,2,Severe Cyclone,HURSAT-B1 IRWIN/rad10,1.0,0,train
2015309N14067,2015-11-08T15:00:00,E:\Cyclone-x-prototype\datas\HURSAT_NI\2015\2015309N14067\2015309N14067.MEGH.2015.11.08.1500.16.MET-7.084.hursat-b1.v06.nc,2015-11-08T15:00:00,0.0,2,Severe Cyclone,HURSAT-B1 IRWIN/rad10,1.0,0,train
2015309N14067,2015-11-08T15:00:00,E:\Cyclone-x-prototype\datas\HURSAT_NI\2015\2015309N14067\2015309N14067.MEGH.2015.11.08.1500.62.MSG-3.084.hursat-b1.v06.nc,2015-11-08T15:00:00,0.0,2,Severe Cyclone,HURSAT-B1 IRWIN/rad10,1.0,0,train
2015309N14067,2015-11-08T18:00:00,E:\Cyclone-x-prototype\datas\HURSAT_NI\2015\2015309N14067\2015309N14067.MEGH.2015.11.08.1800.16.MET-7.080.hursat-b1.v06.nc,2015-11-08T18:00:00,0.0,2,Severe Cyclone,HURSAT-B1 IRWIN/rad10,1.0,0,train
2015309N14067,2015-11-08T18:00:00,E:\Cyclone-x-prototype\datas\HURSAT_NI\2015\2015309N14067\2015309N14067.MEGH.2015.11.08.1800.61.MSG-3.080.hursat-b1.v06.nc,2015-11-08T18:00:00,0.0,2,Severe Cyclone,HURSAT-B1 IRWIN/rad10,1.0,0,train
2015309N14067,2015-11-08T21:00:00,E:\Cyclone-x-prototype\datas\HURSAT_NI\2015\2015309N14067\2015309N14067.MEGH.2015.11.08.2100.16.MET-7.077.hursat-b1.v06.nc,2015-11-08T21:00:00,0.0,2,Severe Cyclone,HURSAT-B1 IRWIN/rad10,1.0,0,train
2015309N14067,2015-11-08T21:00:00,E:\Cyclone-x-prototype\datas\HURSAT_NI\2015\2015309N14067\2015309N14067.MEGH.2015.11.08.2100.60.MSG-3.077.hursat-b1.v06.nc,2015-11-08T21:00:00,0.0,2,Severe Cyclone,HURSAT-B1 IRWIN/rad10,1.0,0,train
2015309N14067,2015-11-09T00:00:00,E:\Cyclone-x-prototype\datas\HURSAT_NI\2015\2015309N14067\2015309N14067.MEGH.2015.11.09.0000.16.MET-7.073.hursat-b1.v06.nc,2015-11-09T00:00:00,0.0,2,Severe Cyclone,HURSAT-B1 IRWIN/rad10,1.0,0,train
2015309N14067,2015-11-09T00:00:00,E:\Cyclone-x-prototype\datas\HURSAT_NI\2015\2015309N14067\2015309N14067.MEGH.2015.11.09.0000.60.MSG-3.073.hursat-b1.v06.nc,2015-11-09T00:00:00,0.0,2,Severe Cyclone,HURSAT-B1 IRWIN/rad10,1.0,0,train
2015309N14067,2015-11-09T03:00:00,E:\Cyclone-x-prototype\datas\HURSAT_NI\2015\2015309N14067\2015309N14067.MEGH.2015.11.09.0300.16.MET-7.070.hursat-b1.v06.nc,2015-11-09T03:00:00,0.0,2,Severe Cyclone,HURSAT-B1 IRWIN/rad10,1.0,0,train
2015309N14067,2015-11-09T03:00:00,E:\Cyclone-x-prototype\datas\HURSAT_NI\2015\2015309N14067\2015309N14067.MEGH.2015.11.09.0300.59.MSG-3.070.hursat-b1.v06.nc,2015-11-09T03:00:00,0.0,2,Severe Cyclone,HURSAT-B1 IRWIN/rad10,1.0,0,train
2015309N14067,2015-11-09T06:00:00,E:\Cyclone-x-prototype\datas\HURSAT_NI\2015\2015309N14067\2015309N14067.MEGH.2015.11.09.0600.17.MET-7.066.hursat-b1.v06.nc,2015-11-09T06:00:00,0.0,2,Severe Cyclone,HURSAT-B1 IRWIN/rad10,1.0,0,train
2015309N14067,2015-11-09T06:00:00,E:\Cyclone-x-prototype\datas\HURSAT_NI\2015\2015309N14067\2015309N14067.MEGH.2015.11.09.0600.58.MSG-3.066.hursat-b1.v06.nc,2015-11-09T06:00:00,0.0,2,Severe Cyclone,HURSAT-B1 IRWIN/rad10,1.0,0,train
2015309N14067,2015-11-09T09:00:00,E:\Cyclone-x-prototype\datas\HURSAT_NI\2015\2015309N14067\2015309N14067.MEGH.2015.11.09.0900.17.MET-7.062.hursat-b1.v06.nc,2015-11-09T09:00:00,0.0,2,Severe Cyclone,HURSAT-B1 IRWIN/rad10,1.0,0,train
2015309N14067,2015-11-09T09:00:00,E:\Cyclone-x-prototype\datas\HURSAT_NI\2015\2015309N14067\2015309N14067.MEGH.2015.11.09.0900.58.MSG-3.062.hursat-b1.v06.nc,2015-11-09T09:00:00,0.0,2,Severe Cyclone,HURSAT-B1 IRWIN/rad10,1.0,0,train
2015309N14067,2015-11-09T12:00:00,E:\Cyclone-x-prototype\datas\HURSAT_NI\2015\2015309N14067\2015309N14067.MEGH.2015.11.09.1200.18.MET-7.057.hursat-b1.v06.nc,2015-11-09T12:00:00,0.0,2,Severe Cyclone,HURSAT-B1 IRWIN/rad10,1.0,0,train
2015309N14067,2015-11-09T12:00:00,E:\Cyclone-x-prototype\datas\HURSAT_NI\2015\2015309N14067\2015309N14067.MEGH.2015.11.09.1200.57.MSG-3.057.hursat-b1.v06.nc,2015-11-09T12:00:00,0.0,2,Severe Cyclone,HURSAT-B1 IRWIN/rad10,1.0,0,train
2015309N14067,2015-11-09T15:00:00,E:\Cyclone-x-prototype\datas\HURSAT_NI\2015\2015309N14067\2015309N14067.MEGH.2015.11.09.1500.18.MET-7.054.hursat-b1.v06.nc,2015-11-09T15:00:00,0.0,2,Severe Cyclone,HURSAT-B1 IRWIN/rad10,1.0,0,train
2015309N14067,2015-11-09T15:00:00,E:\Cyclone-x-prototype\datas\HURSAT_NI\2015\2015309N14067\2015309N14067.MEGH.2015.11.09.1500.57.MSG-3.054.hursat-b1.v06.nc,2015-11-09T15:00:00,0.0,2,Severe Cyclone,HURSAT-B1 IRWIN/rad10,1.0,0,train
2015309N14067,2015-11-09T18:00:00,E:\Cyclone-x-prototype\datas\HURSAT_NI\2015\2015309N14067\2015309N14067.MEGH.2015.11.09.1800.18.MET-7.050.hursat-b1.v06.nc,2015-11-09T18:00:00,0.0,2,Severe Cyclone,HURSAT-B1 IRWIN/rad10,1.0,0,train
2015309N14067,2015-11-09T18:00:00,E:\Cyclone-x-prototype\datas\HURSAT_NI\2015\2015309N14067\2015309N14067.MEGH.2015.11.09.1800.56.MSG-3.050.hursat-b1.v06.nc,2015-11-09T18:00:00,0.0,2,Severe Cyclone,HURSAT-B1 IRWIN/rad10,1.0,0,train
2015309N14067,2015-11-09T21:00:00,E:\Cyclone-x-prototype\datas\HURSAT_NI\2015\2015309N14067\2015309N14067.MEGH.2015.11.09.2100.19.MET-7.044.hursat-b1.v06.nc,2015-11-09T21:00:00,0.0,1,Cyclonic Storm,HURSAT-B1 IRWIN/rad10,1.0,0,train
2015309N14067,2015-11-09T21:00:00,E:\Cyclone-x-prototype\datas\HURSAT_NI\2015\2015309N14067\2015309N14067.MEGH.2015.11.09.2100.56.MSG-3.044.hursat-b1.v06.nc,2015-11-09T21:00:00,0.0,1,Cyclonic Storm,HURSAT-B1 IRWIN/rad10,1.0,0,train
2015309N14067,2015-11-10T00:00:00,E:\Cyclone-x-prototype\datas\HURSAT_NI\2015\2015309N14067\2015309N14067.MEGH.2015.11.10.0000.19.MET-7.038.hursat-b1.v06.nc,2015-11-10T00:00:00,0.0,1,Cyclonic Storm,HURSAT-B1 IRWIN/rad10,1.0,0,train
2015309N14067,2015-11-10T00:00:00,E:\Cyclone-x-prototype\datas\HURSAT_NI\2015\2015309N14067\2015309N14067.MEGH.2015.11.10.0000.56.MSG-3.038.hursat-b1.v06.nc,2015-11-10T00:00:00,0.0,1,Cyclonic Storm,HURSAT-B1 IRWIN/rad10,1.0,0,train
2015309N14067,2015-11-10T03:00:00,E:\Cyclone-x-prototype\datas\HURSAT_NI\2015\2015309N14067\2015309N14067.MEGH.2015.11.10.0300.19.MET-7.032.hursat-b1.v06.nc,2015-11-10T03:00:00,0.0,1,Cyclonic Storm,HURSAT-B1 IRWIN/rad10,1.0,0,train
2015309N14067,2015-11-10T03:00:00,E:\Cyclone-x-prototype\datas\HURSAT_NI\2015\2015309N14067\2015309N14067.MEGH.2015.11.10.0300.56.MSG-3.032.hursat-b1.v06.nc,2015-11-10T03:00:00,0.0,1,Cyclonic Storm,HURSAT-B1 IRWIN/rad10,1.0,0,train
2015309N14067,2015-11-10T06:00:00,E:\Cyclone-x-prototype\datas\HURSAT_NI\2015\2015309N14067\2015309N14067.MEGH.2015.11.10.0600.20.MET-7.026.hursat-b1.v06.nc,2015-11-10T06:00:00,0.0,0,Depression / Weak System,HURSAT-B1 IRWIN/rad10,1.0,0,train
2015309N14067,2015-11-10T06:00:00,E:\Cyclone-x-prototype\datas\HURSAT_NI\2015\2015309N14067\2015309N14067.MEGH.2015.11.10.0600.55.MSG-3.026.hursat-b1.v06.nc,2015-11-10T06:00:00,0.0,0,Depression / Weak System,HURSAT-B1 IRWIN/rad10,1.0,0,train
2015309N14067,2015-11-10T09:00:00,E:\Cyclone-x-prototype\datas\HURSAT_NI\2015\2015309N14067\2015309N14067.MEGH.2015.11.10.0900.20.MET-7.024.hursat-b1.v06.nc,2015-11-10T06:00:00,3.0,0,Depression / Weak System,HURSAT-B1 IRWIN/rad10,1.0,0,train
2015309N14067,2015-11-10T09:00:00,E:\Cyclone-x-prototype\datas\HURSAT_NI\2015\2015309N14067\2015309N14067.MEGH.2015.11.10.0900.55.MSG-3.024.hursat-b1.v06.nc,2015-11-10T06:00:00,3.0,0,Depression / Weak System,HURSAT-B1 IRWIN/rad10,1.0,0,train
2015309N14067,2015-11-10T12:00:00,E:\Cyclone-x-prototype\datas\HURSAT_NI\2015\2015309N14067\2015309N14067.MEGH.2015.11.10.1200.20.MET-7.021.hursat-b1.v06.nc,2015-11-10T12:00:00,0.0,0,Depression / Weak System,HURSAT-B1 IRWIN/rad10,1.0,0,train
2015309N14067,2015-11-10T12:00:00,E:\Cyclone-x-prototype\datas\HURSAT_NI\2015\2015309N14067\2015309N14067.MEGH.2015.11.10.1200.56.MSG-3.021.hursat-b1.v06.nc,2015-11-10T12:00:00,0.0,0,Depression / Weak System,HURSAT-B1 IRWIN/rad10,1.0,0,train
2016138N10081,2016-05-17T03:00:00,E:\Cyclone-x-prototype\datas\HURSAT_NI\2016\2016138N10081\2016138N10081.ROANU.2016.05.17.0300.31.MET-7.024.hursat-b1.v06.nc,2016-05-17T03:00:00,0.0,0,Depression / Weak System,HURSAT-B1 IRWIN/rad10,1.0,0,test
2016138N10081,2016-05-17T03:00:00,E:\Cyclone-x-prototype\datas\HURSAT_NI\2016\2016138N10081\2016138N10081.ROANU.2016.05.17.0300.69.HIM-8.024.hursat-b1.v06.nc,2016-05-17T03:00:00,0.0,0,Depression / Weak System,HURSAT-B1 IRWIN/rad10,1.0,0,test
2016138N10081,2016-05-17T06:00:00,E:\Cyclone-x-prototype\datas\HURSAT_NI\2016\2016138N10081\2016138N10081.ROANU.2016.05.17.0600.31.MET-7.024.hursat-b1.v06.nc,2016-05-17T06:00:00,0.0,0,Depression / Weak System,HURSAT-B1 IRWIN/rad10,1.0,0,test
2016138N10081,2016-05-17T06:00:00,E:\Cyclone-x-prototype\datas\HURSAT_NI\2016\2016138N10081\2016138N10081.ROANU.2016.05.17.0600.69.HIM-8.024.hursat-b1.v06.nc,2016-05-17T06:00:00,0.0,0,Depression / Weak System,HURSAT-B1 IRWIN/rad10,1.0,0,test
2016138N10081,2016-05-17T09:00:00,E:\Cyclone-x-prototype\datas\HURSAT_NI\2016\2016138N10081\2016138N10081.ROANU.2016.05.17.0900.31.MET-7.025.hursat-b1.v06.nc,2016-05-17T06:00:00,3.0,0,Depression / Weak System,HURSAT-B1 IRWIN/rad10,1.0,0,test
2016138N10081,2016-05-17T09:00:00,E:\Cyclone-x-prototype\datas\HURSAT_NI\2016\2016138N10081\2016138N10081.ROANU.2016.05.17.0900.69.HIM-8.025.hursat-b1.v06.nc,2016-05-17T06:00:00,3.0,0,Depression / Weak System,HURSAT-B1 IRWIN/rad10,1.0,0,test
2016138N10081,2016-05-17T12:00:00,E:\Cyclone-x-prototype\datas\HURSAT_NI\2016\2016138N10081\2016138N10081.ROANU.2016.05.17.1200.31.MET-7.026.hursat-b1.v06.nc,2016-05-17T12:00:00,0.0,0,Depression / Weak System,HURSAT-B1 IRWIN/rad10,1.0,0,test
2016138N10081,2016-05-17T12:00:00,E:\Cyclone-x-prototype\datas\HURSAT_NI\2016\2016138N10081\2016138N10081.ROANU.2016.05.17.1200.69.HIM-8.026.hursat-b1.v06.nc,2016-05-17T12:00:00,0.0,0,Depression / Weak System,HURSAT-B1 IRWIN/rad10,1.0,0,test
2016138N10081,2016-05-17T15:00:00,E:\Cyclone-x-prototype\datas\HURSAT_NI\2016\2016138N10081\2016138N10081.ROANU.2016.05.17.1500.31.MET-7.027.hursat-b1.v06.nc,2016-05-17T12:00:00,3.0,0,Depression / Weak System,HURSAT-B1 IRWIN/rad10,1.0,0,test
2016138N10081,2016-05-17T15:00:00,E:\Cyclone-x-prototype\datas\HURSAT_NI\2016\2016138N10081\2016138N10081.ROANU.2016.05.17.1500.69.HIM-8.027.hursat-b1.v06.nc,2016-05-17T12:00:00,3.0,0,Depression / Weak System,HURSAT-B1 IRWIN/rad10,1.0,0,test
2016138N10081,2016-05-17T18:00:00,E:\Cyclone-x-prototype\datas\HURSAT_NI\2016\2016138N10081\2016138N10081.ROANU.2016.05.17.1800.32.MET-7.028.hursat-b1.v06.nc,2016-05-17T18:00:00,0.0,0,Depression / Weak System,HURSAT-B1 IRWIN/rad10,1.0,0,test
2016138N10081,2016-05-17T18:00:00,E:\Cyclone-x-prototype\datas\HURSAT_NI\2016\2016138N10081\2016138N10081.ROANU.2016.05.17.1800.69.HIM-8.028.hursat-b1.v06.nc,2016-05-17T18:00:00,0.0,0,Depression / Weak System,HURSAT-B1 IRWIN/rad10,1.0,0,test
2016138N10081,2016-05-17T21:00:00,E:\Cyclone-x-prototype\datas\HURSAT_NI\2016\2016138N10081\2016138N10081.ROANU.2016.05.17.2100.32.MET-7.029.hursat-b1.v06.nc,2016-05-17T18:00:00,3.0,0,Depression / Weak System,HURSAT-B1 IRWIN/rad10,1.0,0,test
2016138N10081,2016-05-17T21:00:00,E:\Cyclone-x-prototype\datas\HURSAT_NI\2016\2016138N10081\2016138N10081.ROANU.2016.05.17.2100.69.HIM-8.029.hursat-b1.v06.nc,2016-05-17T18:00:00,3.0,0,Depression / Weak System,HURSAT-B1 IRWIN/rad10,1.0,0,test
2016138N10081,2016-05-18T00:00:00,E:\Cyclone-x-prototype\datas\HURSAT_NI\2016\2016138N10081\2016138N10081.ROANU.2016.05.18.0000.32.MET-7.030.hursat-b1.v06.nc,2016-05-18T00:00:00,0.0,0,Depression / Weak System,HURSAT-B1 IRWIN/rad10,1.0,0,test
2016138N10081,2016-05-18T00:00:00,E:\Cyclone-x-prototype\datas\HURSAT_NI\2016\2016138N10081\2016138N10081.ROANU.2016.05.18.0000.69.HIM-8.030.hursat-b1.v06.nc,2016-05-18T00:00:00,0.0,0,Depression / Weak System,HURSAT-B1 IRWIN/rad10,1.0,0,test
2016138N10081,2016-05-18T03:00:00,E:\Cyclone-x-prototype\datas\HURSAT_NI\2016\2016138N10081\2016138N10081.ROANU.2016.05.18.0300.32.MET-7.034.hursat-b1.v06.nc,2016-05-18T03:00:00,0.0,0,Depression / Weak System,HURSAT-B1 IRWIN/rad10,1.0,0,test
2016138N10081,2016-05-18T03:00:00,E:\Cyclone-x-prototype\datas\HURSAT_NI\2016\2016138N10081\2016138N10081.ROANU.2016.05.18.0300.69.HIM-8.034.hursat-b1.v06.nc,2016-05-18T03:00:00,0.0,0,Depression / Weak System,HURSAT-B1 IRWIN/rad10,1.0,0,test
2016138N10081,2016-05-18T06:00:00,E:\Cyclone-x-prototype\datas\HURSAT_NI\2016\2016138N10081\2016138N10081.ROANU.2016.05.18.0600.33.MET-7.036.hursat-b1.v06.nc,2016-05-18T06:00:00,0.0,0,Depression / Weak System,HURSAT-B1 IRWIN/rad10,1.0,0,test
2016138N10081,2016-05-18T06:00:00,E:\Cyclone-x-prototype\datas\HURSAT_NI\2016\2016138N10081\2016138N10081.ROANU.2016.05.18.0600.69.HIM-8.036.hursat-b1.v06.nc,2016-05-18T06:00:00,0.0,0,Depression / Weak System,HURSAT-B1 IRWIN/rad10,1.0,0,test
2016138N10081,2016-05-18T09:00:00,E:\Cyclone-x-prototype\datas\HURSAT_NI\2016\2016138N10081\2016138N10081.ROANU.2016.05.18.0900.33.MET-7.036.hursat-b1.v06.nc,2016-05-18T06:00:00,3.0,0,Depression / Weak System,HURSAT-B1 IRWIN/rad10,1.0,0,test
2016138N10081,2016-05-18T09:00:00,E:\Cyclone-x-prototype\datas\HURSAT_NI\2016\2016138N10081\2016138N10081.ROANU.2016.05.18.0900.69.HIM-8.036.hursat-b1.v06.nc,2016-05-18T06:00:00,3.0,0,Depression / Weak System,HURSAT-B1 IRWIN/rad10,1.0,0,test
2016138N10081,2016-05-18T12:00:00,E:\Cyclone-x-prototype\datas\HURSAT_NI\2016\2016138N10081\2016138N10081.ROANU.2016.05.18.1200.33.MET-7.036.hursat-b1.v06.nc,2016-05-18T12:00:00,0.0,0,Depression / Weak System,HURSAT-B1 IRWIN/rad10,1.0,0,test
2016138N10081,2016-05-18T12:00:00,E:\Cyclone-x-prototype\datas\HURSAT_NI\2016\2016138N10081\2016138N10081.ROANU.2016.05.18.1200.69.HIM-8.036.hursat-b1.v06.nc,2016-05-18T12:00:00,0.0,0,Depression / Weak System,HURSAT-B1 IRWIN/rad10,1.0,0,test
2016138N10081,2016-05-18T15:00:00,E:\Cyclone-x-prototype\datas\HURSAT_NI\2016\2016138N10081\2016138N10081.ROANU.2016.05.18.1500.33.MET-7.037.hursat-b1.v06.nc,2016-05-18T12:00:00,3.0,0,Depression / Weak System,HURSAT-B1 IRWIN/rad10,1.0,0,test
2016138N10081,2016-05-18T15:00:00,E:\Cyclone-x-prototype\datas\HURSAT_NI\2016\2016138N10081\2016138N10081.ROANU.2016.05.18.1500.69.HIM-8.037.hursat-b1.v06.nc,2016-05-18T12:00:00,3.0,0,Depression / Weak System,HURSAT-B1 IRWIN/rad10,1.0,0,test
2016138N10081,2016-05-18T18:00:00,E:\Cyclone-x-prototype\datas\HURSAT_NI\2016\2016138N10081\2016138N10081.ROANU.2016.05.18.1800.33.MET-7.038.hursat-b1.v06.nc,2016-05-18T18:00:00,0.0,0,Depression / Weak System,HURSAT-B1 IRWIN/rad10,1.0,0,test
2016138N10081,2016-05-18T18:00:00,E:\Cyclone-x-prototype\datas\HURSAT_NI\2016\2016138N10081\2016138N10081.ROANU.2016.05.18.1800.69.HIM-8.038.hursat-b1.v06.nc,2016-05-18T18:00:00,0.0,0,Depression / Weak System,HURSAT-B1 IRWIN/rad10,1.0,0,test
2016138N10081,2016-05-18T21:00:00,E:\Cyclone-x-prototype\datas\HURSAT_NI\2016\2016138N10081\2016138N10081.ROANU.2016.05.18.2100.33.MET-7.039.hursat-b1.v06.nc,2016-05-18T18:00:00,3.0,0,Depression / Weak System,HURSAT-B1 IRWIN/rad10,1.0,0,test
2016138N10081,2016-05-18T21:00:00,E:\Cyclone-x-prototype\datas\HURSAT_NI\2016\2016138N10081\2016138N10081.ROANU.2016.05.18.2100.69.HIM-8.039.hursat-b1.v06.nc,2016-05-18T18:00:00,3.0,0,Depression / Weak System,HURSAT-B1 IRWIN/rad10,1.0,0,test
2016138N10081,2016-05-19T00:00:00,E:\Cyclone-x-prototype\datas\HURSAT_NI\2016\2016138N10081\2016138N10081.ROANU.2016.05.19.0000.34.MET-7.040.hursat-b1.v06.nc,2016-05-19T00:00:00,0.0,1,Cyclonic Storm,HURSAT-B1 IRWIN/rad10,1.0,0,test
2016138N10081,2016-05-19T00:00:00,E:\Cyclone-x-prototype\datas\HURSAT_NI\2016\2016138N10081\2016138N10081.ROANU.2016.05.19.0000.69.HIM-8.040.hursat-b1.v06.nc,2016-05-19T00:00:00,0.0,1,Cyclonic Storm,HURSAT-B1 IRWIN/rad10,1.0,0,test
2016138N10081,2016-05-19T03:00:00,E:\Cyclone-x-prototype\datas\HURSAT_NI\2016\2016138N10081\2016138N10081.ROANU.2016.05.19.0300.34.MET-7.041.hursat-b1.v06.nc,2016-05-19T03:00:00,0.0,1,Cyclonic Storm,HURSAT-B1 IRWIN/rad10,1.0,0,test
2016138N10081,2016-05-19T03:00:00,E:\Cyclone-x-prototype\datas\HURSAT_NI\2016\2016138N10081\2016138N10081.ROANU.2016.05.19.0300.69.HIM-8.041.hursat-b1.v06.nc,2016-05-19T03:00:00,0.0,1,Cyclonic Storm,HURSAT-B1 IRWIN/rad10,1.0,0,test
2016138N10081,2016-05-19T06:00:00,E:\Cyclone-x-prototype\datas\HURSAT_NI\2016\2016138N10081\2016138N10081.ROANU.2016.05.19.0600.34.MET-7.043.hursat-b1.v06.nc,2016-05-19T06:00:00,0.0,1,Cyclonic Storm,HURSAT-B1 IRWIN/rad10,1.0,0,test
2016138N10081,2016-05-19T06:00:00,E:\Cyclone-x-prototype\datas\HURSAT_NI\2016\2016138N10081\2016138N10081.ROANU.2016.05.19.0600.68.HIM-8.043.hursat-b1.v06.nc,2016-05-19T06:00:00,0.0,1,Cyclonic Storm,HURSAT-B1 IRWIN/rad10,1.0,0,test
2016138N10081,2016-05-19T09:00:00,E:\Cyclone-x-prototype\datas\HURSAT_NI\2016\2016138N10081\2016138N10081.ROANU.2016.05.19.0900.34.MET-7.044.hursat-b1.v06.nc,2016-05-19T06:00:00,3.0,1,Cyclonic Storm,HURSAT-B1 IRWIN/rad10,1.0,0,test
2016138N10081,2016-05-19T09:00:00,E:\Cyclone-x-prototype\datas\HURSAT_NI\2016\2016138N10081\2016138N10081.ROANU.2016.05.19.0900.68.HIM-8.044.hursat-b1.v06.nc,2016-05-19T06:00:00,3.0,1,Cyclonic Storm,HURSAT-B1 IRWIN/rad10,1.0,0,test
2016138N10081,2016-05-19T12:00:00,E:\Cyclone-x-prototype\datas\HURSAT_NI\2016\2016138N10081\2016138N10081.ROANU.2016.05.19.1200.35.MET-7.045.hursat-b1.v06.nc,2016-05-19T12:00:00,0.0,1,Cyclonic Storm,HURSAT-B1 IRWIN/rad10,1.0,0,test
2016138N10081,2016-05-19T12:00:00,E:\Cyclone-x-prototype\datas\HURSAT_NI\2016\2016138N10081\2016138N10081.ROANU.2016.05.19.1200.68.HIM-8.045.hursat-b1.v06.nc,2016-05-19T12:00:00,0.0,1,Cyclonic Storm,HURSAT-B1 IRWIN/rad10,1.0,0,test
2016138N10081,2016-05-19T15:00:00,E:\Cyclone-x-prototype\datas\HURSAT_NI\2016\2016138N10081\2016138N10081.ROANU.2016.05.19.1500.35.MET-7.042.hursat-b1.v06.nc,2016-05-19T15:00:00,0.0,1,Cyclonic Storm,HURSAT-B1 IRWIN/rad10,1.0,0,test
2016138N10081,2016-05-19T15:00:00,E:\Cyclone-x-prototype\datas\HURSAT_NI\2016\2016138N10081\2016138N10081.ROANU.2016.05.19.1500.68.HIM-8.042.hursat-b1.v06.nc,2016-05-19T15:00:00,0.0,1,Cyclonic Storm,HURSAT-B1 IRWIN/rad10,1.0,0,test
2016138N10081,2016-05-19T18:00:00,E:\Cyclone-x-prototype\datas\HURSAT_NI\2016\2016138N10081\2016138N10081.ROANU.2016.05.19.1800.36.MET-7.040.hursat-b1.v06.nc,2016-05-19T18:00:00,0.0,1,Cyclonic Storm,HURSAT-B1 IRWIN/rad10,1.0,0,test
2016138N10081,2016-05-19T18:00:00,E:\Cyclone-x-prototype\datas\HURSAT_NI\2016\2016138N10081\2016138N10081.ROANU.2016.05.19.1800.67.HIM-8.040.hursat-b1.v06.nc,2016-05-19T18:00:00,0.0,1,Cyclonic Storm,HURSAT-B1 IRWIN/rad10,1.0,0,test
2016138N10081,2016-05-19T21:00:00,E:\Cyclone-x-prototype\datas\HURSAT_NI\2016\2016138N10081\2016138N10081.ROANU.2016.05.19.2100.37.MET-7.041.hursat-b1.v06.nc,2016-05-19T21:00:00,0.0,1,Cyclonic Storm,HURSAT-B1 IRWIN/rad10,1.0,0,test
2016138N10081,2016-05-19T21:00:00,E:\Cyclone-x-prototype\datas\HURSAT_NI\2016\2016138N10081\2016138N10081.ROANU.2016.05.19.2100.67.HIM-8.041.hursat-b1.v06.nc,2016-05-19T21:00:00,0.0,1,Cyclonic Storm,HURSAT-B1 IRWIN/rad10,1.0,0,test
2016138N10081,2016-05-20T00:00:00,E:\Cyclone-x-prototype\datas\HURSAT_NI\2016\2016138N10081\2016138N10081.ROANU.2016.05.20.0000.37.MET-7.042.hursat-b1.v06.nc,2016-05-20T00:00:00,0.0,1,Cyclonic Storm,HURSAT-B1 IRWIN/rad10,1.0,0,test
2016138N10081,2016-05-20T00:00:00,E:\Cyclone-x-prototype\datas\HURSAT_NI\2016\2016138N10081\2016138N10081.ROANU.2016.05.20.0000.67.HIM-8.042.hursat-b1.v06.nc,2016-05-20T00:00:00,0.0,1,Cyclonic Storm,HURSAT-B1 IRWIN/rad10,1.0,0,test
2016138N10081,2016-05-20T03:00:00,E:\Cyclone-x-prototype\datas\HURSAT_NI\2016\2016138N10081\2016138N10081.ROANU.2016.05.20.0300.38.MET-7.042.hursat-b1.v06.nc,2016-05-20T03:00:00,0.0,1,Cyclonic Storm,HURSAT-B1 IRWIN/rad10,1.0,0,test
2016138N10081,2016-05-20T03:00:00,E:\Cyclone-x-prototype\datas\HURSAT_NI\2016\2016138N10081\2016138N10081.ROANU.2016.05.20.0300.66.HIM-8.042.hursat-b1.v06.nc,2016-05-20T03:00:00,0.0,1,Cyclonic Storm,HURSAT-B1 IRWIN/rad10,1.0,0,test
2016138N10081,2016-05-20T06:00:00,E:\Cyclone-x-prototype\datas\HURSAT_NI\2016\2016138N10081\2016138N10081.ROANU.2016.05.20.0600.39.MET-7.043.hursat-b1.v06.nc,2016-05-20T06:00:00,0.0,1,Cyclonic Storm,HURSAT-B1 IRWIN/rad10,1.0,0,test
2016138N10081,2016-05-20T06:00:00,E:\Cyclone-x-prototype\datas\HURSAT_NI\2016\2016138N10081\2016138N10081.ROANU.2016.05.20.0600.66.HIM-8.043.hursat-b1.v06.nc,2016-05-20T06:00:00,0.0,1,Cyclonic Storm,HURSAT-B1 IRWIN/rad10,1.0,0,test
2016138N10081,2016-05-20T09:00:00,E:\Cyclone-x-prototype\datas\HURSAT_NI\2016\2016138N10081\2016138N10081.ROANU.2016.05.20.0900.40.MET-7.045.hursat-b1.v06.nc,2016-05-20T09:00:00,0.0,1,Cyclonic Storm,HURSAT-B1 IRWIN/rad10,1.0,0,test
2016138N10081,2016-05-20T09:00:00,E:\Cyclone-x-prototype\datas\HURSAT_NI\2016\2016138N10081\2016138N10081.ROANU.2016.05.20.0900.65.HIM-8.045.hursat-b1.v06.nc,2016-05-20T09:00:00,0.0,1,Cyclonic Storm,HURSAT-B1 IRWIN/rad10,1.0,0,test
2016138N10081,2016-05-20T12:00:00,E:\Cyclone-x-prototype\datas\HURSAT_NI\2016\2016138N10081\2016138N10081.ROANU.2016.05.20.1200.41.MET-7.046.hursat-b1.v06.nc,2016-05-20T12:00:00,0.0,1,Cyclonic Storm,HURSAT-B1 IRWIN/rad10,1.0,0,test
2016138N10081,2016-05-20T12:00:00,E:\Cyclone-x-prototype\datas\HURSAT_NI\2016\2016138N10081\2016138N10081.ROANU.2016.05.20.1200.64.HIM-8.046.hursat-b1.v06.nc,2016-05-20T12:00:00,0.0,1,Cyclonic Storm,HURSAT-B1 IRWIN/rad10,1.0,0,test
2016138N10081,2016-05-20T15:00:00,E:\Cyclone-x-prototype\datas\HURSAT_NI\2016\2016138N10081\2016138N10081.ROANU.2016.05.20.1500.42.MET-7.046.hursat-b1.v06.nc,2016-05-20T15:00:00,0.0,1,Cyclonic Storm,HURSAT-B1 IRWIN/rad10,1.0,0,test
2016138N10081,2016-05-20T15:00:00,E:\Cyclone-x-prototype\datas\HURSAT_NI\2016\2016138N10081\2016138N10081.ROANU.2016.05.20.1500.64.HIM-8.046.hursat-b1.v06.nc,2016-05-20T15:00:00,0.0,1,Cyclonic Storm,HURSAT-B1 IRWIN/rad10,1.0,0,test
2016138N10081,2016-05-20T18:00:00,E:\Cyclone-x-prototype\datas\HURSAT_NI\2016\2016138N10081\2016138N10081.ROANU.2016.05.20.1800.42.MET-7.048.hursat-b1.v06.nc,2016-05-20T18:00:00,0.0,1,Cyclonic Storm,HURSAT-B1 IRWIN/rad10,1.0,0,test
2016138N10081,2016-05-20T18:00:00,E:\Cyclone-x-prototype\datas\HURSAT_NI\2016\2016138N10081\2016138N10081.ROANU.2016.05.20.1800.64.HIM-8.048.hursat-b1.v06.nc,2016-05-20T18:00:00,0.0,1,Cyclonic Storm,HURSAT-B1 IRWIN/rad10,1.0,0,test
2016138N10081,2016-05-20T21:00:00,E:\Cyclone-x-prototype\datas\HURSAT_NI\2016\2016138N10081\2016138N10081.ROANU.2016.05.20.2100.43.MET-7.049.hursat-b1.v06.nc,2016-05-20T21:00:00,0.0,1,Cyclonic Storm,HURSAT-B1 IRWIN/rad10,1.0,0,test
2016138N10081,2016-05-20T21:00:00,E:\Cyclone-x-prototype\datas\HURSAT_NI\2016\2016138N10081\2016138N10081.ROANU.2016.05.20.2100.63.HIM-8.049.hursat-b1.v06.nc,2016-05-20T21:00:00,0.0,1,Cyclonic Storm,HURSAT-B1 IRWIN/rad10,1.0,0,test
2016138N10081,2016-05-21T00:00:00,E:\Cyclone-x-prototype\datas\HURSAT_NI\2016\2016138N10081\2016138N10081.ROANU.2016.05.21.0000.44.MET-7.050.hursat-b1.v06.nc,2016-05-21T00:00:00,0.0,1,Cyclonic Storm,HURSAT-B1 IRWIN/rad10,1.0,0,test
2016138N10081,2016-05-21T00:00:00,E:\Cyclone-x-prototype\datas\HURSAT_NI\2016\2016138N10081\2016138N10081.ROANU.2016.05.21.0000.62.HIM-8.050.hursat-b1.v06.nc,2016-05-21T00:00:00,0.0,1,Cyclonic Storm,HURSAT-B1 IRWIN/rad10,1.0,0,test
2016138N10081,2016-05-21T03:00:00,E:\Cyclone-x-prototype\datas\HURSAT_NI\2016\2016138N10081\2016138N10081.ROANU.2016.05.21.0300.45.MET-7.049.hursat-b1.v06.nc,2016-05-21T03:00:00,0.0,1,Cyclonic Storm,HURSAT-B1 IRWIN/rad10,1.0,0,test
2016138N10081,2016-05-21T03:00:00,E:\Cyclone-x-prototype\datas\HURSAT_NI\2016\2016138N10081\2016138N10081.ROANU.2016.05.21.0300.62.HIM-8.049.hursat-b1.v06.nc,2016-05-21T03:00:00,0.0,1,Cyclonic Storm,HURSAT-B1 IRWIN/rad10,1.0,0,test
2016138N10081,2016-05-21T06:00:00,E:\Cyclone-x-prototype\datas\HURSAT_NI\2016\2016138N10081\2016138N10081.ROANU.2016.05.21.0600.46.MET-7.049.hursat-b1.v06.nc,2016-05-21T06:00:00,0.0,1,Cyclonic Storm,HURSAT-B1 IRWIN/rad10,1.0,0,test
2016138N10081,2016-05-21T06:00:00,E:\Cyclone-x-prototype\datas\HURSAT_NI\2016\2016138N10081\2016138N10081.ROANU.2016.05.21.0600.61.HIM-8.049.hursat-b1.v06.nc,2016-05-21T06:00:00,0.0,1,Cyclonic Storm,HURSAT-B1 IRWIN/rad10,1.0,0,test
2016138N10081,2016-05-21T09:00:00,E:\Cyclone-x-prototype\datas\HURSAT_NI\2016\2016138N10081\2016138N10081.ROANU.2016.05.21.0900.47.MET-7.045.hursat-b1.v06.nc,2016-05-21T09:00:00,0.0,1,Cyclonic Storm,HURSAT-B1 IRWIN/rad10,1.0,0,test
2016138N10081,2016-05-21T09:00:00,E:\Cyclone-x-prototype\datas\HURSAT_NI\2016\2016138N10081\2016138N10081.ROANU.2016.05.21.0900.61.HIM-8.045.hursat-b1.v06.nc,2016-05-21T09:00:00,0.0,1,Cyclonic Storm,HURSAT-B1 IRWIN/rad10,1.0,0,test
2016138N10081,2016-05-21T12:00:00,E:\Cyclone-x-prototype\datas\HURSAT_NI\2016\2016138N10081\2016138N10081.ROANU.2016.05.21.1200.48.MET-7.038.hursat-b1.v06.nc,2016-05-21T12:00:00,0.0,1,Cyclonic Storm,HURSAT-B1 IRWIN/rad10,1.0,0,test
2016138N10081,2016-05-21T12:00:00,E:\Cyclone-x-prototype\datas\HURSAT_NI\2016\2016138N10081\2016138N10081.ROANU.2016.05.21.1200.60.HIM-8.038.hursat-b1.v06.nc,2016-05-21T12:00:00,0.0,1,Cyclonic Storm,HURSAT-B1 IRWIN/rad10,1.0,0,test
2016138N10081,2016-05-21T15:00:00,E:\Cyclone-x-prototype\datas\HURSAT_NI\2016\2016138N10081\2016138N10081.ROANU.2016.05.21.1500.49.MET-7.030.hursat-b1.v06.nc,2016-05-21T15:00:00,0.0,0,Depression / Weak System,HURSAT-B1 IRWIN/rad10,1.0,0,test
2016138N10081,2016-05-21T15:00:00,E:\Cyclone-x-prototype\datas\HURSAT_NI\2016\2016138N10081\2016138N10081.ROANU.2016.05.21.1500.60.HIM-8.030.hursat-b1.v06.nc,2016-05-21T15:00:00,0.0,0,Depression / Weak System,HURSAT-B1 IRWIN/rad10,1.0,0,test
2016138N10081,2016-05-21T18:00:00,E:\Cyclone-x-prototype\datas\HURSAT_NI\2016\2016138N10081\2016138N10081.ROANU.2016.05.21.1800.50.MET-7.030.hursat-b1.v06.nc,2016-05-21T18:00:00,0.0,0,Depression / Weak System,HURSAT-B1 IRWIN/rad10,1.0,0,test
2016138N10081,2016-05-21T18:00:00,E:\Cyclone-x-prototype\datas\HURSAT_NI\2016\2016138N10081\2016138N10081.ROANU.2016.05.21.1800.59.HIM-8.030.hursat-b1.v06.nc,2016-05-21T18:00:00,0.0,0,Depression / Weak System,HURSAT-B1 IRWIN/rad10,1.0,0,test
2016138N10081,2016-05-21T21:00:00,E:\Cyclone-x-prototype\datas\HURSAT_NI\2016\2016138N10081\2016138N10081.ROANU.2016.05.21.2100.51.MET-7.025.hursat-b1.v06.nc,2016-05-21T18:00:00,3.0,0,Depression / Weak System,HURSAT-B1 IRWIN/rad10,1.0,0,test
2016138N10081,2016-05-21T21:00:00,E:\Cyclone-x-prototype\datas\HURSAT_NI\2016\2016138N10081\2016138N10081.ROANU.2016.05.21.2100.59.HIM-8.025.hursat-b1.v06.nc,2016-05-21T18:00:00,3.0,0,Depression / Weak System,HURSAT-B1 IRWIN/rad10,1.0,0,test
2016138N10081,2016-05-22T00:00:00,E:\Cyclone-x-prototype\datas\HURSAT_NI\2016\2016138N10081\2016138N10081.ROANU.2016.05.22.0000.51.MET-7.020.hursat-b1.v06.nc,2016-05-22T00:00:00,0.0,0,Depression / Weak System,HURSAT-B1 IRWIN/rad10,1.0,0,test
2016138N10081,2016-05-22T00:00:00,E:\Cyclone-x-prototype\datas\HURSAT_NI\2016\2016138N10081\2016138N10081.ROANU.2016.05.22.0000.58.HIM-8.020.hursat-b1.v06.nc,2016-05-22T00:00:00,0.0,0,Depression / Weak System,HURSAT-B1 IRWIN/rad10,1.0,0,test
2016178N22068,2016-06-27T06:00:00,E:\Cyclone-x-prototype\datas\HURSAT_NI\2016\2016178N22068\2016178N22068.TWO.2016.06.27.0600.27.MET-7.035.hursat-b1.v06.nc,2016-06-27T09:00:00,3.0,0,Depression / Weak System,HURSAT-B1 IRWIN/rad10,1.0,0,train
2016178N22068,2016-06-27T06:00:00,E:\Cyclone-x-prototype\datas\HURSAT_NI\2016\2016178N22068\2016178N22068.TWO.2016.06.27.0600.76.MSG-3.035.hursat-b1.v06.nc,2016-06-27T09:00:00,3.0,0,Depression / Weak System,HURSAT-B1 IRWIN/rad10,1.0,0,train
2016178N22068,2016-06-27T09:00:00,E:\Cyclone-x-prototype\datas\HURSAT_NI\2016\2016178N22068\2016178N22068.TWO.2016.06.27.0900.27.MET-7.033.hursat-b1.v06.nc,2016-06-27T09:00:00,0.0,0,Depression / Weak System,HURSAT-B1 IRWIN/rad10,1.0,0,train
2016178N22068,2016-06-27T09:00:00,E:\Cyclone-x-prototype\datas\HURSAT_NI\2016\2016178N22068\2016178N22068.TWO.2016.06.27.0900.75.MSG-3.033.hursat-b1.v06.nc,2016-06-27T09:00:00,0.0,0,Depression / Weak System,HURSAT-B1 IRWIN/rad10,1.0,0,train
2016178N22068,2016-06-27T12:00:00,E:\Cyclone-x-prototype\datas\HURSAT_NI\2016\2016178N22068\2016178N22068.TWO.2016.06.27.1200.27.MET-7.033.hursat-b1.v06.nc,2016-06-27T12:00:00,0.0,0,Depression / Weak System,HURSAT-B1 IRWIN/rad10,1.0,0,train
2016178N22068,2016-06-27T12:00:00,E:\Cyclone-x-prototype\datas\HURSAT_NI\2016\2016178N22068\2016178N22068.TWO.2016.06.27.1200.75.MSG-3.033.hursat-b1.v06.nc,2016-06-27T12:00:00,0.0,0,Depression / Weak System,HURSAT-B1 IRWIN/rad10,0.9729277392228445,0,train
2016178N22068,2016-06-27T15:00:00,E:\Cyclone-x-prototype\datas\HURSAT_NI\2016\2016178N22068\2016178N22068.TWO.2016.06.27.1500.27.MET-7.031.hursat-b1.v06.nc,2016-06-27T12:00:00,3.0,0,Depression / Weak System,HURSAT-B1 IRWIN/rad10,1.0,0,train
2016178N22068,2016-06-27T15:00:00,E:\Cyclone-x-prototype\datas\HURSAT_NI\2016\2016178N22068\2016178N22068.TWO.2016.06.27.1500.75.MSG-3.031.hursat-b1.v06.nc,2016-06-27T12:00:00,3.0,0,Depression / Weak System,HURSAT-B1 IRWIN/rad10,1.0,0,train
2016178N22068,2016-06-27T18:00:00,E:\Cyclone-x-prototype\datas\HURSAT_NI\2016\2016178N22068\2016178N22068.TWO.2016.06.27.1800.26.MET-7.030.hursat-b1.v06.nc,2016-06-27T18:00:00,0.0,0,Depression / Weak System,HURSAT-B1 IRWIN/rad10,1.0,0,train
2016178N22068,2016-06-27T18:00:00,E:\Cyclone-x-prototype\datas\HURSAT_NI\2016\2016178N22068\2016178N22068.TWO.2016.06.27.1800.75.MSG-3.030.hursat-b1.v06.nc,2016-06-27T18:00:00,0.0,0,Depression / Weak System,HURSAT-B1 IRWIN/rad10,1.0,0,train
2016178N22068,2016-06-27T21:00:00,E:\Cyclone-x-prototype\datas\HURSAT_NI\2016\2016178N22068\2016178N22068.TWO.2016.06.27.2100.26.MET-7.030.hursat-b1.v06.nc,2016-06-27T18:00:00,3.0,0,Depression / Weak System,HURSAT-B1 IRWIN/rad10,1.0,0,train
2016178N22068,2016-06-27T21:00:00,E:\Cyclone-x-prototype\datas\HURSAT_NI\2016\2016178N22068\2016178N22068.TWO.2016.06.27.2100.74.MSG-3.030.hursat-b1.v06.nc,2016-06-27T18:00:00,3.0,0,Depression / Weak System,HURSAT-B1 IRWIN/rad10,1.0,0,train
2016178N22068,2016-06-28T00:00:00,E:\Cyclone-x-prototype\datas\HURSAT_NI\2016\2016178N22068\2016178N22068.TWO.2016.06.28.0000.26.MET-7.029.hursat-b1.v06.nc,2016-06-28T00:00:00,0.0,0,Depression / Weak System,HURSAT-B1 IRWIN/rad10,1.0,0,train
2016178N22068,2016-06-28T00:00:00,E:\Cyclone-x-prototype\datas\HURSAT_NI\2016\2016178N22068\2016178N22068.TWO.2016.06.28.0000.74.MSG-3.029.hursat-b1.v06.nc,2016-06-28T00:00:00,0.0,0,Depression / Weak System,HURSAT-B1 IRWIN/rad10,1.0,0,train
2016178N22068,2016-06-28T03:00:00,E:\Cyclone-x-prototype\datas\HURSAT_NI\2016\2016178N22068\2016178N22068.TWO.2016.06.28.0300.26.MET-7.029.hursat-b1.v06.nc,2016-06-28T03:00:00,0.0,0,Depression / Weak System,HURSAT-B1 IRWIN/rad10,1.0,0,train
2016178N22068,2016-06-28T03:00:00,E:\Cyclone-x-prototype\datas\HURSAT_NI\2016\2016178N22068\2016178N22068.TWO.2016.06.28.0300.74.MSG-3.029.hursat-b1.v06.nc,2016-06-28T03:00:00,0.0,0,Depression / Weak System,HURSAT-B1 IRWIN/rad10,1.0,0,train
2016178N22068,2016-06-28T06:00:00,E:\Cyclone-x-prototype\datas\HURSAT_NI\2016\2016178N22068\2016178N22068.TWO.2016.06.28.0600.26.MET-7.028.hursat-b1.v06.nc,2016-06-28T06:00:00,0.0,0,Depression / Weak System,HURSAT-B1 IRWIN/rad10,1.0,0,train
2016178N22068,2016-06-28T06:00:00,E:\Cyclone-x-prototype\datas\HURSAT_NI\2016\2016178N22068\2016178N22068.TWO.2016.06.28.0600.74.MSG-3.028.hursat-b1.v06.nc,2016-06-28T06:00:00,0.0,0,Depression / Weak System,HURSAT-B1 IRWIN/rad10,1.0,0,train
2016178N22068,2016-06-28T09:00:00,E:\Cyclone-x-prototype\datas\HURSAT_NI\2016\2016178N22068\2016178N22068.TWO.2016.06.28.0900.26.MET-7.032.hursat-b1.v06.nc,2016-06-28T06:00:00,3.0,0,Depression / Weak System,HURSAT-B1 IRWIN/rad10,1.0,0,train
2016178N22068,2016-06-28T09:00:00,E:\Cyclone-x-prototype\datas\HURSAT_NI\2016\2016178N22068\2016178N22068.TWO.2016.06.28.0900.74.MSG-3.032.hursat-b1.v06.nc,2016-06-28T06:00:00,3.0,0,Depression / Weak System,HURSAT-B1 IRWIN/rad10,1.0,0,train
2016178N22068,2016-06-28T12:00:00,E:\Cyclone-x-prototype\datas\HURSAT_NI\2016\2016178N22068\2016178N22068.TWO.2016.06.28.1200.25.MET-7.032.hursat-b1.v06.nc,2016-06-28T12:00:00,0.0,0,Depression / Weak System,HURSAT-B1 IRWIN/rad10,1.0,0,train
2016178N22068,2016-06-28T12:00:00,E:\Cyclone-x-prototype\datas\HURSAT_NI\2016\2016178N22068\2016178N22068.TWO.2016.06.28.1200.73.MSG-3.032.hursat-b1.v06.nc,2016-06-28T12:00:00,0.0,0,Depression / Weak System,HURSAT-B1 IRWIN/rad10,1.0,0,train
2016178N22068,2016-06-28T15:00:00,E:\Cyclone-x-prototype\datas\HURSAT_NI\2016\2016178N22068\2016178N22068.TWO.2016.06.28.1500.25.MET-7.025.hursat-b1.v06.nc,2016-06-28T12:00:00,3.0,0,Depression / Weak System,HURSAT-B1 IRWIN/rad10,1.0,0,train
2016178N22068,2016-06-28T15:00:00,E:\Cyclone-x-prototype\datas\HURSAT_NI\2016\2016178N22068\2016178N22068.TWO.2016.06.28.1500.73.MSG-3.025.hursat-b1.v06.nc,2016-06-28T12:00:00,3.0,0,Depression / Weak System,HURSAT-B1 IRWIN/rad10,1.0,0,train
2016178N22068,2016-06-28T18:00:00,E:\Cyclone-x-prototype\datas\HURSAT_NI\2016\2016178N22068\2016178N22068.TWO.2016.06.28.1800.25.MET-7.025.hursat-b1.v06.nc,2016-06-28T18:00:00,0.0,0,Depression / Weak System,HURSAT-B1 IRWIN/rad10,1.0,0,train
2016178N22068,2016-06-28T18:00:00,E:\Cyclone-x-prototype\datas\HURSAT_NI\2016\2016178N22068\2016178N22068.TWO.2016.06.28.1800.73.MSG-3.025.hursat-b1.v06.nc,2016-06-28T18:00:00,0.0,0,Depression / Weak System,HURSAT-B1 IRWIN/rad10,1.0,0,train
2016178N22068,2016-06-28T21:00:00,E:\Cyclone-x-prototype\datas\HURSAT_NI\2016\2016178N22068\2016178N22068.TWO.2016.06.28.2100.25.MET-7.025.hursat-b1.v06.nc,2016-06-28T18:00:00,3.0,0,Depression / Weak System,HURSAT-B1 IRWIN/rad10,1.0,0,train
2016178N22068,2016-06-28T21:00:00,E:\Cyclone-x-prototype\datas\HURSAT_NI\2016\2016178N22068\2016178N22068.TWO.2016.06.28.2100.73.MSG-3.025.hursat-b1.v06.nc,2016-06-28T18:00:00,3.0,0,Depression / Weak System,HURSAT-B1 IRWIN/rad10,1.0,0,train
2016178N22068,2016-06-29T00:00:00,E:\Cyclone-x-prototype\datas\HURSAT_NI\2016\2016178N22068\2016178N22068.TWO.2016.06.29.0000.25.MET-7.025.hursat-b1.v06.nc,2016-06-29T00:00:00,0.0,0,Depression / Weak System,HURSAT-B1 IRWIN/rad10,1.0,0,train
2016178N22068,2016-06-29T00:00:00,E:\Cyclone-x-prototype\datas\HURSAT_NI\2016\2016178N22068\2016178N22068.TWO.2016.06.29.0000.73.MSG-3.025.hursat-b1.v06.nc,2016-06-29T00:00:00,0.0,0,Depression / Weak System,HURSAT-B1 IRWIN/rad10,1.0,0,train
2016222N22089,2016-08-09T12:00:00,E:\Cyclone-x-prototype\datas\HURSAT_NI\2016\2016222N22089\2016222N22089.MISSING.2016.08.09.1200.44.MET-7.025.hursat-b1.v06.nc,2016-08-09T12:00:00,0.0,0,Depression / Weak System,HURSAT-B1 IRWIN/rad10,1.0,0,validation
2016222N22089,2016-08-09T12:00:00,E:\Cyclone-x-prototype\datas\HURSAT_NI\2016\2016222N22089\2016222N22089.MISSING.2016.08.09.1200.63.HIM-8.025.hursat-b1.v06.nc,2016-08-09T12:00:00,0.0,0,Depression / Weak System,HURSAT-B1 IRWIN/rad10,1.0,0,validation
2016222N22089,2016-08-09T15:00:00,E:\Cyclone-x-prototype\datas\HURSAT_NI\2016\2016222N22089\2016222N22089.MISSING.2016.08.09.1500.44.MET-7.025.hursat-b1.v06.nc,2016-08-09T12:00:00,3.0,0,Depression / Weak System,HURSAT-B1 IRWIN/rad10,1.0,0,validation
2016222N22089,2016-08-09T15:00:00,E:\Cyclone-x-prototype\datas\HURSAT_NI\2016\2016222N22089\2016222N22089.MISSING.2016.08.09.1500.63.HIM-8.025.hursat-b1.v06.nc,2016-08-09T12:00:00,3.0,0,Depression / Weak System,HURSAT-B1 IRWIN/rad10,1.0,0,validation
2016222N22089,2016-08-09T18:00:00,E:\Cyclone-x-prototype\datas\HURSAT_NI\2016\2016222N22089\2016222N22089.MISSING.2016.08.09.1800.45.MET-7.025.hursat-b1.v06.nc,2016-08-09T18:00:00,0.0,0,Depression / Weak System,HURSAT-B1 IRWIN/rad10,1.0,0,validation
2016222N22089,2016-08-09T18:00:00,E:\Cyclone-x-prototype\datas\HURSAT_NI\2016\2016222N22089\2016222N22089.MISSING.2016.08.09.1800.63.HIM-8.025.hursat-b1.v06.nc,2016-08-09T18:00:00,0.0,0,Depression / Weak System,HURSAT-B1 IRWIN/rad10,1.0,0,validation
2016222N22089,2016-08-09T21:00:00,E:\Cyclone-x-prototype\datas\HURSAT_NI\2016\2016222N22089\2016222N22089.MISSING.2016.08.09.2100.45.MET-7.025.hursat-b1.v06.nc,2016-08-09T18:00:00,3.0,0,Depression / Weak System,HURSAT-B1 IRWIN/rad10,1.0,0,validation
2016222N22089,2016-08-09T21:00:00,E:\Cyclone-x-prototype\datas\HURSAT_NI\2016\2016222N22089\2016222N22089.MISSING.2016.08.09.2100.63.HIM-8.025.hursat-b1.v06.nc,2016-08-09T18:00:00,3.0,0,Depression / Weak System,HURSAT-B1 IRWIN/rad10,1.0,0,validation
2016222N22089,2016-08-10T00:00:00,E:\Cyclone-x-prototype\datas\HURSAT_NI\2016\2016222N22089\2016222N22089.MISSING.2016.08.10.0000.46.MET-7.025.hursat-b1.v06.nc,2016-08-10T00:00:00,0.0,0,Depression / Weak System,HURSAT-B1 IRWIN/rad10,1.0,0,validation
2016222N22089,2016-08-10T00:00:00,E:\Cyclone-x-prototype\datas\HURSAT_NI\2016\2016222N22089\2016222N22089.MISSING.2016.08.10.0000.63.HIM-8.025.hursat-b1.v06.nc,2016-08-10T00:00:00,0.0,0,Depression / Weak System,HURSAT-B1 IRWIN/rad10,1.0,0,validation
2016222N22089,2016-08-10T03:00:00,E:\Cyclone-x-prototype\datas\HURSAT_NI\2016\2016222N22089\2016222N22089.MISSING.2016.08.10.0300.45.MET-7.030.hursat-b1.v06.nc,2016-08-10T03:00:00,0.0,0,Depression / Weak System,HURSAT-B1 IRWIN/rad10,1.0,0,validation
2016222N22089,2016-08-10T03:00:00,E:\Cyclone-x-prototype\datas\HURSAT_NI\2016\2016222N22089\2016222N22089.MISSING.2016.08.10.0300.63.HIM-8.030.hursat-b1.v06.nc,2016-08-10T03:00:00,0.0,0,Depression / Weak System,HURSAT-B1 IRWIN/rad10,1.0,0,validation
2016222N22089,2016-08-10T06:00:00,E:\Cyclone-x-prototype\datas\HURSAT_NI\2016\2016222N22089\2016222N22089.MISSING.2016.08.10.0600.45.MET-7.030.hursat-b1.v06.nc,2016-08-10T06:00:00,0.0,0,Depression / Weak System,HURSAT-B1 IRWIN/rad10,1.0,0,validation
2016222N22089,2016-08-10T06:00:00,E:\Cyclone-x-prototype\datas\HURSAT_NI\2016\2016222N22089\2016222N22089.MISSING.2016.08.10.0600.63.HIM-8.030.hursat-b1.v06.nc,2016-08-10T06:00:00,0.0,0,Depression / Weak System,HURSAT-B1 IRWIN/rad10,1.0,0,validation
2016222N22089,2016-08-10T09:00:00,E:\Cyclone-x-prototype\datas\HURSAT_NI\2016\2016222N22089\2016222N22089.MISSING.2016.08.10.0900.45.MET-7.030.hursat-b1.v06.nc,2016-08-10T06:00:00,3.0,0,Depression / Weak System,HURSAT-B1 IRWIN/rad10,1.0,0,validation
2016222N22089,2016-08-10T09:00:00,E:\Cyclone-x-prototype\datas\HURSAT_NI\2016\2016222N22089\2016222N22089.MISSING.2016.08.10.0900.63.HIM-8.030.hursat-b1.v06.nc,2016-08-10T06:00:00,3.0,0,Depression / Weak System,HURSAT-B1 IRWIN/rad10,1.0,0,validation
2016222N22089,2016-08-10T12:00:00,E:\Cyclone-x-prototype\datas\HURSAT_NI\2016\2016222N22089\2016222N22089.MISSING.2016.08.10.1200.45.MET-7.030.hursat-b1.v06.nc,2016-08-10T12:00:00,0.0,0,Depression / Weak System,HURSAT-B1 IRWIN/rad10,1.0,0,validation
2016222N22089,2016-08-10T12:00:00,E:\Cyclone-x-prototype\datas\HURSAT_NI\2016\2016222N22089\2016222N22089.MISSING.2016.08.10.1200.63.HIM-8.030.hursat-b1.v06.nc,2016-08-10T12:00:00,0.0,0,Depression / Weak System,HURSAT-B1 IRWIN/rad10,1.0,0,validation
2016222N22089,2016-08-10T15:00:00,E:\Cyclone-x-prototype\datas\HURSAT_NI\2016\2016222N22089\2016222N22089.MISSING.2016.08.10.1500.45.MET-7.030.hursat-b1.v06.nc,2016-08-10T12:00:00,3.0,0,Depression / Weak System,HURSAT-B1 IRWIN/rad10,1.0,0,validation
2016222N22089,2016-08-10T15:00:00,E:\Cyclone-x-prototype\datas\HURSAT_NI\2016\2016222N22089\2016222N22089.MISSING.2016.08.10.1500.64.HIM-8.030.hursat-b1.v06.nc,2016-08-10T12:00:00,3.0,0,Depression / Weak System,HURSAT-B1 IRWIN/rad10,1.0,0,validation
2016222N22089,2016-08-10T18:00:00,E:\Cyclone-x-prototype\datas\HURSAT_NI\2016\2016222N22089\2016222N22089.MISSING.2016.08.10.1800.45.MET-7.030.hursat-b1.v06.nc,2016-08-10T18:00:00,0.0,0,Depression / Weak System,HURSAT-B1 IRWIN/rad10,1.0,0,validation
2016222N22089,2016-08-10T18:00:00,E:\Cyclone-x-prototype\datas\HURSAT_NI\2016\2016222N22089\2016222N22089.MISSING.2016.08.10.1800.64.HIM-8.030.hursat-b1.v06.nc,2016-08-10T18:00:00,0.0,0,Depression / Weak System,HURSAT-B1 IRWIN/rad10,1.0,0,validation
2016222N22089,2016-08-10T21:00:00,E:\Cyclone-x-prototype\datas\HURSAT_NI\2016\2016222N22089\2016222N22089.MISSING.2016.08.10.2100.45.MET-7.030.hursat-b1.v06.nc,2016-08-10T18:00:00,3.0,0,Depression / Weak System,HURSAT-B1 IRWIN/rad10,1.0,0,validation
2016222N22089,2016-08-10T21:00:00,E:\Cyclone-x-prototype\datas\HURSAT_NI\2016\2016222N22089\2016222N22089.MISSING.2016.08.10.2100.64.HIM-8.030.hursat-b1.v06.nc,2016-08-10T18:00:00,3.0,0,Depression / Weak System,HURSAT-B1 IRWIN/rad10,1.0,0,validation
2016222N22089,2016-08-11T00:00:00,E:\Cyclone-x-prototype\datas\HURSAT_NI\2016\2016222N22089\2016222N22089.MISSING.2016.08.11.0000.44.MET-7.030.hursat-b1.v06.nc,2016-08-11T00:00:00,0.0,0,Depression / Weak System,HURSAT-B1 IRWIN/rad10,1.0,0,validation
2016222N22089,2016-08-11T00:00:00,E:\Cyclone-x-prototype\datas\HURSAT_NI\2016\2016222N22089\2016222N22089.MISSING.2016.08.11.0000.65.HIM-8.030.hursat-b1.v06.nc,2016-08-11T00:00:00,0.0,0,Depression / Weak System,HURSAT-B1 IRWIN/rad10,1.0,0,validation
2016222N22089,2016-08-11T03:00:00,E:\Cyclone-x-prototype\datas\HURSAT_NI\2016\2016222N22089\2016222N22089.MISSING.2016.08.11.0300.44.MET-7.030.hursat-b1.v06.nc,2016-08-11T03:00:00,0.0,0,Depression / Weak System,HURSAT-B1 IRWIN/rad10,1.0,0,validation
2016222N22089,2016-08-11T03:00:00,E:\Cyclone-x-prototype\datas\HURSAT_NI\2016\2016222N22089\2016222N22089.MISSING.2016.08.11.0300.65.HIM-8.030.hursat-b1.v06.nc,2016-08-11T03:00:00,0.0,0,Depression / Weak System,HURSAT-B1 IRWIN/rad10,1.0,0,validation
2016222N22089,2016-08-11T06:00:00,E:\Cyclone-x-prototype\datas\HURSAT_NI\2016\2016222N22089\2016222N22089.MISSING.2016.08.11.0600.44.MET-7.025.hursat-b1.v06.nc,2016-08-11T06:00:00,0.0,0,Depression / Weak System,HURSAT-B1 IRWIN/rad10,1.0,0,validation
2016222N22089,2016-08-11T06:00:00,E:\Cyclone-x-prototype\datas\HURSAT_NI\2016\2016222N22089\2016222N22089.MISSING.2016.08.11.0600.66.HIM-8.025.hursat-b1.v06.nc,2016-08-11T06:00:00,0.0,0,Depression / Weak System,HURSAT-B1 IRWIN/rad10,1.0,0,validation
2016222N22089,2016-08-11T09:00:00,E:\Cyclone-x-prototype\datas\HURSAT_NI\2016\2016222N22089\2016222N22089.MISSING.2016.08.11.0900.44.MET-7.025.hursat-b1.v06.nc,2016-08-11T06:00:00,3.0,0,Depression / Weak System,HURSAT-B1 IRWIN/rad10,1.0,0,validation
2016222N22089,2016-08-11T09:00:00,E:\Cyclone-x-prototype\datas\HURSAT_NI\2016\2016222N22089\2016222N22089.MISSING.2016.08.11.0900.66.HIM-8.025.hursat-b1.v06.nc,2016-08-11T06:00:00,3.0,0,Depression / Weak System,HURSAT-B1 IRWIN/rad10,1.0,0,validation
2016222N22089,2016-08-11T12:00:00,E:\Cyclone-x-prototype\datas\HURSAT_NI\2016\2016222N22089\2016222N22089.MISSING.2016.08.11.1200.43.MET-7.025.hursat-b1.v06.nc,2016-08-11T12:00:00,0.0,0,Depression / Weak System,HURSAT-B1 IRWIN/rad10,1.0,0,validation
2016222N22089,2016-08-11T12:00:00,E:\Cyclone-x-prototype\datas\HURSAT_NI\2016\2016222N22089\2016222N22089.MISSING.2016.08.11.1200.66.HIM-8.025.hursat-b1.v06.nc,2016-08-11T12:00:00,0.0,0,Depression / Weak System,HURSAT-B1 IRWIN/rad10,1.0,0,validation
2016222N22089,2016-08-11T15:00:00,E:\Cyclone-x-prototype\datas\HURSAT_NI\2016\2016222N22089\2016222N22089.MISSING.2016.08.11.1500.43.MET-7.025.hursat-b1.v06.nc,2016-08-11T12:00:00,3.0,0,Depression / Weak System,HURSAT-B1 IRWIN/rad10,1.0,0,validation
2016222N22089,2016-08-11T15:00:00,E:\Cyclone-x-prototype\datas\HURSAT_NI\2016\2016222N22089\2016222N22089.MISSING.2016.08.11.1500.66.HIM-8.025.hursat-b1.v06.nc,2016-08-11T12:00:00,3.0,0,Depression / Weak System,HURSAT-B1 IRWIN/rad10,1.0,0,validation
2016222N22089,2016-08-11T18:00:00,E:\Cyclone-x-prototype\datas\HURSAT_NI\2016\2016222N22089\2016222N22089.MISSING.2016.08.11.1800.43.MET-7.025.hursat-b1.v06.nc,2016-08-11T18:00:00,0.0,0,Depression / Weak System,HURSAT-B1 IRWIN/rad10,1.0,0,validation
2016222N22089,2016-08-11T18:00:00,E:\Cyclone-x-prototype\datas\HURSAT_NI\2016\2016222N22089\2016222N22089.MISSING.2016.08.11.1800.67.HIM-8.025.hursat-b1.v06.nc,2016-08-11T18:00:00,0.0,0,Depression / Weak System,HURSAT-B1 IRWIN/rad10,1.0,0,validation
2016222N22089,2016-08-11T21:00:00,E:\Cyclone-x-prototype\datas\HURSAT_NI\2016\2016222N22089\2016222N22089.MISSING.2016.08.11.2100.43.MET-7.025.hursat-b1.v06.nc,2016-08-11T18:00:00,3.0,0,Depression / Weak System,HURSAT-B1 IRWIN/rad10,1.0,0,validation
2016222N22089,2016-08-11T21:00:00,E:\Cyclone-x-prototype\datas\HURSAT_NI\2016\2016222N22089\2016222N22089.MISSING.2016.08.11.2100.67.HIM-8.025.hursat-b1.v06.nc,2016-08-11T18:00:00,3.0,0,Depression / Weak System,HURSAT-B1 IRWIN/rad10,1.0,0,validation
2016222N22089,2016-08-12T00:00:00,E:\Cyclone-x-prototype\datas\HURSAT_NI\2016\2016222N22089\2016222N22089.MISSING.2016.08.12.0000.42.MET-7.025.hursat-b1.v06.nc,2016-08-12T00:00:00,0.0,0,Depression / Weak System,HURSAT-B1 IRWIN/rad10,1.0,0,validation
2016222N22089,2016-08-12T00:00:00,E:\Cyclone-x-prototype\datas\HURSAT_NI\2016\2016222N22089\2016222N22089.MISSING.2016.08.12.0000.67.HIM-8.025.hursat-b1.v06.nc,2016-08-12T00:00:00,0.0,0,Depression / Weak System,HURSAT-B1 IRWIN/rad10,1.0,0,validation
2016222N22089,2016-08-12T03:00:00,E:\Cyclone-x-prototype\datas\HURSAT_NI\2016\2016222N22089\2016222N22089.MISSING.2016.08.12.0300.42.MET-7.025.hursat-b1.v06.nc,2016-08-12T03:00:00,0.0,0,Depression / Weak System,HURSAT-B1 IRWIN/rad10,1.0,0,validation
2016222N22089,2016-08-12T03:00:00,E:\Cyclone-x-prototype\datas\HURSAT_NI\2016\2016222N22089\2016222N22089.MISSING.2016.08.12.0300.68.HIM-8.025.hursat-b1.v06.nc,2016-08-12T03:00:00,0.0,0,Depression / Weak System,HURSAT-B1 IRWIN/rad10,1.0,0,validation
2016222N22089,2016-08-12T06:00:00,E:\Cyclone-x-prototype\datas\HURSAT_NI\2016\2016222N22089\2016222N22089.MISSING.2016.08.12.0600.42.MET-7.025.hursat-b1.v06.nc,2016-08-12T06:00:00,0.0,0,Depression / Weak System,HURSAT-B1 IRWIN/rad10,1.0,0,validation
2016222N22089,2016-08-12T06:00:00,E:\Cyclone-x-prototype\datas\HURSAT_NI\2016\2016222N22089\2016222N22089.MISSING.2016.08.12.0600.68.HIM-8.025.hursat-b1.v06.nc,2016-08-12T06:00:00,0.0,0,Depression / Weak System,HURSAT-B1 IRWIN/rad10,1.0,0,validation
2016222N22089,2016-08-12T09:00:00,E:\Cyclone-x-prototype\datas\HURSAT_NI\2016\2016222N22089\2016222N22089.MISSING.2016.08.12.0900.42.MET-7.025.hursat-b1.v06.nc,2016-08-12T06:00:00,3.0,0,Depression / Weak System,HURSAT-B1 IRWIN/rad10,1.0,0,validation
2016222N22089,2016-08-12T09:00:00,E:\Cyclone-x-prototype\datas\HURSAT_NI\2016\2016222N22089\2016222N22089.MISSING.2016.08.12.0900.68.HIM-8.025.hursat-b1.v06.nc,2016-08-12T06:00:00,3.0,0,Depression / Weak System,HURSAT-B1 IRWIN/rad10,1.0,0,validation
2016222N22089,2016-08-12T12:00:00,E:\Cyclone-x-prototype\datas\HURSAT_NI\2016\2016222N22089\2016222N22089.MISSING.2016.08.12.1200.42.MET-7.025.hursat-b1.v06.nc,2016-08-12T12:00:00,0.0,0,Depression / Weak System,HURSAT-B1 IRWIN/rad10,1.0,0,validation
2016222N22089,2016-08-12T12:00:00,E:\Cyclone-x-prototype\datas\HURSAT_NI\2016\2016222N22089\2016222N22089.MISSING.2016.08.12.1200.68.HIM-8.025.hursat-b1.v06.nc,2016-08-12T12:00:00,0.0,0,Depression / Weak System,HURSAT-B1 IRWIN/rad10,1.0,0,validation
2016222N22089,2016-08-12T15:00:00,E:\Cyclone-x-prototype\datas\HURSAT_NI\2016\2016222N22089\2016222N22089.MISSING.2016.08.12.1500.42.MET-7.023.hursat-b1.v06.nc,2016-08-12T12:00:00,3.0,0,Depression / Weak System,HURSAT-B1 IRWIN/rad10,1.0,0,validation
2016222N22089,2016-08-12T15:00:00,E:\Cyclone-x-prototype\datas\HURSAT_NI\2016\2016222N22089\2016222N22089.MISSING.2016.08.12.1500.68.HIM-8.023.hursat-b1.v06.nc,2016-08-12T12:00:00,3.0,0,Depression / Weak System,HURSAT-B1 IRWIN/rad10,1.0,0,validation
2016222N22089,2016-08-12T18:00:00,E:\Cyclone-x-prototype\datas\HURSAT_NI\2016\2016222N22089\2016222N22089.MISSING.2016.08.12.1800.42.MET-7.020.hursat-b1.v06.nc,2016-08-12T18:00:00,0.0,0,Depression / Weak System,HURSAT-B1 IRWIN/rad10,1.0,0,validation
2016222N22089,2016-08-12T18:00:00,E:\Cyclone-x-prototype\datas\HURSAT_NI\2016\2016222N22089\2016222N22089.MISSING.2016.08.12.1800.69.HIM-8.020.hursat-b1.v06.nc,2016-08-12T18:00:00,0.0,0,Depression / Weak System,HURSAT-B1 IRWIN/rad10,1.0,0,validation
2016230N21089,2016-08-16T15:00:00,E:\Cyclone-x-prototype\datas\HURSAT_NI\2016\2016230N21089\2016230N21089.MISSING.2016.08.16.1500.44.MET-7.020.hursat-b1.v06.nc,2016-08-16T12:00:00,3.0,0,Depression / Weak System,HURSAT-B1 IRWIN/rad10,1.0,0,train
2016230N21089,2016-08-16T15:00:00,E:\Cyclone-x-prototype\datas\HURSAT_NI\2016\2016230N21089\2016230N21089.MISSING.2016.08.16.1500.63.HIM-8.020.hursat-b1.v06.nc,2016-08-16T12:00:00,3.0,0,Depression / Weak System,HURSAT-B1 IRWIN/rad10,1.0,0,train
2016230N21089,2016-08-16T18:00:00,E:\Cyclone-x-prototype\datas\HURSAT_NI\2016\2016230N21089\2016230N21089.MISSING.2016.08.16.1800.44.MET-7.020.hursat-b1.v06.nc,2016-08-16T18:00:00,0.0,0,Depression / Weak System,HURSAT-B1 IRWIN/rad10,1.0,0,train
2016230N21089,2016-08-16T18:00:00,E:\Cyclone-x-prototype\datas\HURSAT_NI\2016\2016230N21089\2016230N21089.MISSING.2016.08.16.1800.63.HIM-8.020.hursat-b1.v06.nc,2016-08-16T18:00:00,0.0,0,Depression / Weak System,HURSAT-B1 IRWIN/rad10,1.0,0,train
2016230N21089,2016-08-16T21:00:00,E:\Cyclone-x-prototype\datas\HURSAT_NI\2016\2016230N21089\2016230N21089.MISSING.2016.08.16.2100.44.MET-7.020.hursat-b1.v06.nc,2016-08-16T18:00:00,3.0,0,Depression / Weak System,HURSAT-B1 IRWIN/rad10,1.0,0,train
2016230N21089,2016-08-16T21:00:00,E:\Cyclone-x-prototype\datas\HURSAT_NI\2016\2016230N21089\2016230N21089.MISSING.2016.08.16.2100.63.HIM-8.020.hursat-b1.v06.nc,2016-08-16T18:00:00,3.0,0,Depression / Weak System,HURSAT-B1 IRWIN/rad10,1.0,0,train
2016230N21089,2016-08-17T00:00:00,E:\Cyclone-x-prototype\datas\HURSAT_NI\2016\2016230N21089\2016230N21089.MISSING.2016.08.17.0000.44.MET-7.020.hursat-b1.v06.nc,2016-08-17T00:00:00,0.0,0,Depression / Weak System,HURSAT-B1 IRWIN/rad10,1.0,0,train
2016230N21089,2016-08-17T00:00:00,E:\Cyclone-x-prototype\datas\HURSAT_NI\2016\2016230N21089\2016230N21089.MISSING.2016.08.17.0000.63.HIM-8.020.hursat-b1.v06.nc,2016-08-17T00:00:00,0.0,0,Depression / Weak System,HURSAT-B1 IRWIN/rad10,1.0,0,train
2016230N21089,2016-08-17T03:00:00,E:\Cyclone-x-prototype\datas\HURSAT_NI\2016\2016230N21089\2016230N21089.MISSING.2016.08.17.0300.44.MET-7.020.hursat-b1.v06.nc,2016-08-17T03:00:00,0.0,0,Depression / Weak System,HURSAT-B1 IRWIN/rad10,1.0,0,train
2016230N21089,2016-08-17T03:00:00,E:\Cyclone-x-prototype\datas\HURSAT_NI\2016\2016230N21089\2016230N21089.MISSING.2016.08.17.0300.63.HIM-8.020.hursat-b1.v06.nc,2016-08-17T03:00:00,0.0,0,Depression / Weak System,HURSAT-B1 IRWIN/rad10,1.0,0,train
2016230N21089,2016-08-17T06:00:00,E:\Cyclone-x-prototype\datas\HURSAT_NI\2016\2016230N21089\2016230N21089.MISSING.2016.08.17.0600.44.MET-7.020.hursat-b1.v06.nc,2016-08-17T06:00:00,0.0,0,Depression / Weak System,HURSAT-B1 IRWIN/rad10,1.0,0,train
2016230N21089,2016-08-17T06:00:00,E:\Cyclone-x-prototype\datas\HURSAT_NI\2016\2016230N21089\2016230N21089.MISSING.2016.08.17.0600.63.HIM-8.020.hursat-b1.v06.nc,2016-08-17T06:00:00,0.0,0,Depression / Weak System,HURSAT-B1 IRWIN/rad10,1.0,0,train
2016230N21089,2016-08-17T09:00:00,E:\Cyclone-x-prototype\datas\HURSAT_NI\2016\2016230N21089\2016230N21089.MISSING.2016.08.17.0900.44.MET-7.023.hursat-b1.v06.nc,2016-08-17T06:00:00,3.0,0,Depression / Weak System,HURSAT-B1 IRWIN/rad10,1.0,0,train
2016230N21089,2016-08-17T09:00:00,E:\Cyclone-x-prototype\datas\HURSAT_NI\2016\2016230N21089\2016230N21089.MISSING.2016.08.17.0900.63.HIM-8.023.hursat-b1.v06.nc,2016-08-17T06:00:00,3.0,0,Depression / Weak System,HURSAT-B1 IRWIN/rad10,1.0,0,train
2016230N21089,2016-08-17T12:00:00,E:\Cyclone-x-prototype\datas\HURSAT_NI\2016\2016230N21089\2016230N21089.MISSING.2016.08.17.1200.44.MET-7.025.hursat-b1.v06.nc,2016-08-17T12:00:00,0.0,0,Depression / Weak System,HURSAT-B1 IRWIN/rad10,1.0,0,train
2016230N21089,2016-08-17T12:00:00,E:\Cyclone-x-prototype\datas\HURSAT_NI\2016\2016230N21089\2016230N21089.MISSING.2016.08.17.1200.64.HIM-8.025.hursat-b1.v06.nc,2016-08-17T12:00:00,0.0,0,Depression / Weak System,HURSAT-B1 IRWIN/rad10,1.0,0,train
2016230N21089,2016-08-17T15:00:00,E:\Cyclone-x-prototype\datas\HURSAT_NI\2016\2016230N21089\2016230N21089.MISSING.2016.08.17.1500.43.MET-7.025.hursat-b1.v06.nc,2016-08-17T12:00:00,3.0,0,Depression / Weak System,HURSAT-B1 IRWIN/rad10,1.0,0,train
2016230N21089,2016-08-17T15:00:00,E:\Cyclone-x-prototype\datas\HURSAT_NI\2016\2016230N21089\2016230N21089.MISSING.2016.08.17.1500.64.HIM-8.025.hursat-b1.v06.nc,2016-08-17T12:00:00,3.0,0,Depression / Weak System,HURSAT-B1 IRWIN/rad10,1.0,0,train
2016230N21089,2016-08-17T18:00:00,E:\Cyclone-x-prototype\datas\HURSAT_NI\2016\2016230N21089\2016230N21089.MISSING.2016.08.17.1800.43.MET-7.025.hursat-b1.v06.nc,2016-08-17T18:00:00,0.0,0,Depression / Weak System,HURSAT-B1 IRWIN/rad10,1.0,0,train
2016230N21089,2016-08-17T18:00:00,E:\Cyclone-x-prototype\datas\HURSAT_NI\2016\2016230N21089\2016230N21089.MISSING.2016.08.17.1800.65.HIM-8.025.hursat-b1.v06.nc,2016-08-17T18:00:00,0.0,0,Depression / Weak System,HURSAT-B1 IRWIN/rad10,1.0,0,train
2016230N21089,2016-08-17T21:00:00,E:\Cyclone-x-prototype\datas\HURSAT_NI\2016\2016230N21089\2016230N21089.MISSING.2016.08.17.2100.43.MET-7.025.hursat-b1.v06.nc,2016-08-17T18:00:00,3.0,0,Depression / Weak System,HURSAT-B1 IRWIN/rad10,1.0,0,train
2016230N21089,2016-08-17T21:00:00,E:\Cyclone-x-prototype\datas\HURSAT_NI\2016\2016230N21089\2016230N21089.MISSING.2016.08.17.2100.66.HIM-8.025.hursat-b1.v06.nc,2016-08-17T18:00:00,3.0,0,Depression / Weak System,HURSAT-B1 IRWIN/rad10,1.0,0,train
2016230N21089,2016-08-18T00:00:00,E:\Cyclone-x-prototype\datas\HURSAT_NI\2016\2016230N21089\2016230N21089.MISSING.2016.08.18.0000.43.MET-7.025.hursat-b1.v06.nc,2016-08-18T00:00:00,0.0,0,Depression / Weak System,HURSAT-B1 IRWIN/rad10,1.0,0,train
2016230N21089,2016-08-18T00:00:00,E:\Cyclone-x-prototype\datas\HURSAT_NI\2016\2016230N21089\2016230N21089.MISSING.2016.08.18.0000.67.HIM-8.025.hursat-b1.v06.nc,2016-08-18T00:00:00,0.0,0,Depression / Weak System,HURSAT-B1 IRWIN/rad10,1.0,0,train
2016230N21089,2016-08-18T03:00:00,E:\Cyclone-x-prototype\datas\HURSAT_NI\2016\2016230N21089\2016230N21089.MISSING.2016.08.18.0300.42.MET-7.025.hursat-b1.v06.nc,2016-08-18T03:00:00,0.0,0,Depression / Weak System,HURSAT-B1 IRWIN/rad10,1.0,0,train
2016230N21089,2016-08-18T03:00:00,E:\Cyclone-x-prototype\datas\HURSAT_NI\2016\2016230N21089\2016230N21089.MISSING.2016.08.18.0300.67.HIM-8.025.hursat-b1.v06.nc,2016-08-18T03:00:00,0.0,0,Depression / Weak System,HURSAT-B1 IRWIN/rad10,1.0,0,train
2016230N21089,2016-08-18T06:00:00,E:\Cyclone-x-prototype\datas\HURSAT_NI\2016\2016230N21089\2016230N21089.MISSING.2016.08.18.0600.42.MET-7.025.hursat-b1.v06.nc,2016-08-18T06:00:00,0.0,0,Depression / Weak System,HURSAT-B1 IRWIN/rad10,1.0,0,train
2016230N21089,2016-08-18T06:00:00,E:\Cyclone-x-prototype\datas\HURSAT_NI\2016\2016230N21089\2016230N21089.MISSING.2016.08.18.0600.68.HIM-8.025.hursat-b1.v06.nc,2016-08-18T06:00:00,0.0,0,Depression / Weak System,HURSAT-B1 IRWIN/rad10,1.0,0,train
2016230N21089,2016-08-18T09:00:00,E:\Cyclone-x-prototype\datas\HURSAT_NI\2016\2016230N21089\2016230N21089.MISSING.2016.08.18.0900.41.MET-7.025.hursat-b1.v06.nc,2016-08-18T06:00:00,3.0,0,Depression / Weak System,HURSAT-B1 IRWIN/rad10,1.0,0,train
2016230N21089,2016-08-18T09:00:00,E:\Cyclone-x-prototype\datas\HURSAT_NI\2016\2016230N21089\2016230N21089.MISSING.2016.08.18.0900.69.HIM-8.025.hursat-b1.v06.nc,2016-08-18T06:00:00,3.0,0,Depression / Weak System,HURSAT-B1 IRWIN/rad10,1.0,0,train
2016230N21089,2016-08-18T12:00:00,E:\Cyclone-x-prototype\datas\HURSAT_NI\2016\2016230N21089\2016230N21089.MISSING.2016.08.18.1200.41.MET-7.025.hursat-b1.v06.nc,2016-08-18T12:00:00,0.0,0,Depression / Weak System,HURSAT-B1 IRWIN/rad10,1.0,0,train
2016230N21089,2016-08-18T12:00:00,E:\Cyclone-x-prototype\datas\HURSAT_NI\2016\2016230N21089\2016230N21089.MISSING.2016.08.18.1200.69.HIM-8.025.hursat-b1.v06.nc,2016-08-18T12:00:00,0.0,0,Depression / Weak System,HURSAT-B1 IRWIN/rad10,1.0,0,train
2016230N21089,2016-08-18T15:00:00,E:\Cyclone-x-prototype\datas\HURSAT_NI\2016\2016230N21089\2016230N21089.MISSING.2016.08.18.1500.41.MET-7.025.hursat-b1.v06.nc,2016-08-18T12:00:00,3.0,0,Depression / Weak System,HURSAT-B1 IRWIN/rad10,1.0,0,train
2016230N21089,2016-08-18T15:00:00,E:\Cyclone-x-prototype\datas\HURSAT_NI\2016\2016230N21089\2016230N21089.MISSING.2016.08.18.1500.69.HIM-8.025.hursat-b1.v06.nc,2016-08-18T12:00:00,3.0,0,Depression / Weak System,HURSAT-B1 IRWIN/rad10,1.0,0,train
2016230N21089,2016-08-18T18:00:00,E:\Cyclone-x-prototype\datas\HURSAT_NI\2016\2016230N21089\2016230N21089.MISSING.2016.08.18.1800.41.MET-7.025.hursat-b1.v06.nc,2016-08-18T18:00:00,0.0,0,Depression / Weak System,HURSAT-B1 IRWIN/rad10,1.0,0,train
2016230N21089,2016-08-18T18:00:00,E:\Cyclone-x-prototype\datas\HURSAT_NI\2016\2016230N21089\2016230N21089.MISSING.2016.08.18.1800.70.HIM-8.025.hursat-b1.v06.nc,2016-08-18T18:00:00,0.0,0,Depression / Weak System,HURSAT-B1 IRWIN/rad10,1.0,0,train
2016230N21089,2016-08-18T21:00:00,E:\Cyclone-x-prototype\datas\HURSAT_NI\2016\2016230N21089\2016230N21089.MISSING.2016.08.18.2100.40.MET-7.025.hursat-b1.v06.nc,2016-08-18T18:00:00,3.0,0,Depression / Weak System,HURSAT-B1 IRWIN/rad10,1.0,0,train
2016230N21089,2016-08-18T21:00:00,E:\Cyclone-x-prototype\datas\HURSAT_NI\2016\2016230N21089\2016230N21089.MISSING.2016.08.18.2100.70.HIM-8.025.hursat-b1.v06.nc,2016-08-18T18:00:00,3.0,0,Depression / Weak System,HURSAT-B1 IRWIN/rad10,1.0,0,train
2016230N21089,2016-08-19T00:00:00,E:\Cyclone-x-prototype\datas\HURSAT_NI\2016\2016230N21089\2016230N21089.MISSING.2016.08.19.0000.40.MET-7.025.hursat-b1.v06.nc,2016-08-19T00:00:00,0.0,0,Depression / Weak System,HURSAT-B1 IRWIN/rad10,1.0,0,train
2016230N21089,2016-08-19T00:00:00,E:\Cyclone-x-prototype\datas\HURSAT_NI\2016\2016230N21089\2016230N21089.MISSING.2016.08.19.0000.70.HIM-8.025.hursat-b1.v06.nc,2016-08-19T00:00:00,0.0,0,Depression / Weak System,HURSAT-B1 IRWIN/rad10,1.0,0,train
2016230N21089,2016-08-19T03:00:00,E:\Cyclone-x-prototype\datas\HURSAT_NI\2016\2016230N21089\2016230N21089.MISSING.2016.08.19.0300.41.MET-7.025.hursat-b1.v06.nc,2016-08-19T03:00:00,0.0,0,Depression / Weak System,HURSAT-B1 IRWIN/rad10,1.0,0,train
2016230N21089,2016-08-19T03:00:00,E:\Cyclone-x-prototype\datas\HURSAT_NI\2016\2016230N21089\2016230N21089.MISSING.2016.08.19.0300.70.HIM-8.025.hursat-b1.v06.nc,2016-08-19T03:00:00,0.0,0,Depression / Weak System,HURSAT-B1 IRWIN/rad10,1.0,0,train
2016230N21089,2016-08-19T06:00:00,E:\Cyclone-x-prototype\datas\HURSAT_NI\2016\2016230N21089\2016230N21089.MISSING.2016.08.19.0600.39.MET-7.025.hursat-b1.v06.nc,2016-08-19T06:00:00,0.0,0,Depression / Weak System,HURSAT-B1 IRWIN/rad10,1.0,0,train
2016230N21089,2016-08-19T06:00:00,E:\Cyclone-x-prototype\datas\HURSAT_NI\2016\2016230N21089\2016230N21089.MISSING.2016.08.19.0600.72.HIM-8.025.hursat-b1.v06.nc,2016-08-19T06:00:00,0.0,0,Depression / Weak System,HURSAT-B1 IRWIN/rad10,1.0,0,train
2016230N21089,2016-08-19T09:00:00,E:\Cyclone-x-prototype\datas\HURSAT_NI\2016\2016230N21089\2016230N21089.MISSING.2016.08.19.0900.39.MET-7.025.hursat-b1.v06.nc,2016-08-19T06:00:00,3.0,0,Depression / Weak System,HURSAT-B1 IRWIN/rad10,1.0,0,train
2016230N21089,2016-08-19T09:00:00,E:\Cyclone-x-prototype\datas\HURSAT_NI\2016\2016230N21089\2016230N21089.MISSING.2016.08.19.0900.73.HIM-8.025.hursat-b1.v06.nc,2016-08-19T06:00:00,3.0,0,Depression / Weak System,HURSAT-B1 IRWIN/rad10,1.0,0,train
2016230N21089,2016-08-19T12:00:00,E:\Cyclone-x-prototype\datas\HURSAT_NI\2016\2016230N21089\2016230N21089.MISSING.2016.08.19.1200.38.MET-7.025.hursat-b1.v06.nc,2016-08-19T12:00:00,0.0,0,Depression / Weak System,HURSAT-B1 IRWIN/rad10,1.0,0,train
2016230N21089,2016-08-19T12:00:00,E:\Cyclone-x-prototype\datas\HURSAT_NI\2016\2016230N21089\2016230N21089.MISSING.2016.08.19.1200.73.HIM-8.025.hursat-b1.v06.nc,2016-08-19T12:00:00,0.0,0,Depression / Weak System,HURSAT-B1 IRWIN/rad10,1.0,0,train
2016230N21089,2016-08-19T15:00:00,E:\Cyclone-x-prototype\datas\HURSAT_NI\2016\2016230N21089\2016230N21089.MISSING.2016.08.19.1500.38.MET-7.025.hursat-b1.v06.nc,2016-08-19T12:00:00,3.0,0,Depression / Weak System,HURSAT-B1 IRWIN/rad10,1.0,0,train
2016230N21089,2016-08-19T15:00:00,E:\Cyclone-x-prototype\datas\HURSAT_NI\2016\2016230N21089\2016230N21089.MISSING.2016.08.19.1500.74.HIM-8.025.hursat-b1.v06.nc,2016-08-19T12:00:00,3.0,0,Depression / Weak System,HURSAT-B1 IRWIN/rad10,1.0,0,train
2016230N21089,2016-08-19T18:00:00,E:\Cyclone-x-prototype\datas\HURSAT_NI\2016\2016230N21089\2016230N21089.MISSING.2016.08.19.1800.38.MET-7.025.hursat-b1.v06.nc,2016-08-19T18:00:00,0.0,0,Depression / Weak System,HURSAT-B1 IRWIN/rad10,1.0,0,train
2016230N21089,2016-08-19T18:00:00,E:\Cyclone-x-prototype\datas\HURSAT_NI\2016\2016230N21089\2016230N21089.MISSING.2016.08.19.1800.74.HIM-8.025.hursat-b1.v06.nc,2016-08-19T18:00:00,0.0,0,Depression / Weak System,HURSAT-B1 IRWIN/rad10,1.0,0,train
2016230N21089,2016-08-19T21:00:00,E:\Cyclone-x-prototype\datas\HURSAT_NI\2016\2016230N21089\2016230N21089.MISSING.2016.08.19.2100.37.MET-7.025.hursat-b1.v06.nc,2016-08-19T18:00:00,3.0,0,Depression / Weak System,HURSAT-B1 IRWIN/rad10,1.0,0,train
2016230N21089,2016-08-19T21:00:00,E:\Cyclone-x-prototype\datas\HURSAT_NI\2016\2016230N21089\2016230N21089.MISSING.2016.08.19.2100.74.HIM-8.025.hursat-b1.v06.nc,2016-08-19T18:00:00,3.0,0,Depression / Weak System,HURSAT-B1 IRWIN/rad10,1.0,0,train
2016230N21089,2016-08-20T00:00:00,E:\Cyclone-x-prototype\datas\HURSAT_NI\2016\2016230N21089\2016230N21089.MISSING.2016.08.20.0000.37.MET-7.025.hursat-b1.v06.nc,2016-08-20T00:00:00,0.0,0,Depression / Weak System,HURSAT-B1 IRWIN/rad10,1.0,0,train
2016230N21089,2016-08-20T00:00:00,E:\Cyclone-x-prototype\datas\HURSAT_NI\2016\2016230N21089\2016230N21089.MISSING.2016.08.20.0000.75.HIM-8.025.hursat-b1.v06.nc,2016-08-20T00:00:00,0.0,0,Depression / Weak System,HURSAT-B1 IRWIN/rad10,1.0,0,train
2016230N21089,2016-08-20T03:00:00,E:\Cyclone-x-prototype\datas\HURSAT_NI\2016\2016230N21089\2016230N21089.MISSING.2016.08.20.0300.37.MET-7.025.hursat-b1.v06.nc,2016-08-20T03:00:00,0.0,0,Depression / Weak System,HURSAT-B1 IRWIN/rad10,1.0,0,train
2016230N21089,2016-08-20T03:00:00,E:\Cyclone-x-prototype\datas\HURSAT_NI\2016\2016230N21089\2016230N21089.MISSING.2016.08.20.0300.75.HIM-8.025.hursat-b1.v06.nc,2016-08-20T03:00:00,0.0,0,Depression / Weak System,HURSAT-B1 IRWIN/rad10,1.0,0,train
2016230N21089,2016-08-20T06:00:00,E:\Cyclone-x-prototype\datas\HURSAT_NI\2016\2016230N21089\2016230N21089.MISSING.2016.08.20.0600.37.MET-7.025.hursat-b1.v06.nc,2016-08-20T06:00:00,0.0,0,Depression / Weak System,HURSAT-B1 IRWIN/rad10,1.0,0,train
2016230N21089,2016-08-20T06:00:00,E:\Cyclone-x-prototype\datas\HURSAT_NI\2016\2016230N21089\2016230N21089.MISSING.2016.08.20.0600.75.HIM-8.025.hursat-b1.v06.nc,2016-08-20T06:00:00,0.0,0,Depression / Weak System,HURSAT-B1 IRWIN/rad10,1.0,0,train
2016230N21089,2016-08-20T09:00:00,E:\Cyclone-x-prototype\datas\HURSAT_NI\2016\2016230N21089\2016230N21089.MISSING.2016.08.20.0900.37.MET-7.023.hursat-b1.v06.nc,2016-08-20T06:00:00,3.0,0,Depression / Weak System,HURSAT-B1 IRWIN/rad10,1.0,0,train
2016230N21089,2016-08-20T09:00:00,E:\Cyclone-x-prototype\datas\HURSAT_NI\2016\2016230N21089\2016230N21089.MISSING.2016.08.20.0900.75.HIM-8.023.hursat-b1.v06.nc,2016-08-20T06:00:00,3.0,0,Depression / Weak System,HURSAT-B1 IRWIN/rad10,1.0,0,train
2016230N21089,2016-08-20T12:00:00,E:\Cyclone-x-prototype\datas\HURSAT_NI\2016\2016230N21089\2016230N21089.MISSING.2016.08.20.1200.37.MET-7.020.hursat-b1.v06.nc,2016-08-20T12:00:00,0.0,0,Depression / Weak System,HURSAT-B1 IRWIN/rad10,1.0,0,train
2016230N21089,2016-08-20T12:00:00,E:\Cyclone-x-prototype\datas\HURSAT_NI\2016\2016230N21089\2016230N21089.MISSING.2016.08.20.1200.75.HIM-8.020.hursat-b1.v06.nc,2016-08-20T12:00:00,0.0,0,Depression / Weak System,HURSAT-B1 IRWIN/rad10,1.0,0,train
2016230N21089,2016-08-20T15:00:00,E:\Cyclone-x-prototype\datas\HURSAT_NI\2016\2016230N21089\2016230N21089.MISSING.2016.08.20.1500.37.MET-7.018.hursat-b1.v06.nc,2016-08-20T12:00:00,3.0,0,Depression / Weak System,HURSAT-B1 IRWIN/rad10,1.0,0,train
2016230N21089,2016-08-20T15:00:00,E:\Cyclone-x-prototype\datas\HURSAT_NI\2016\2016230N21089\2016230N21089.MISSING.2016.08.20.1500.75.HIM-8.018.hursat-b1.v06.nc,2016-08-20T12:00:00,3.0,0,Depression / Weak System,HURSAT-B1 IRWIN/rad10,1.0,0,train
2016230N21089,2016-08-20T18:00:00,E:\Cyclone-x-prototype\datas\HURSAT_NI\2016\2016230N21089\2016230N21089.MISSING.2016.08.20.1800.37.MET-7.015.hursat-b1.v06.nc,2016-08-20T18:00:00,0.0,0,Depression / Weak System,HURSAT-B1 IRWIN/rad10,1.0,0,train
2016230N21089,2016-08-20T18:00:00,E:\Cyclone-x-prototype\datas\HURSAT_NI\2016\2016230N21089\2016230N21089.MISSING.2016.08.20.1800.76.HIM-8.015.hursat-b1.v06.nc,2016-08-20T18:00:00,0.0,0,Depression / Weak System,HURSAT-B1 IRWIN/rad10,1.0,0,train
2016295N13089,2016-10-21T03:00:00,E:\Cyclone-x-prototype\datas\HURSAT_NI\2016\2016295N13089\2016295N13089.KYANT.2016.10.21.0300.40.MET-7.025.hursat-b1.v06.nc,2016-10-21T03:00:00,0.0,0,Depression / Weak System,HURSAT-B1 IRWIN/rad10,1.0,0,test
2016295N13089,2016-10-21T03:00:00,E:\Cyclone-x-prototype\datas\HURSAT_NI\2016\2016295N13089\2016295N13089.KYANT.2016.10.21.0300.61.HIM-8.025.hursat-b1.v06.nc,2016-10-21T03:00:00,0.0,0,Depression / Weak System,HURSAT-B1 IRWIN/rad10,1.0,0,test
2016295N13089,2016-10-21T06:00:00,E:\Cyclone-x-prototype\datas\HURSAT_NI\2016\2016295N13089\2016295N13089.KYANT.2016.10.21.0600.41.MET-7.025.hursat-b1.v06.nc,2016-10-21T06:00:00,0.0,0,Depression / Weak System,HURSAT-B1 IRWIN/rad10,1.0,0,test
2016295N13089,2016-10-21T06:00:00,E:\Cyclone-x-prototype\datas\HURSAT_NI\2016\2016295N13089\2016295N13089.KYANT.2016.10.21.0600.61.HIM-8.025.hursat-b1.v06.nc,2016-10-21T06:00:00,0.0,0,Depression / Weak System,HURSAT-B1 IRWIN/rad10,1.0,0,test
2016295N13089,2016-10-21T09:00:00,E:\Cyclone-x-prototype\datas\HURSAT_NI\2016\2016295N13089\2016295N13089.KYANT.2016.10.21.0900.41.MET-7.025.hursat-b1.v06.nc,2016-10-21T06:00:00,3.0,0,Depression / Weak System,HURSAT-B1 IRWIN/rad10,1.0,0,test
2016295N13089,2016-10-21T09:00:00,E:\Cyclone-x-prototype\datas\HURSAT_NI\2016\2016295N13089\2016295N13089.KYANT.2016.10.21.0900.60.HIM-8.025.hursat-b1.v06.nc,2016-10-21T06:00:00,3.0,0,Depression / Weak System,HURSAT-B1 IRWIN/rad10,1.0,0,test
2016295N13089,2016-10-21T12:00:00,E:\Cyclone-x-prototype\datas\HURSAT_NI\2016\2016295N13089\2016295N13089.KYANT.2016.10.21.1200.41.MET-7.025.hursat-b1.v06.nc,2016-10-21T12:00:00,0.0,0,Depression / Weak System,HURSAT-B1 IRWIN/rad10,1.0,0,test
2016295N13089,2016-10-21T12:00:00,E:\Cyclone-x-prototype\datas\HURSAT_NI\2016\2016295N13089\2016295N13089.KYANT.2016.10.21.1200.60.HIM-8.025.hursat-b1.v06.nc,2016-10-21T12:00:00,0.0,0,Depression / Weak System,HURSAT-B1 IRWIN/rad10,1.0,0,test
2016295N13089,2016-10-21T15:00:00,E:\Cyclone-x-prototype\datas\HURSAT_NI\2016\2016295N13089\2016295N13089.KYANT.2016.10.21.1500.41.MET-7.025.hursat-b1.v06.nc,2016-10-21T12:00:00,3.0,0,Depression / Weak System,HURSAT-B1 IRWIN/rad10,1.0,0,test
2016295N13089,2016-10-21T15:00:00,E:\Cyclone-x-prototype\datas\HURSAT_NI\2016\2016295N13089\2016295N13089.KYANT.2016.10.21.1500.60.HIM-8.025.hursat-b1.v06.nc,2016-10-21T12:00:00,3.0,0,Depression / Weak System,HURSAT-B1 IRWIN/rad10,1.0,0,test
2016295N13089,2016-10-21T18:00:00,E:\Cyclone-x-prototype\datas\HURSAT_NI\2016\2016295N13089\2016295N13089.KYANT.2016.10.21.1800.41.MET-7.025.hursat-b1.v06.nc,2016-10-21T18:00:00,0.0,0,Depression / Weak System,HURSAT-B1 IRWIN/rad10,1.0,0,test
2016295N13089,2016-10-21T18:00:00,E:\Cyclone-x-prototype\datas\HURSAT_NI\2016\2016295N13089\2016295N13089.KYANT.2016.10.21.1800.60.HIM-8.025.hursat-b1.v06.nc,2016-10-21T18:00:00,0.0,0,Depression / Weak System,HURSAT-B1 IRWIN/rad10,1.0,0,test
2016295N13089,2016-10-21T21:00:00,E:\Cyclone-x-prototype\datas\HURSAT_NI\2016\2016295N13089\2016295N13089.KYANT.2016.10.21.2100.41.MET-7.025.hursat-b1.v06.nc,2016-10-21T18:00:00,3.0,0,Depression / Weak System,HURSAT-B1 IRWIN/rad10,1.0,0,test
2016295N13089,2016-10-21T21:00:00,E:\Cyclone-x-prototype\datas\HURSAT_NI\2016\2016295N13089\2016295N13089.KYANT.2016.10.21.2100.60.HIM-8.025.hursat-b1.v06.nc,2016-10-21T18:00:00,3.0,0,Depression / Weak System,HURSAT-B1 IRWIN/rad10,1.0,0,test
2016295N13089,2016-10-22T00:00:00,E:\Cyclone-x-prototype\datas\HURSAT_NI\2016\2016295N13089\2016295N13089.KYANT.2016.10.22.0000.41.MET-7.024.hursat-b1.v06.nc,2016-10-22T00:00:00,0.0,0,Depression / Weak System,HURSAT-B1 IRWIN/rad10,1.0,0,test
2016295N13089,2016-10-22T00:00:00,E:\Cyclone-x-prototype\datas\HURSAT_NI\2016\2016295N13089\2016295N13089.KYANT.2016.10.22.0000.60.HIM-8.024.hursat-b1.v06.nc,2016-10-22T00:00:00,0.0,0,Depression / Weak System,HURSAT-B1 IRWIN/rad10,1.0,0,test
2016295N13089,2016-10-22T03:00:00,E:\Cyclone-x-prototype\datas\HURSAT_NI\2016\2016295N13089\2016295N13089.KYANT.2016.10.22.0300.42.MET-7.024.hursat-b1.v06.nc,2016-10-22T03:00:00,0.0,0,Depression / Weak System,HURSAT-B1 IRWIN/rad10,1.0,0,test
2016295N13089,2016-10-22T03:00:00,E:\Cyclone-x-prototype\datas\HURSAT_NI\2016\2016295N13089\2016295N13089.KYANT.2016.10.22.0300.59.HIM-8.024.hursat-b1.v06.nc,2016-10-22T03:00:00,0.0,0,Depression / Weak System,HURSAT-B1 IRWIN/rad10,1.0,0,test
2016295N13089,2016-10-22T06:00:00,E:\Cyclone-x-prototype\datas\HURSAT_NI\2016\2016295N13089\2016295N13089.KYANT.2016.10.22.0600.43.MET-7.024.hursat-b1.v06.nc,2016-10-22T06:00:00,0.0,0,Depression / Weak System,HURSAT-B1 IRWIN/rad10,1.0,0,test
2016295N13089,2016-10-22T06:00:00,E:\Cyclone-x-prototype\datas\HURSAT_NI\2016\2016295N13089\2016295N13089.KYANT.2016.10.22.0600.59.HIM-8.024.hursat-b1.v06.nc,2016-10-22T06:00:00,0.0,0,Depression / Weak System,HURSAT-B1 IRWIN/rad10,1.0,0,test
2016295N13089,2016-10-22T09:00:00,E:\Cyclone-x-prototype\datas\HURSAT_NI\2016\2016295N13089\2016295N13089.KYANT.2016.10.22.0900.44.MET-7.024.hursat-b1.v06.nc,2016-10-22T06:00:00,3.0,0,Depression / Weak System,HURSAT-B1 IRWIN/rad10,1.0,0,test
2016295N13089,2016-10-22T09:00:00,E:\Cyclone-x-prototype\datas\HURSAT_NI\2016\2016295N13089\2016295N13089.KYANT.2016.10.22.0900.58.HIM-8.024.hursat-b1.v06.nc,2016-10-22T06:00:00,3.0,0,Depression / Weak System,HURSAT-B1 IRWIN/rad10,1.0,0,test
2016295N13089,2016-10-22T12:00:00,E:\Cyclone-x-prototype\datas\HURSAT_NI\2016\2016295N13089\2016295N13089.KYANT.2016.10.22.1200.44.MET-7.024.hursat-b1.v06.nc,2016-10-22T12:00:00,0.0,0,Depression / Weak System,HURSAT-B1 IRWIN/rad10,1.0,0,test
2016295N13089,2016-10-22T12:00:00,E:\Cyclone-x-prototype\datas\HURSAT_NI\2016\2016295N13089\2016295N13089.KYANT.2016.10.22.1200.58.HIM-8.024.hursat-b1.v06.nc,2016-10-22T12:00:00,0.0,0,Depression / Weak System,HURSAT-B1 IRWIN/rad10,1.0,0,test
2016295N13089,2016-10-22T15:00:00,E:\Cyclone-x-prototype\datas\HURSAT_NI\2016\2016295N13089\2016295N13089.KYANT.2016.10.22.1500.44.MET-7.024.hursat-b1.v06.nc,2016-10-22T12:00:00,3.0,0,Depression / Weak System,HURSAT-B1 IRWIN/rad10,1.0,0,test
2016295N13089,2016-10-22T15:00:00,E:\Cyclone-x-prototype\datas\HURSAT_NI\2016\2016295N13089\2016295N13089.KYANT.2016.10.22.1500.58.HIM-8.024.hursat-b1.v06.nc,2016-10-22T12:00:00,3.0,0,Depression / Weak System,HURSAT-B1 IRWIN/rad10,1.0,0,test
2016295N13089,2016-10-22T18:00:00,E:\Cyclone-x-prototype\datas\HURSAT_NI\2016\2016295N13089\2016295N13089.KYANT.2016.10.22.1800.44.MET-7.024.hursat-b1.v06.nc,2016-10-22T18:00:00,0.0,0,Depression / Weak System,HURSAT-B1 IRWIN/rad10,1.0,0,test
2016295N13089,2016-10-22T18:00:00,E:\Cyclone-x-prototype\datas\HURSAT_NI\2016\2016295N13089\2016295N13089.KYANT.2016.10.22.1800.58.HIM-8.024.hursat-b1.v06.nc,2016-10-22T18:00:00,0.0,0,Depression / Weak System,HURSAT-B1 IRWIN/rad10,1.0,0,test
2016295N13089,2016-10-22T21:00:00,E:\Cyclone-x-prototype\datas\HURSAT_NI\2016\2016295N13089\2016295N13089.KYANT.2016.10.22.2100.45.MET-7.024.hursat-b1.v06.nc,2016-10-22T18:00:00,3.0,0,Depression / Weak System,HURSAT-B1 IRWIN/rad10,1.0,0,test
2016295N13089,2016-10-22T21:00:00,E:\Cyclone-x-prototype\datas\HURSAT_NI\2016\2016295N13089\2016295N13089.KYANT.2016.10.22.2100.57.HIM-8.024.hursat-b1.v06.nc,2016-10-22T18:00:00,3.0,0,Depression / Weak System,HURSAT-B1 IRWIN/rad10,1.0,0,test
2016295N13089,2016-10-23T00:00:00,E:\Cyclone-x-prototype\datas\HURSAT_NI\2016\2016295N13089\2016295N13089.KYANT.2016.10.23.0000.45.MET-7.024.hursat-b1.v06.nc,2016-10-23T00:00:00,0.0,0,Depression / Weak System,HURSAT-B1 IRWIN/rad10,1.0,0,test
2016295N13089,2016-10-23T00:00:00,E:\Cyclone-x-prototype\datas\HURSAT_NI\2016\2016295N13089\2016295N13089.KYANT.2016.10.23.0000.57.HIM-8.024.hursat-b1.v06.nc,2016-10-23T00:00:00,0.0,0,Depression / Weak System,HURSAT-B1 IRWIN/rad10,1.0,0,test
2016295N13089,2016-10-23T03:00:00,E:\Cyclone-x-prototype\datas\HURSAT_NI\2016\2016295N13089\2016295N13089.KYANT.2016.10.23.0300.45.MET-7.027.hursat-b1.v06.nc,2016-10-23T03:00:00,0.0,0,Depression / Weak System,HURSAT-B1 IRWIN/rad10,1.0,0,test
2016295N13089,2016-10-23T03:00:00,E:\Cyclone-x-prototype\datas\HURSAT_NI\2016\2016295N13089\2016295N13089.KYANT.2016.10.23.0300.57.HIM-8.027.hursat-b1.v06.nc,2016-10-23T03:00:00,0.0,0,Depression / Weak System,HURSAT-B1 IRWIN/rad10,1.0,0,test
2016295N13089,2016-10-23T06:00:00,E:\Cyclone-x-prototype\datas\HURSAT_NI\2016\2016295N13089\2016295N13089.KYANT.2016.10.23.0600.45.MET-7.028.hursat-b1.v06.nc,2016-10-23T06:00:00,0.0,0,Depression / Weak System,HURSAT-B1 IRWIN/rad10,1.0,0,test
2016295N13089,2016-10-23T06:00:00,E:\Cyclone-x-prototype\datas\HURSAT_NI\2016\2016295N13089\2016295N13089.KYANT.2016.10.23.0600.57.HIM-8.028.hursat-b1.v06.nc,2016-10-23T06:00:00,0.0,0,Depression / Weak System,HURSAT-B1 IRWIN/rad10,1.0,0,test
2016295N13089,2016-10-23T09:00:00,E:\Cyclone-x-prototype\datas\HURSAT_NI\2016\2016295N13089\2016295N13089.KYANT.2016.10.23.0900.45.MET-7.028.hursat-b1.v06.nc,2016-10-23T06:00:00,3.0,0,Depression / Weak System,HURSAT-B1 IRWIN/rad10,1.0,0,test
2016295N13089,2016-10-23T09:00:00,E:\Cyclone-x-prototype\datas\HURSAT_NI\2016\2016295N13089\2016295N13089.KYANT.2016.10.23.0900.57.HIM-8.028.hursat-b1.v06.nc,2016-10-23T06:00:00,3.0,0,Depression / Weak System,HURSAT-B1 IRWIN/rad10,1.0,0,test
2016295N13089,2016-10-23T12:00:00,E:\Cyclone-x-prototype\datas\HURSAT_NI\2016\2016295N13089\2016295N13089.KYANT.2016.10.23.1200.45.MET-7.028.hursat-b1.v06.nc,2016-10-23T12:00:00,0.0,0,Depression / Weak System,HURSAT-B1 IRWIN/rad10,1.0,0,test
2016295N13089,2016-10-23T12:00:00,E:\Cyclone-x-prototype\datas\HURSAT_NI\2016\2016295N13089\2016295N13089.KYANT.2016.10.23.1200.57.HIM-8.028.hursat-b1.v06.nc,2016-10-23T12:00:00,0.0,0,Depression / Weak System,HURSAT-B1 IRWIN/rad10,1.0,0,test
2016295N13089,2016-10-23T15:00:00,E:\Cyclone-x-prototype\datas\HURSAT_NI\2016\2016295N13089\2016295N13089.KYANT.2016.10.23.1500.45.MET-7.028.hursat-b1.v06.nc,2016-10-23T12:00:00,3.0,0,Depression / Weak System,HURSAT-B1 IRWIN/rad10,1.0,0,test
2016295N13089,2016-10-23T15:00:00,E:\Cyclone-x-prototype\datas\HURSAT_NI\2016\2016295N13089\2016295N13089.KYANT.2016.10.23.1500.57.HIM-8.028.hursat-b1.v06.nc,2016-10-23T12:00:00,3.0,0,Depression / Weak System,HURSAT-B1 IRWIN/rad10,1.0,0,test
2016295N13089,2016-10-23T18:00:00,E:\Cyclone-x-prototype\datas\HURSAT_NI\2016\2016295N13089\2016295N13089.KYANT.2016.10.23.1800.45.MET-7.028.hursat-b1.v06.nc,2016-10-23T18:00:00,0.0,0,Depression / Weak System,HURSAT-B1 IRWIN/rad10,1.0,0,test
2016295N13089,2016-10-23T18:00:00,E:\Cyclone-x-prototype\datas\HURSAT_NI\2016\2016295N13089\2016295N13089.KYANT.2016.10.23.1800.57.HIM-8.028.hursat-b1.v06.nc,2016-10-23T18:00:00,0.0,0,Depression / Weak System,HURSAT-B1 IRWIN/rad10,1.0,0,test
2016295N13089,2016-10-23T21:00:00,E:\Cyclone-x-prototype\datas\HURSAT_NI\2016\2016295N13089\2016295N13089.KYANT.2016.10.23.2100.45.MET-7.028.hursat-b1.v06.nc,2016-10-23T18:00:00,3.0,0,Depression / Weak System,HURSAT-B1 IRWIN/rad10,1.0,0,test
2016295N13089,2016-10-23T21:00:00,E:\Cyclone-x-prototype\datas\HURSAT_NI\2016\2016295N13089\2016295N13089.KYANT.2016.10.23.2100.57.HIM-8.028.hursat-b1.v06.nc,2016-10-23T18:00:00,3.0,0,Depression / Weak System,HURSAT-B1 IRWIN/rad10,1.0,0,test
2016295N13089,2016-10-24T00:00:00,E:\Cyclone-x-prototype\datas\HURSAT_NI\2016\2016295N13089\2016295N13089.KYANT.2016.10.24.0000.46.MET-7.028.hursat-b1.v06.nc,2016-10-24T00:00:00,0.0,0,Depression / Weak System,HURSAT-B1 IRWIN/rad10,1.0,0,test
2016295N13089,2016-10-24T00:00:00,E:\Cyclone-x-prototype\datas\HURSAT_NI\2016\2016295N13089\2016295N13089.KYANT.2016.10.24.0000.57.HIM-8.028.hursat-b1.v06.nc,2016-10-24T00:00:00,0.0,0,Depression / Weak System,HURSAT-B1 IRWIN/rad10,1.0,0,test
2016295N13089,2016-10-24T03:00:00,E:\Cyclone-x-prototype\datas\HURSAT_NI\2016\2016295N13089\2016295N13089.KYANT.2016.10.24.0300.46.MET-7.028.hursat-b1.v06.nc,2016-10-24T03:00:00,0.0,0,Depression / Weak System,HURSAT-B1 IRWIN/rad10,1.0,0,test
2016295N13089,2016-10-24T03:00:00,E:\Cyclone-x-prototype\datas\HURSAT_NI\2016\2016295N13089\2016295N13089.KYANT.2016.10.24.0300.57.HIM-8.028.hursat-b1.v06.nc,2016-10-24T03:00:00,0.0,0,Depression / Weak System,HURSAT-B1 IRWIN/rad10,1.0,0,test
2016295N13089,2016-10-24T06:00:00,E:\Cyclone-x-prototype\datas\HURSAT_NI\2016\2016295N13089\2016295N13089.KYANT.2016.10.24.0600.46.MET-7.028.hursat-b1.v06.nc,2016-10-24T06:00:00,0.0,0,Depression / Weak System,HURSAT-B1 IRWIN/rad10,1.0,0,test
2016295N13089,2016-10-24T06:00:00,E:\Cyclone-x-prototype\datas\HURSAT_NI\2016\2016295N13089\2016295N13089.KYANT.2016.10.24.0600.57.HIM-8.028.hursat-b1.v06.nc,2016-10-24T06:00:00,0.0,0,Depression / Weak System,HURSAT-B1 IRWIN/rad10,1.0,0,test
2016295N13089,2016-10-24T09:00:00,E:\Cyclone-x-prototype\datas\HURSAT_NI\2016\2016295N13089\2016295N13089.KYANT.2016.10.24.0900.45.MET-7.028.hursat-b1.v06.nc,2016-10-24T06:00:00,3.0,0,Depression / Weak System,HURSAT-B1 IRWIN/rad10,1.0,0,test
2016295N13089,2016-10-24T09:00:00,E:\Cyclone-x-prototype\datas\HURSAT_NI\2016\2016295N13089\2016295N13089.KYANT.2016.10.24.0900.58.HIM-8.028.hursat-b1.v06.nc,2016-10-24T06:00:00,3.0,0,Depression / Weak System,HURSAT-B1 IRWIN/rad10,1.0,0,test
2016295N13089,2016-10-24T12:00:00,E:\Cyclone-x-prototype\datas\HURSAT_NI\2016\2016295N13089\2016295N13089.KYANT.2016.10.24.1200.45.MET-7.028.hursat-b1.v06.nc,2016-10-24T12:00:00,0.0,0,Depression / Weak System,HURSAT-B1 IRWIN/rad10,1.0,0,test
2016295N13089,2016-10-24T12:00:00,E:\Cyclone-x-prototype\datas\HURSAT_NI\2016\2016295N13089\2016295N13089.KYANT.2016.10.24.1200.58.HIM-8.028.hursat-b1.v06.nc,2016-10-24T12:00:00,0.0,0,Depression / Weak System,HURSAT-B1 IRWIN/rad10,1.0,0,test
2016295N13089,2016-10-24T15:00:00,E:\Cyclone-x-prototype\datas\HURSAT_NI\2016\2016295N13089\2016295N13089.KYANT.2016.10.24.1500.45.MET-7.028.hursat-b1.v06.nc,2016-10-24T12:00:00,3.0,0,Depression / Weak System,HURSAT-B1 IRWIN/rad10,1.0,0,test
2016295N13089,2016-10-24T15:00:00,E:\Cyclone-x-prototype\datas\HURSAT_NI\2016\2016295N13089\2016295N13089.KYANT.2016.10.24.1500.58.HIM-8.028.hursat-b1.v06.nc,2016-10-24T12:00:00,3.0,0,Depression / Weak System,HURSAT-B1 IRWIN/rad10,1.0,0,test
2016295N13089,2016-10-24T18:00:00,E:\Cyclone-x-prototype\datas\HURSAT_NI\2016\2016295N13089\2016295N13089.KYANT.2016.10.24.1800.45.MET-7.028.hursat-b1.v06.nc,2016-10-24T18:00:00,0.0,0,Depression / Weak System,HURSAT-B1 IRWIN/rad10,1.0,0,test
2016295N13089,2016-10-24T18:00:00,E:\Cyclone-x-prototype\datas\HURSAT_NI\2016\2016295N13089\2016295N13089.KYANT.2016.10.24.1800.58.HIM-8.028.hursat-b1.v06.nc,2016-10-24T18:00:00,0.0,0,Depression / Weak System,HURSAT-B1 IRWIN/rad10,1.0,0,test
2016295N13089,2016-10-24T21:00:00,E:\Cyclone-x-prototype\datas\HURSAT_NI\2016\2016295N13089\2016295N13089.KYANT.2016.10.24.2100.45.MET-7.029.hursat-b1.v06.nc,2016-10-24T18:00:00,3.0,0,Depression / Weak System,HURSAT-B1 IRWIN/rad10,1.0,0,test
2016295N13089,2016-10-24T21:00:00,E:\Cyclone-x-prototype\datas\HURSAT_NI\2016\2016295N13089\2016295N13089.KYANT.2016.10.24.2100.59.HIM-8.029.hursat-b1.v06.nc,2016-10-24T18:00:00,3.0,0,Depression / Weak System,HURSAT-B1 IRWIN/rad10,1.0,0,test
2016295N13089,2016-10-25T00:00:00,E:\Cyclone-x-prototype\datas\HURSAT_NI\2016\2016295N13089\2016295N13089.KYANT.2016.10.25.0000.44.MET-7.033.hursat-b1.v06.nc,2016-10-25T00:00:00,0.0,0,Depression / Weak System,HURSAT-B1 IRWIN/rad10,1.0,0,test
2016295N13089,2016-10-25T00:00:00,E:\Cyclone-x-prototype\datas\HURSAT_NI\2016\2016295N13089\2016295N13089.KYANT.2016.10.25.0000.59.HIM-8.033.hursat-b1.v06.nc,2016-10-25T00:00:00,0.0,0,Depression / Weak System,HURSAT-B1 IRWIN/rad10,1.0,0,test
2016295N13089,2016-10-25T03:00:00,E:\Cyclone-x-prototype\datas\HURSAT_NI\2016\2016295N13089\2016295N13089.KYANT.2016.10.25.0300.44.MET-7.036.hursat-b1.v06.nc,2016-10-25T03:00:00,0.0,1,Cyclonic Storm,HURSAT-B1 IRWIN/rad10,1.0,0,test
2016295N13089,2016-10-25T03:00:00,E:\Cyclone-x-prototype\datas\HURSAT_NI\2016\2016295N13089\2016295N13089.KYANT.2016.10.25.0300.59.HIM-8.036.hursat-b1.v06.nc,2016-10-25T03:00:00,0.0,1,Cyclonic Storm,HURSAT-B1 IRWIN/rad10,1.0,0,test
2016295N13089,2016-10-25T06:00:00,E:\Cyclone-x-prototype\datas\HURSAT_NI\2016\2016295N13089\2016295N13089.KYANT.2016.10.25.0600.44.MET-7.037.hursat-b1.v06.nc,2016-10-25T06:00:00,0.0,1,Cyclonic Storm,HURSAT-B1 IRWIN/rad10,1.0,0,test
2016295N13089,2016-10-25T06:00:00,E:\Cyclone-x-prototype\datas\HURSAT_NI\2016\2016295N13089\2016295N13089.KYANT.2016.10.25.0600.60.HIM-8.037.hursat-b1.v06.nc,2016-10-25T06:00:00,0.0,1,Cyclonic Storm,HURSAT-B1 IRWIN/rad10,1.0,0,test
2016295N13089,2016-10-25T09:00:00,E:\Cyclone-x-prototype\datas\HURSAT_NI\2016\2016295N13089\2016295N13089.KYANT.2016.10.25.0900.43.MET-7.038.hursat-b1.v06.nc,2016-10-25T09:00:00,0.0,1,Cyclonic Storm,HURSAT-B1 IRWIN/rad10,1.0,0,test
2016295N13089,2016-10-25T09:00:00,E:\Cyclone-x-prototype\datas\HURSAT_NI\2016\2016295N13089\2016295N13089.KYANT.2016.10.25.0900.60.HIM-8.038.hursat-b1.v06.nc,2016-10-25T09:00:00,0.0,1,Cyclonic Storm,HURSAT-B1 IRWIN/rad10,1.0,0,test
2016295N13089,2016-10-25T12:00:00,E:\Cyclone-x-prototype\datas\HURSAT_NI\2016\2016295N13089\2016295N13089.KYANT.2016.10.25.1200.43.MET-7.039.hursat-b1.v06.nc,2016-10-25T12:00:00,0.0,1,Cyclonic Storm,HURSAT-B1 IRWIN/rad10,1.0,0,test
2016295N13089,2016-10-25T12:00:00,E:\Cyclone-x-prototype\datas\HURSAT_NI\2016\2016295N13089\2016295N13089.KYANT.2016.10.25.1200.60.HIM-8.039.hursat-b1.v06.nc,2016-10-25T12:00:00,0.0,1,Cyclonic Storm,HURSAT-B1 IRWIN/rad10,1.0,0,test
2016295N13089,2016-10-25T15:00:00,E:\Cyclone-x-prototype\datas\HURSAT_NI\2016\2016295N13089\2016295N13089.KYANT.2016.10.25.1500.43.MET-7.040.hursat-b1.v06.nc,2016-10-25T15:00:00,0.0,1,Cyclonic Storm,HURSAT-B1 IRWIN/rad10,1.0,0,test
2016295N13089,2016-10-25T15:00:00,E:\Cyclone-x-prototype\datas\HURSAT_NI\2016\2016295N13089\2016295N13089.KYANT.2016.10.25.1500.60.HIM-8.040.hursat-b1.v06.nc,2016-10-25T15:00:00,0.0,1,Cyclonic Storm,HURSAT-B1 IRWIN/rad10,1.0,0,test
2016295N13089,2016-10-25T18:00:00,E:\Cyclone-x-prototype\datas\HURSAT_NI\2016\2016295N13089\2016295N13089.KYANT.2016.10.25.1800.42.MET-7.042.hursat-b1.v06.nc,2016-10-25T18:00:00,0.0,1,Cyclonic Storm,HURSAT-B1 IRWIN/rad10,1.0,0,test
2016295N13089,2016-10-25T18:00:00,E:\Cyclone-x-prototype\datas\HURSAT_NI\2016\2016295N13089\2016295N13089.KYANT.2016.10.25.1800.61.HIM-8.042.hursat-b1.v06.nc,2016-10-25T18:00:00,0.0,1,Cyclonic Storm,HURSAT-B1 IRWIN/rad10,1.0,0,test
2016295N13089,2016-10-25T21:00:00,E:\Cyclone-x-prototype\datas\HURSAT_NI\2016\2016295N13089\2016295N13089.KYANT.2016.10.25.2100.42.MET-7.042.hursat-b1.v06.nc,2016-10-25T21:00:00,0.0,1,Cyclonic Storm,HURSAT-B1 IRWIN/rad10,1.0,0,test
2016295N13089,2016-10-25T21:00:00,E:\Cyclone-x-prototype\datas\HURSAT_NI\2016\2016295N13089\2016295N13089.KYANT.2016.10.25.2100.61.HIM-8.042.hursat-b1.v06.nc,2016-10-25T21:00:00,0.0,1,Cyclonic Storm,HURSAT-B1 IRWIN/rad10,1.0,0,test
2016295N13089,2016-10-26T00:00:00,E:\Cyclone-x-prototype\datas\HURSAT_NI\2016\2016295N13089\2016295N13089.KYANT.2016.10.26.0000.41.MET-7.043.hursat-b1.v06.nc,2016-10-26T00:00:00,0.0,1,Cyclonic Storm,HURSAT-B1 IRWIN/rad10,1.0,0,test
2016295N13089,2016-10-26T00:00:00,E:\Cyclone-x-prototype\datas\HURSAT_NI\2016\2016295N13089\2016295N13089.KYANT.2016.10.26.0000.62.HIM-8.043.hursat-b1.v06.nc,2016-10-26T00:00:00,0.0,1,Cyclonic Storm,HURSAT-B1 IRWIN/rad10,1.0,0,test
2016295N13089,2016-10-26T03:00:00,E:\Cyclone-x-prototype\datas\HURSAT_NI\2016\2016295N13089\2016295N13089.KYANT.2016.10.26.0300.41.MET-7.043.hursat-b1.v06.nc,2016-10-26T03:00:00,0.0,1,Cyclonic Storm,HURSAT-B1 IRWIN/rad10,1.0,0,test
2016295N13089,2016-10-26T03:00:00,E:\Cyclone-x-prototype\datas\HURSAT_NI\2016\2016295N13089\2016295N13089.KYANT.2016.10.26.0300.62.HIM-8.043.hursat-b1.v06.nc,2016-10-26T03:00:00,0.0,1,Cyclonic Storm,HURSAT-B1 IRWIN/rad10,1.0,0,test
2016295N13089,2016-10-26T06:00:00,E:\Cyclone-x-prototype\datas\HURSAT_NI\2016\2016295N13089\2016295N13089.KYANT.2016.10.26.0600.40.MET-7.042.hursat-b1.v06.nc,2016-10-26T06:00:00,0.0,1,Cyclonic Storm,HURSAT-B1 IRWIN/rad10,1.0,0,test
2016295N13089,2016-10-26T06:00:00,E:\Cyclone-x-prototype\datas\HURSAT_NI\2016\2016295N13089\2016295N13089.KYANT.2016.10.26.0600.63.HIM-8.042.hursat-b1.v06.nc,2016-10-26T06:00:00,0.0,1,Cyclonic Storm,HURSAT-B1 IRWIN/rad10,1.0,0,test
2016295N13089,2016-10-26T09:00:00,E:\Cyclone-x-prototype\datas\HURSAT_NI\2016\2016295N13089\2016295N13089.KYANT.2016.10.26.0900.40.MET-7.041.hursat-b1.v06.nc,2016-10-26T09:00:00,0.0,1,Cyclonic Storm,HURSAT-B1 IRWIN/rad10,1.0,0,test
2016295N13089,2016-10-26T09:00:00,E:\Cyclone-x-prototype\datas\HURSAT_NI\2016\2016295N13089\2016295N13089.KYANT.2016.10.26.0900.63.HIM-8.041.hursat-b1.v06.nc,2016-10-26T09:00:00,0.0,1,Cyclonic Storm,HURSAT-B1 IRWIN/rad10,1.0,0,test
2016295N13089,2016-10-26T12:00:00,E:\Cyclone-x-prototype\datas\HURSAT_NI\2016\2016295N13089\2016295N13089.KYANT.2016.10.26.1200.39.MET-7.039.hursat-b1.v06.nc,2016-10-26T12:00:00,0.0,1,Cyclonic Storm,HURSAT-B1 IRWIN/rad10,1.0,0,test
2016295N13089,2016-10-26T12:00:00,E:\Cyclone-x-prototype\datas\HURSAT_NI\2016\2016295N13089\2016295N13089.KYANT.2016.10.26.1200.64.HIM-8.039.hursat-b1.v06.nc,2016-10-26T12:00:00,0.0,1,Cyclonic Storm,HURSAT-B1 IRWIN/rad10,1.0,0,test
2016295N13089,2016-10-26T15:00:00,E:\Cyclone-x-prototype\datas\HURSAT_NI\2016\2016295N13089\2016295N13089.KYANT.2016.10.26.1500.39.MET-7.035.hursat-b1.v06.nc,2016-10-26T15:00:00,0.0,1,Cyclonic Storm,HURSAT-B1 IRWIN/rad10,1.0,0,test
2016295N13089,2016-10-26T15:00:00,E:\Cyclone-x-prototype\datas\HURSAT_NI\2016\2016295N13089\2016295N13089.KYANT.2016.10.26.1500.64.HIM-8.035.hursat-b1.v06.nc,2016-10-26T15:00:00,0.0,1,Cyclonic Storm,HURSAT-B1 IRWIN/rad10,1.0,0,test
2016295N13089,2016-10-26T18:00:00,E:\Cyclone-x-prototype\datas\HURSAT_NI\2016\2016295N13089\2016295N13089.KYANT.2016.10.26.1800.38.MET-7.029.hursat-b1.v06.nc,2016-10-26T18:00:00,0.0,1,Cyclonic Storm,HURSAT-B1 IRWIN/rad10,1.0,0,test
2016295N13089,2016-10-26T18:00:00,E:\Cyclone-x-prototype\datas\HURSAT_NI\2016\2016295N13089\2016295N13089.KYANT.2016.10.26.1800.64.HIM-8.029.hursat-b1.v06.nc,2016-10-26T18:00:00,0.0,1,Cyclonic Storm,HURSAT-B1 IRWIN/rad10,1.0,0,test
2016295N13089,2016-10-26T21:00:00,E:\Cyclone-x-prototype\datas\HURSAT_NI\2016\2016295N13089\2016295N13089.KYANT.2016.10.26.2100.38.MET-7.026.hursat-b1.v06.nc,2016-10-26T21:00:00,0.0,0,Depression / Weak System,HURSAT-B1 IRWIN/rad10,1.0,0,test
2016295N13089,2016-10-26T21:00:00,E:\Cyclone-x-prototype\datas\HURSAT_NI\2016\2016295N13089\2016295N13089.KYANT.2016.10.26.2100.65.HIM-8.026.hursat-b1.v06.nc,2016-10-26T21:00:00,0.0,0,Depression / Weak System,HURSAT-B1 IRWIN/rad10,1.0,0,test
2016295N13089,2016-10-27T00:00:00,E:\Cyclone-x-prototype\datas\HURSAT_NI\2016\2016295N13089\2016295N13089.KYANT.2016.10.27.0000.38.MET-7.026.hursat-b1.v06.nc,2016-10-27T00:00:00,0.0,0,Depression / Weak System,HURSAT-B1 IRWIN/rad10,1.0,0,test
2016295N13089,2016-10-27T00:00:00,E:\Cyclone-x-prototype\datas\HURSAT_NI\2016\2016295N13089\2016295N13089.KYANT.2016.10.27.0000.65.HIM-8.026.hursat-b1.v06.nc,2016-10-27T00:00:00,0.0,0,Depression / Weak System,HURSAT-B1 IRWIN/rad10,1.0,0,test
2016295N13089,2016-10-27T03:00:00,E:\Cyclone-x-prototype\datas\HURSAT_NI\2016\2016295N13089\2016295N13089.KYANT.2016.10.27.0300.37.MET-7.026.hursat-b1.v06.nc,2016-10-27T03:00:00,0.0,0,Depression / Weak System,HURSAT-B1 IRWIN/rad10,1.0,0,test
2016295N13089,2016-10-27T03:00:00,E:\Cyclone-x-prototype\datas\HURSAT_NI\2016\2016295N13089\2016295N13089.KYANT.2016.10.27.0300.66.HIM-8.026.hursat-b1.v06.nc,2016-10-27T03:00:00,0.0,0,Depression / Weak System,HURSAT-B1 IRWIN/rad10,1.0,0,test
2016295N13089,2016-10-27T06:00:00,E:\Cyclone-x-prototype\datas\HURSAT_NI\2016\2016295N13089\2016295N13089.KYANT.2016.10.27.0600.37.MET-7.026.hursat-b1.v06.nc,2016-10-27T06:00:00,0.0,0,Depression / Weak System,HURSAT-B1 IRWIN/rad10,1.0,0,test
2016295N13089,2016-10-27T06:00:00,E:\Cyclone-x-prototype\datas\HURSAT_NI\2016\2016295N13089\2016295N13089.KYANT.2016.10.27.0600.66.HIM-8.026.hursat-b1.v06.nc,2016-10-27T06:00:00,0.0,0,Depression / Weak System,HURSAT-B1 IRWIN/rad10,1.0,0,test
2016295N13089,2016-10-27T09:00:00,E:\Cyclone-x-prototype\datas\HURSAT_NI\2016\2016295N13089\2016295N13089.KYANT.2016.10.27.0900.36.MET-7.026.hursat-b1.v06.nc,2016-10-27T06:00:00,3.0,0,Depression / Weak System,HURSAT-B1 IRWIN/rad10,1.0,0,test
2016295N13089,2016-10-27T09:00:00,E:\Cyclone-x-prototype\datas\HURSAT_NI\2016\2016295N13089\2016295N13089.KYANT.2016.10.27.0900.67.HIM-8.026.hursat-b1.v06.nc,2016-10-27T06:00:00,3.0,0,Depression / Weak System,HURSAT-B1 IRWIN/rad10,1.0,0,test
2016295N13089,2016-10-27T12:00:00,E:\Cyclone-x-prototype\datas\HURSAT_NI\2016\2016295N13089\2016295N13089.KYANT.2016.10.27.1200.36.MET-7.026.hursat-b1.v06.nc,2016-10-27T12:00:00,0.0,0,Depression / Weak System,HURSAT-B1 IRWIN/rad10,1.0,0,test
2016295N13089,2016-10-27T12:00:00,E:\Cyclone-x-prototype\datas\HURSAT_NI\2016\2016295N13089\2016295N13089.KYANT.2016.10.27.1200.67.HIM-8.026.hursat-b1.v06.nc,2016-10-27T12:00:00,0.0,0,Depression / Weak System,HURSAT-B1 IRWIN/rad10,1.0,0,test
2016295N13089,2016-10-27T15:00:00,E:\Cyclone-x-prototype\datas\HURSAT_NI\2016\2016295N13089\2016295N13089.KYANT.2016.10.27.1500.35.MET-7.025.hursat-b1.v06.nc,2016-10-27T12:00:00,3.0,0,Depression / Weak System,HURSAT-B1 IRWIN/rad10,1.0,0,test
2016295N13089,2016-10-27T15:00:00,E:\Cyclone-x-prototype\datas\HURSAT_NI\2016\2016295N13089\2016295N13089.KYANT.2016.10.27.1500.67.HIM-8.025.hursat-b1.v06.nc,2016-10-27T12:00:00,3.0,0,Depression / Weak System,HURSAT-B1 IRWIN/rad10,1.0,0,test
2016295N13089,2016-10-27T18:00:00,E:\Cyclone-x-prototype\datas\HURSAT_NI\2016\2016295N13089\2016295N13089.KYANT.2016.10.27.1800.35.MET-7.024.hursat-b1.v06.nc,2016-10-27T18:00:00,0.0,0,Depression / Weak System,HURSAT-B1 IRWIN/rad10,1.0,0,test
2016295N13089,2016-10-27T18:00:00,E:\Cyclone-x-prototype\datas\HURSAT_NI\2016\2016295N13089\2016295N13089.KYANT.2016.10.27.1800.67.HIM-8.024.hursat-b1.v06.nc,2016-10-27T18:00:00,0.0,0,Depression / Weak System,HURSAT-B1 IRWIN/rad10,1.0,0,test
2016295N13089,2016-10-27T21:00:00,E:\Cyclone-x-prototype\datas\HURSAT_NI\2016\2016295N13089\2016295N13089.KYANT.2016.10.27.2100.35.MET-7.022.hursat-b1.v06.nc,2016-10-27T18:00:00,3.0,0,Depression / Weak System,HURSAT-B1 IRWIN/rad10,1.0,0,test
2016295N13089,2016-10-27T21:00:00,E:\Cyclone-x-prototype\datas\HURSAT_NI\2016\2016295N13089\2016295N13089.KYANT.2016.10.27.2100.68.HIM-8.022.hursat-b1.v06.nc,2016-10-27T18:00:00,3.0,0,Depression / Weak System,HURSAT-B1 IRWIN/rad10,1.0,0,test
2016308N13088,2016-11-02T21:00:00,E:\Cyclone-x-prototype\datas\HURSAT_NI\2016\2016308N13088\2016308N13088.MISSING.2016.11.02.2100.38.MET-7.025.hursat-b1.v06.nc,2016-11-02T18:00:00,3.0,0,Depression / Weak System,HURSAT-B1 IRWIN/rad10,1.0,0,validation
2016308N13088,2016-11-02T21:00:00,E:\Cyclone-x-prototype\datas\HURSAT_NI\2016\2016308N13088\2016308N13088.MISSING.2016.11.02.2100.62.HIM-8.025.hursat-b1.v06.nc,2016-11-02T18:00:00,3.0,0,Depression / Weak System,HURSAT-B1 IRWIN/rad10,1.0,0,validation
2016308N13088,2016-11-03T00:00:00,E:\Cyclone-x-prototype\datas\HURSAT_NI\2016\2016308N13088\2016308N13088.MISSING.2016.11.03.0000.38.MET-7.025.hursat-b1.v06.nc,2016-11-03T00:00:00,0.0,0,Depression / Weak System,HURSAT-B1 IRWIN/rad10,1.0,0,validation
2016308N13088,2016-11-03T00:00:00,E:\Cyclone-x-prototype\datas\HURSAT_NI\2016\2016308N13088\2016308N13088.MISSING.2016.11.03.0000.63.HIM-8.025.hursat-b1.v06.nc,2016-11-03T00:00:00,0.0,0,Depression / Weak System,HURSAT-B1 IRWIN/rad10,1.0,0,validation
2016308N13088,2016-11-03T03:00:00,E:\Cyclone-x-prototype\datas\HURSAT_NI\2016\2016308N13088\2016308N13088.MISSING.2016.11.03.0300.38.MET-7.025.hursat-b1.v06.nc,2016-11-03T03:00:00,0.0,0,Depression / Weak System,HURSAT-B1 IRWIN/rad10,1.0,0,validation
2016308N13088,2016-11-03T03:00:00,E:\Cyclone-x-prototype\datas\HURSAT_NI\2016\2016308N13088\2016308N13088.MISSING.2016.11.03.0300.63.HIM-8.025.hursat-b1.v06.nc,2016-11-03T03:00:00,0.0,0,Depression / Weak System,HURSAT-B1 IRWIN/rad10,1.0,0,validation
2016308N13088,2016-11-03T06:00:00,E:\Cyclone-x-prototype\datas\HURSAT_NI\2016\2016308N13088\2016308N13088.MISSING.2016.11.03.0600.37.MET-7.025.hursat-b1.v06.nc,2016-11-03T06:00:00,0.0,0,Depression / Weak System,HURSAT-B1 IRWIN/rad10,1.0,0,validation
2016308N13088,2016-11-03T06:00:00,E:\Cyclone-x-prototype\datas\HURSAT_NI\2016\2016308N13088\2016308N13088.MISSING.2016.11.03.0600.64.HIM-8.025.hursat-b1.v06.nc,2016-11-03T06:00:00,0.0,0,Depression / Weak System,HURSAT-B1 IRWIN/rad10,1.0,0,validation
2016308N13088,2016-11-03T09:00:00,E:\Cyclone-x-prototype\datas\HURSAT_NI\2016\2016308N13088\2016308N13088.MISSING.2016.11.03.0900.37.MET-7.025.hursat-b1.v06.nc,2016-11-03T06:00:00,3.0,0,Depression / Weak System,HURSAT-B1 IRWIN/rad10,1.0,0,validation
2016308N13088,2016-11-03T09:00:00,E:\Cyclone-x-prototype\datas\HURSAT_NI\2016\2016308N13088\2016308N13088.MISSING.2016.11.03.0900.64.HIM-8.025.hursat-b1.v06.nc,2016-11-03T06:00:00,3.0,0,Depression / Weak System,HURSAT-B1 IRWIN/rad10,1.0,0,validation
2016308N13088,2016-11-03T12:00:00,E:\Cyclone-x-prototype\datas\HURSAT_NI\2016\2016308N13088\2016308N13088.MISSING.2016.11.03.1200.37.MET-7.025.hursat-b1.v06.nc,2016-11-03T12:00:00,0.0,0,Depression / Weak System,HURSAT-B1 IRWIN/rad10,1.0,0,validation
2016308N13088,2016-11-03T12:00:00,E:\Cyclone-x-prototype\datas\HURSAT_NI\2016\2016308N13088\2016308N13088.MISSING.2016.11.03.1200.65.HIM-8.025.hursat-b1.v06.nc,2016-11-03T12:00:00,0.0,0,Depression / Weak System,HURSAT-B1 IRWIN/rad10,1.0,0,validation
2016308N13088,2016-11-03T15:00:00,E:\Cyclone-x-prototype\datas\HURSAT_NI\2016\2016308N13088\2016308N13088.MISSING.2016.11.03.1500.37.MET-7.025.hursat-b1.v06.nc,2016-11-03T12:00:00,3.0,0,Depression / Weak System,HURSAT-B1 IRWIN/rad10,1.0,0,validation
2016308N13088,2016-11-03T15:00:00,E:\Cyclone-x-prototype\datas\HURSAT_NI\2016\2016308N13088\2016308N13088.MISSING.2016.11.03.1500.65.HIM-8.025.hursat-b1.v06.nc,2016-11-03T12:00:00,3.0,0,Depression / Weak System,HURSAT-B1 IRWIN/rad10,1.0,0,validation
2016308N13088,2016-11-03T18:00:00,E:\Cyclone-x-prototype\datas\HURSAT_NI\2016\2016308N13088\2016308N13088.MISSING.2016.11.03.1800.37.MET-7.025.hursat-b1.v06.nc,2016-11-03T18:00:00,0.0,0,Depression / Weak System,HURSAT-B1 IRWIN/rad10,1.0,0,validation
2016308N13088,2016-11-03T18:00:00,E:\Cyclone-x-prototype\datas\HURSAT_NI\2016\2016308N13088\2016308N13088.MISSING.2016.11.03.1800.65.HIM-8.025.hursat-b1.v06.nc,2016-11-03T18:00:00,0.0,0,Depression / Weak System,HURSAT-B1 IRWIN/rad10,1.0,0,validation
2016308N13088,2016-11-03T21:00:00,E:\Cyclone-x-prototype\datas\HURSAT_NI\2016\2016308N13088\2016308N13088.MISSING.2016.11.03.2100.37.MET-7.025.hursat-b1.v06.nc,2016-11-03T18:00:00,3.0,0,Depression / Weak System,HURSAT-B1 IRWIN/rad10,1.0,0,validation
2016308N13088,2016-11-03T21:00:00,E:\Cyclone-x-prototype\datas\HURSAT_NI\2016\2016308N13088\2016308N13088.MISSING.2016.11.03.2100.65.HIM-8.025.hursat-b1.v06.nc,2016-11-03T18:00:00,3.0,0,Depression / Weak System,HURSAT-B1 IRWIN/rad10,1.0,0,validation
2016308N13088,2016-11-04T00:00:00,E:\Cyclone-x-prototype\datas\HURSAT_NI\2016\2016308N13088\2016308N13088.MISSING.2016.11.04.0000.37.MET-7.025.hursat-b1.v06.nc,2016-11-04T00:00:00,0.0,0,Depression / Weak System,HURSAT-B1 IRWIN/rad10,1.0,0,validation
2016308N13088,2016-11-04T00:00:00,E:\Cyclone-x-prototype\datas\HURSAT_NI\2016\2016308N13088\2016308N13088.MISSING.2016.11.04.0000.66.HIM-8.025.hursat-b1.v06.nc,2016-11-04T00:00:00,0.0,0,Depression / Weak System,HURSAT-B1 IRWIN/rad10,1.0,0,validation
2016308N13088,2016-11-04T03:00:00,E:\Cyclone-x-prototype\datas\HURSAT_NI\2016\2016308N13088\2016308N13088.MISSING.2016.11.04.0300.37.MET-7.025.hursat-b1.v06.nc,2016-11-04T03:00:00,0.0,0,Depression / Weak System,HURSAT-B1 IRWIN/rad10,1.0,0,validation
2016308N13088,2016-11-04T03:00:00,E:\Cyclone-x-prototype\datas\HURSAT_NI\2016\2016308N13088\2016308N13088.MISSING.2016.11.04.0300.66.HIM-8.025.hursat-b1.v06.nc,2016-11-04T03:00:00,0.0,0,Depression / Weak System,HURSAT-B1 IRWIN/rad10,1.0,0,validation
2016308N13088,2016-11-04T06:00:00,E:\Cyclone-x-prototype\datas\HURSAT_NI\2016\2016308N13088\2016308N13088.MISSING.2016.11.04.0600.37.MET-7.025.hursat-b1.v06.nc,2016-11-04T06:00:00,0.0,0,Depression / Weak System,HURSAT-B1 IRWIN/rad10,1.0,0,validation
2016308N13088,2016-11-04T06:00:00,E:\Cyclone-x-prototype\datas\HURSAT_NI\2016\2016308N13088\2016308N13088.MISSING.2016.11.04.0600.66.HIM-8.025.hursat-b1.v06.nc,2016-11-04T06:00:00,0.0,0,Depression / Weak System,HURSAT-B1 IRWIN/rad10,1.0,0,validation
2016308N13088,2016-11-04T09:00:00,E:\Cyclone-x-prototype\datas\HURSAT_NI\2016\2016308N13088\2016308N13088.MISSING.2016.11.04.0900.37.MET-7.025.hursat-b1.v06.nc,2016-11-04T06:00:00,3.0,0,Depression / Weak System,HURSAT-B1 IRWIN/rad10,1.0,0,validation
2016308N13088,2016-11-04T09:00:00,E:\Cyclone-x-prototype\datas\HURSAT_NI\2016\2016308N13088\2016308N13088.MISSING.2016.11.04.0900.66.HIM-8.025.hursat-b1.v06.nc,2016-11-04T06:00:00,3.0,0,Depression / Weak System,HURSAT-B1 IRWIN/rad10,1.0,0,validation
2016308N13088,2016-11-04T12:00:00,E:\Cyclone-x-prototype\datas\HURSAT_NI\2016\2016308N13088\2016308N13088.MISSING.2016.11.04.1200.37.MET-7.025.hursat-b1.v06.nc,2016-11-04T12:00:00,0.0,0,Depression / Weak System,HURSAT-B1 IRWIN/rad10,1.0,0,validation
2016308N13088,2016-11-04T12:00:00,E:\Cyclone-x-prototype\datas\HURSAT_NI\2016\2016308N13088\2016308N13088.MISSING.2016.11.04.1200.66.HIM-8.025.hursat-b1.v06.nc,2016-11-04T12:00:00,0.0,0,Depression / Weak System,HURSAT-B1 IRWIN/rad10,1.0,0,validation
2016308N13088,2016-11-04T15:00:00,E:\Cyclone-x-prototype\datas\HURSAT_NI\2016\2016308N13088\2016308N13088.MISSING.2016.11.04.1500.37.MET-7.025.hursat-b1.v06.nc,2016-11-04T12:00:00,3.0,0,Depression / Weak System,HURSAT-B1 IRWIN/rad10,1.0,0,validation
2016308N13088,2016-11-04T15:00:00,E:\Cyclone-x-prototype\datas\HURSAT_NI\2016\2016308N13088\2016308N13088.MISSING.2016.11.04.1500.66.HIM-8.025.hursat-b1.v06.nc,2016-11-04T12:00:00,3.0,0,Depression / Weak System,HURSAT-B1 IRWIN/rad10,1.0,0,validation
2016308N13088,2016-11-04T18:00:00,E:\Cyclone-x-prototype\datas\HURSAT_NI\2016\2016308N13088\2016308N13088.MISSING.2016.11.04.1800.38.MET-7.025.hursat-b1.v06.nc,2016-11-04T18:00:00,0.0,0,Depression / Weak System,HURSAT-B1 IRWIN/rad10,1.0,0,validation
2016308N13088,2016-11-04T18:00:00,E:\Cyclone-x-prototype\datas\HURSAT_NI\2016\2016308N13088\2016308N13088.MISSING.2016.11.04.1800.66.HIM-8.025.hursat-b1.v06.nc,2016-11-04T18:00:00,0.0,0,Depression / Weak System,HURSAT-B1 IRWIN/rad10,1.0,0,validation
2016308N13088,2016-11-04T21:00:00,E:\Cyclone-x-prototype\datas\HURSAT_NI\2016\2016308N13088\2016308N13088.MISSING.2016.11.04.2100.38.MET-7.025.hursat-b1.v06.nc,2016-11-04T18:00:00,3.0,0,Depression / Weak System,HURSAT-B1 IRWIN/rad10,1.0,0,validation
2016308N13088,2016-11-04T21:00:00,E:\Cyclone-x-prototype\datas\HURSAT_NI\2016\2016308N13088\2016308N13088.MISSING.2016.11.04.2100.65.HIM-8.025.hursat-b1.v06.nc,2016-11-04T18:00:00,3.0,0,Depression / Weak System,HURSAT-B1 IRWIN/rad10,1.0,0,validation
2016308N13088,2016-11-05T00:00:00,E:\Cyclone-x-prototype\datas\HURSAT_NI\2016\2016308N13088\2016308N13088.MISSING.2016.11.05.0000.39.MET-7.025.hursat-b1.v06.nc,2016-11-05T00:00:00,0.0,0,Depression / Weak System,HURSAT-B1 IRWIN/rad10,1.0,0,validation
2016308N13088,2016-11-05T00:00:00,E:\Cyclone-x-prototype\datas\HURSAT_NI\2016\2016308N13088\2016308N13088.MISSING.2016.11.05.0000.65.HIM-8.025.hursat-b1.v06.nc,2016-11-05T00:00:00,0.0,0,Depression / Weak System,HURSAT-B1 IRWIN/rad10,1.0,0,validation
2016308N13088,2016-11-05T03:00:00,E:\Cyclone-x-prototype\datas\HURSAT_NI\2016\2016308N13088\2016308N13088.MISSING.2016.11.05.0300.40.MET-7.025.hursat-b1.v06.nc,2016-11-05T03:00:00,0.0,0,Depression / Weak System,HURSAT-B1 IRWIN/rad10,1.0,0,validation
2016308N13088,2016-11-05T03:00:00,E:\Cyclone-x-prototype\datas\HURSAT_NI\2016\2016308N13088\2016308N13088.MISSING.2016.11.05.0300.64.HIM-8.025.hursat-b1.v06.nc,2016-11-05T03:00:00,0.0,0,Depression / Weak System,HURSAT-B1 IRWIN/rad10,1.0,0,validation
2016308N13088,2016-11-05T06:00:00,E:\Cyclone-x-prototype\datas\HURSAT_NI\2016\2016308N13088\2016308N13088.MISSING.2016.11.05.0600.41.MET-7.025.hursat-b1.v06.nc,2016-11-05T06:00:00,0.0,0,Depression / Weak System,HURSAT-B1 IRWIN/rad10,1.0,0,validation
2016308N13088,2016-11-05T06:00:00,E:\Cyclone-x-prototype\datas\HURSAT_NI\2016\2016308N13088\2016308N13088.MISSING.2016.11.05.0600.64.HIM-8.025.hursat-b1.v06.nc,2016-11-05T06:00:00,0.0,0,Depression / Weak System,HURSAT-B1 IRWIN/rad10,1.0,0,validation
2016308N13088,2016-11-05T09:00:00,E:\Cyclone-x-prototype\datas\HURSAT_NI\2016\2016308N13088\2016308N13088.MISSING.2016.11.05.0900.41.MET-7.025.hursat-b1.v06.nc,2016-11-05T06:00:00,3.0,0,Depression / Weak System,HURSAT-B1 IRWIN/rad10,1.0,0,validation
2016308N13088,2016-11-05T09:00:00,E:\Cyclone-x-prototype\datas\HURSAT_NI\2016\2016308N13088\2016308N13088.MISSING.2016.11.05.0900.63.HIM-8.025.hursat-b1.v06.nc,2016-11-05T06:00:00,3.0,0,Depression / Weak System,HURSAT-B1 IRWIN/rad10,1.0,0,validation
2016308N13088,2016-11-05T12:00:00,E:\Cyclone-x-prototype\datas\HURSAT_NI\2016\2016308N13088\2016308N13088.MISSING.2016.11.05.1200.42.MET-7.025.hursat-b1.v06.nc,2016-11-05T12:00:00,0.0,0,Depression / Weak System,HURSAT-B1 IRWIN/rad10,1.0,0,validation
2016308N13088,2016-11-05T12:00:00,E:\Cyclone-x-prototype\datas\HURSAT_NI\2016\2016308N13088\2016308N13088.MISSING.2016.11.05.1200.62.HIM-8.025.hursat-b1.v06.nc,2016-11-05T12:00:00,0.0,0,Depression / Weak System,HURSAT-B1 IRWIN/rad10,1.0,0,validation
2016308N13088,2016-11-05T15:00:00,E:\Cyclone-x-prototype\datas\HURSAT_NI\2016\2016308N13088\2016308N13088.MISSING.2016.11.05.1500.43.MET-7.025.hursat-b1.v06.nc,2016-11-05T12:00:00,3.0,0,Depression / Weak System,HURSAT-B1 IRWIN/rad10,1.0,0,validation
2016308N13088,2016-11-05T15:00:00,E:\Cyclone-x-prototype\datas\HURSAT_NI\2016\2016308N13088\2016308N13088.MISSING.2016.11.05.1500.62.HIM-8.025.hursat-b1.v06.nc,2016-11-05T12:00:00,3.0,0,Depression / Weak System,HURSAT-B1 IRWIN/rad10,1.0,0,validation
2016308N13088,2016-11-05T18:00:00,E:\Cyclone-x-prototype\datas\HURSAT_NI\2016\2016308N13088\2016308N13088.MISSING.2016.11.05.1800.43.MET-7.025.hursat-b1.v06.nc,2016-11-05T18:00:00,0.0,0,Depression / Weak System,HURSAT-B1 IRWIN/rad10,1.0,0,validation
2016308N13088,2016-11-05T18:00:00,E:\Cyclone-x-prototype\datas\HURSAT_NI\2016\2016308N13088\2016308N13088.MISSING.2016.11.05.1800.62.HIM-8.025.hursat-b1.v06.nc,2016-11-05T18:00:00,0.0,0,Depression / Weak System,HURSAT-B1 IRWIN/rad10,1.0,0,validation
2016308N13088,2016-11-05T21:00:00,E:\Cyclone-x-prototype\datas\HURSAT_NI\2016\2016308N13088\2016308N13088.MISSING.2016.11.05.2100.44.MET-7.025.hursat-b1.v06.nc,2016-11-05T18:00:00,3.0,0,Depression / Weak System,HURSAT-B1 IRWIN/rad10,1.0,0,validation
2016308N13088,2016-11-05T21:00:00,E:\Cyclone-x-prototype\datas\HURSAT_NI\2016\2016308N13088\2016308N13088.MISSING.2016.11.05.2100.61.HIM-8.025.hursat-b1.v06.nc,2016-11-05T18:00:00,3.0,0,Depression / Weak System,HURSAT-B1 IRWIN/rad10,1.0,0,validation
2016308N13088,2016-11-06T00:00:00,E:\Cyclone-x-prototype\datas\HURSAT_NI\2016\2016308N13088\2016308N13088.MISSING.2016.11.06.0000.45.MET-7.025.hursat-b1.v06.nc,2016-11-06T00:00:00,0.0,0,Depression / Weak System,HURSAT-B1 IRWIN/rad10,1.0,0,validation
2016308N13088,2016-11-06T00:00:00,E:\Cyclone-x-prototype\datas\HURSAT_NI\2016\2016308N13088\2016308N13088.MISSING.2016.11.06.0000.61.HIM-8.025.hursat-b1.v06.nc,2016-11-06T00:00:00,0.0,0,Depression / Weak System,HURSAT-B1 IRWIN/rad10,1.0,0,validation
2016308N13088,2016-11-06T03:00:00,E:\Cyclone-x-prototype\datas\HURSAT_NI\2016\2016308N13088\2016308N13088.MISSING.2016.11.06.0300.46.MET-7.025.hursat-b1.v06.nc,2016-11-06T03:00:00,0.0,0,Depression / Weak System,HURSAT-B1 IRWIN/rad10,1.0,0,validation
2016308N13088,2016-11-06T03:00:00,E:\Cyclone-x-prototype\datas\HURSAT_NI\2016\2016308N13088\2016308N13088.MISSING.2016.11.06.0300.60.HIM-8.025.hursat-b1.v06.nc,2016-11-06T03:00:00,0.0,0,Depression / Weak System,HURSAT-B1 IRWIN/rad10,1.0,0,validation
2016308N13088,2016-11-06T06:00:00,E:\Cyclone-x-prototype\datas\HURSAT_NI\2016\2016308N13088\2016308N13088.MISSING.2016.11.06.0600.47.MET-7.025.hursat-b1.v06.nc,2016-11-06T06:00:00,0.0,0,Depression / Weak System,HURSAT-B1 IRWIN/rad10,1.0,0,validation
2016308N13088,2016-11-06T06:00:00,E:\Cyclone-x-prototype\datas\HURSAT_NI\2016\2016308N13088\2016308N13088.MISSING.2016.11.06.0600.60.HIM-8.025.hursat-b1.v06.nc,2016-11-06T06:00:00,0.0,0,Depression / Weak System,HURSAT-B1 IRWIN/rad10,1.0,0,validation
2016308N13088,2016-11-06T09:00:00,E:\Cyclone-x-prototype\datas\HURSAT_NI\2016\2016308N13088\2016308N13088.MISSING.2016.11.06.0900.47.MET-7.025.hursat-b1.v06.nc,2016-11-06T09:00:00,0.0,0,Depression / Weak System,HURSAT-B1 IRWIN/rad10,1.0,0,validation
2016308N13088,2016-11-06T09:00:00,E:\Cyclone-x-prototype\datas\HURSAT_NI\2016\2016308N13088\2016308N13088.MISSING.2016.11.06.0900.60.HIM-8.025.hursat-b1.v06.nc,2016-11-06T09:00:00,0.0,0,Depression / Weak System,HURSAT-B1 IRWIN/rad10,1.0,0,validation
2016335N07088,2016-11-29T15:00:00,E:\Cyclone-x-prototype\datas\HURSAT_NI\2016\2016335N07088\2016335N07088.NADA.2016.11.29.1500.36.MET-7.027.hursat-b1.v06.nc,2016-11-29T12:00:00,3.0,0,Depression / Weak System,HURSAT-B1 IRWIN/rad10,1.0,0,train
2016335N07088,2016-11-29T15:00:00,E:\Cyclone-x-prototype\datas\HURSAT_NI\2016\2016335N07088\2016335N07088.NADA.2016.11.29.1500.62.HIM-8.027.hursat-b1.v06.nc,2016-11-29T12:00:00,3.0,0,Depression / Weak System,HURSAT-B1 IRWIN/rad10,1.0,0,train
2016335N07088,2016-11-29T18:00:00,E:\Cyclone-x-prototype\datas\HURSAT_NI\2016\2016335N07088\2016335N07088.NADA.2016.11.29.1800.36.MET-7.031.hursat-b1.v06.nc,2016-11-29T18:00:00,0.0,0,Depression / Weak System,HURSAT-B1 IRWIN/rad10,1.0,0,train
2016335N07088,2016-11-29T18:00:00,E:\Cyclone-x-prototype\datas\HURSAT_NI\2016\2016335N07088\2016335N07088.NADA.2016.11.29.1800.62.HIM-8.031.hursat-b1.v06.nc,2016-11-29T18:00:00,0.0,0,Depression / Weak System,HURSAT-B1 IRWIN/rad10,1.0,0,train
2016335N07088,2016-11-29T21:00:00,E:\Cyclone-x-prototype\datas\HURSAT_NI\2016\2016335N07088\2016335N07088.NADA.2016.11.29.2100.35.MET-7.034.hursat-b1.v06.nc,2016-11-29T18:00:00,3.0,0,Depression / Weak System,HURSAT-B1 IRWIN/rad10,1.0,0,train
2016335N07088,2016-11-29T21:00:00,E:\Cyclone-x-prototype\datas\HURSAT_NI\2016\2016335N07088\2016335N07088.NADA.2016.11.29.2100.63.HIM-8.034.hursat-b1.v06.nc,2016-11-29T18:00:00,3.0,0,Depression / Weak System,HURSAT-B1 IRWIN/rad10,1.0,0,train
2016335N07088,2016-11-30T00:00:00,E:\Cyclone-x-prototype\datas\HURSAT_NI\2016\2016335N07088\2016335N07088.NADA.2016.11.30.0000.35.MET-7.036.hursat-b1.v06.nc,2016-11-30T00:00:00,0.0,0,Depression / Weak System,HURSAT-B1 IRWIN/rad10,1.0,0,train
2016335N07088,2016-11-30T00:00:00,E:\Cyclone-x-prototype\datas\HURSAT_NI\2016\2016335N07088\2016335N07088.NADA.2016.11.30.0000.63.HIM-8.036.hursat-b1.v06.nc,2016-11-30T00:00:00,0.0,0,Depression / Weak System,HURSAT-B1 IRWIN/rad10,1.0,0,train
2016335N07088,2016-11-30T03:00:00,E:\Cyclone-x-prototype\datas\HURSAT_NI\2016\2016335N07088\2016335N07088.NADA.2016.11.30.0300.35.MET-7.039.hursat-b1.v06.nc,2016-11-30T03:00:00,0.0,1,Cyclonic Storm,HURSAT-B1 IRWIN/rad10,1.0,0,train
2016335N07088,2016-11-30T03:00:00,E:\Cyclone-x-prototype\datas\HURSAT_NI\2016\2016335N07088\2016335N07088.NADA.2016.11.30.0300.64.HIM-8.039.hursat-b1.v06.nc,2016-11-30T03:00:00,0.0,1,Cyclonic Storm,HURSAT-B1 IRWIN/rad10,1.0,0,train
2016335N07088,2016-11-30T06:00:00,E:\Cyclone-x-prototype\datas\HURSAT_NI\2016\2016335N07088\2016335N07088.NADA.2016.11.30.0600.34.MET-7.041.hursat-b1.v06.nc,2016-11-30T06:00:00,0.0,1,Cyclonic Storm,HURSAT-B1 IRWIN/rad10,1.0,0,train
2016335N07088,2016-11-30T06:00:00,E:\Cyclone-x-prototype\datas\HURSAT_NI\2016\2016335N07088\2016335N07088.NADA.2016.11.30.0600.64.HIM-8.041.hursat-b1.v06.nc,2016-11-30T06:00:00,0.0,1,Cyclonic Storm,HURSAT-B1 IRWIN/rad10,1.0,0,train
2016335N07088,2016-11-30T09:00:00,E:\Cyclone-x-prototype\datas\HURSAT_NI\2016\2016335N07088\2016335N07088.NADA.2016.11.30.0900.34.MET-7.041.hursat-b1.v06.nc,2016-11-30T09:00:00,0.0,1,Cyclonic Storm,HURSAT-B1 IRWIN/rad10,1.0,0,train
2016335N07088,2016-11-30T09:00:00,E:\Cyclone-x-prototype\datas\HURSAT_NI\2016\2016335N07088\2016335N07088.NADA.2016.11.30.0900.65.HIM-8.041.hursat-b1.v06.nc,2016-11-30T09:00:00,0.0,1,Cyclonic Storm,HURSAT-B1 IRWIN/rad10,1.0,0,train
2016335N07088,2016-11-30T12:00:00,E:\Cyclone-x-prototype\datas\HURSAT_NI\2016\2016335N07088\2016335N07088.NADA.2016.11.30.1200.33.MET-7.042.hursat-b1.v06.nc,2016-11-30T12:00:00,0.0,1,Cyclonic Storm,HURSAT-B1 IRWIN/rad10,1.0,0,train
2016335N07088,2016-11-30T12:00:00,E:\Cyclone-x-prototype\datas\HURSAT_NI\2016\2016335N07088\2016335N07088.NADA.2016.11.30.1200.66.HIM-8.042.hursat-b1.v06.nc,2016-11-30T12:00:00,0.0,1,Cyclonic Storm,HURSAT-B1 IRWIN/rad10,1.0,0,train
2016335N07088,2016-11-30T15:00:00,E:\Cyclone-x-prototype\datas\HURSAT_NI\2016\2016335N07088\2016335N07088.NADA.2016.11.30.1500.33.MET-7.042.hursat-b1.v06.nc,2016-11-30T15:00:00,0.0,1,Cyclonic Storm,HURSAT-B1 IRWIN/rad10,1.0,0,train
2016335N07088,2016-11-30T15:00:00,E:\Cyclone-x-prototype\datas\HURSAT_NI\2016\2016335N07088\2016335N07088.NADA.2016.11.30.1500.66.HIM-8.042.hursat-b1.v06.nc,2016-11-30T15:00:00,0.0,1,Cyclonic Storm,HURSAT-B1 IRWIN/rad10,1.0,0,train
2016335N07088,2016-11-30T18:00:00,E:\Cyclone-x-prototype\datas\HURSAT_NI\2016\2016335N07088\2016335N07088.NADA.2016.11.30.1800.32.MET-7.042.hursat-b1.v06.nc,2016-11-30T18:00:00,0.0,1,Cyclonic Storm,HURSAT-B1 IRWIN/rad10,1.0,0,train
2016335N07088,2016-11-30T18:00:00,E:\Cyclone-x-prototype\datas\HURSAT_NI\2016\2016335N07088\2016335N07088.NADA.2016.11.30.1800.67.HIM-8.042.hursat-b1.v06.nc,2016-11-30T18:00:00,0.0,1,Cyclonic Storm,HURSAT-B1 IRWIN/rad10,1.0,0,train
2016335N07088,2016-11-30T21:00:00,E:\Cyclone-x-prototype\datas\HURSAT_NI\2016\2016335N07088\2016335N07088.NADA.2016.11.30.2100.32.MET-7.040.hursat-b1.v06.nc,2016-11-30T21:00:00,0.0,1,Cyclonic Storm,HURSAT-B1 IRWIN/rad10,1.0,0,train
2016335N07088,2016-11-30T21:00:00,E:\Cyclone-x-prototype\datas\HURSAT_NI\2016\2016335N07088\2016335N07088.NADA.2016.11.30.2100.67.HIM-8.040.hursat-b1.v06.nc,2016-11-30T21:00:00,0.0,1,Cyclonic Storm,HURSAT-B1 IRWIN/rad10,1.0,0,train
2016335N07088,2016-12-01T00:00:00,E:\Cyclone-x-prototype\datas\HURSAT_NI\2016\2016335N07088\2016335N07088.NADA.2016.12.01.0000.31.MET-7.037.hursat-b1.v06.nc,2016-12-01T00:00:00,0.0,1,Cyclonic Storm,HURSAT-B1 IRWIN/rad10,1.0,0,train
2016335N07088,2016-12-01T00:00:00,E:\Cyclone-x-prototype\datas\HURSAT_NI\2016\2016335N07088\2016335N07088.NADA.2016.12.01.0000.68.HIM-8.037.hursat-b1.v06.nc,2016-12-01T00:00:00,0.0,1,Cyclonic Storm,HURSAT-B1 IRWIN/rad10,1.0,0,train
2016335N07088,2016-12-01T03:00:00,E:\Cyclone-x-prototype\datas\HURSAT_NI\2016\2016335N07088\2016335N07088.NADA.2016.12.01.0300.31.MET-7.036.hursat-b1.v06.nc,2016-12-01T03:00:00,0.0,0,Depression / Weak System,HURSAT-B1 IRWIN/rad10,1.0,0,train
2016335N07088,2016-12-01T03:00:00,E:\Cyclone-x-prototype\datas\HURSAT_NI\2016\2016335N07088\2016335N07088.NADA.2016.12.01.0300.68.HIM-8.036.hursat-b1.v06.nc,2016-12-01T03:00:00,0.0,0,Depression / Weak System,HURSAT-B1 IRWIN/rad10,1.0,0,train
2016335N07088,2016-12-01T06:00:00,E:\Cyclone-x-prototype\datas\HURSAT_NI\2016\2016335N07088\2016335N07088.NADA.2016.12.01.0600.31.MET-7.036.hursat-b1.v06.nc,2016-12-01T06:00:00,0.0,0,Depression / Weak System,HURSAT-B1 IRWIN/rad10,1.0,0,train
2016335N07088,2016-12-01T06:00:00,E:\Cyclone-x-prototype\datas\HURSAT_NI\2016\2016335N07088\2016335N07088.NADA.2016.12.01.0600.69.HIM-8.036.hursat-b1.v06.nc,2016-12-01T06:00:00,0.0,0,Depression / Weak System,HURSAT-B1 IRWIN/rad10,1.0,0,train
2016335N07088,2016-12-01T09:00:00,E:\Cyclone-x-prototype\datas\HURSAT_NI\2016\2016335N07088\2016335N07088.NADA.2016.12.01.0900.31.MET-7.034.hursat-b1.v06.nc,2016-12-01T06:00:00,3.0,0,Depression / Weak System,HURSAT-B1 IRWIN/rad10,1.0,0,train
2016335N07088,2016-12-01T09:00:00,E:\Cyclone-x-prototype\datas\HURSAT_NI\2016\2016335N07088\2016335N07088.NADA.2016.12.01.0900.69.HIM-8.034.hursat-b1.v06.nc,2016-12-01T06:00:00,3.0,0,Depression / Weak System,HURSAT-B1 IRWIN/rad10,1.0,0,train
2016335N07088,2016-12-01T12:00:00,E:\Cyclone-x-prototype\datas\HURSAT_NI\2016\2016335N07088\2016335N07088.NADA.2016.12.01.1200.30.MET-7.033.hursat-b1.v06.nc,2016-12-01T12:00:00,0.0,0,Depression / Weak System,HURSAT-B1 IRWIN/rad10,1.0,0,train
2016335N07088,2016-12-01T12:00:00,E:\Cyclone-x-prototype\datas\HURSAT_NI\2016\2016335N07088\2016335N07088.NADA.2016.12.01.1200.69.HIM-8.033.hursat-b1.v06.nc,2016-12-01T12:00:00,0.0,0,Depression / Weak System,HURSAT-B1 IRWIN/rad10,1.0,0,train
2016335N07088,2016-12-01T15:00:00,E:\Cyclone-x-prototype\datas\HURSAT_NI\2016\2016335N07088\2016335N07088.NADA.2016.12.01.1500.30.MET-7.027.hursat-b1.v06.nc,2016-12-01T12:00:00,3.0,0,Depression / Weak System,HURSAT-B1 IRWIN/rad10,1.0,0,train
2016335N07088,2016-12-01T15:00:00,E:\Cyclone-x-prototype\datas\HURSAT_NI\2016\2016335N07088\2016335N07088.NADA.2016.12.01.1500.70.HIM-8.027.hursat-b1.v06.nc,2016-12-01T12:00:00,3.0,0,Depression / Weak System,HURSAT-B1 IRWIN/rad10,1.0,0,train
2016335N07088,2016-12-01T18:00:00,E:\Cyclone-x-prototype\datas\HURSAT_NI\2016\2016335N07088\2016335N07088.NADA.2016.12.01.1800.30.MET-7.024.hursat-b1.v06.nc,2016-12-01T18:00:00,0.0,0,Depression / Weak System,HURSAT-B1 IRWIN/rad10,1.0,0,train
2016335N07088,2016-12-01T18:00:00,E:\Cyclone-x-prototype\datas\HURSAT_NI\2016\2016335N07088\2016335N07088.NADA.2016.12.01.1800.70.HIM-8.024.hursat-b1.v06.nc,2016-12-01T18:00:00,0.0,0,Depression / Weak System,HURSAT-B1 IRWIN/rad10,1.0,0,train
2016335N07088,2016-12-01T21:00:00,E:\Cyclone-x-prototype\datas\HURSAT_NI\2016\2016335N07088\2016335N07088.NADA.2016.12.01.2100.30.MET-7.022.hursat-b1.v06.nc,2016-12-01T18:00:00,3.0,0,Depression / Weak System,HURSAT-B1 IRWIN/rad10,1.0,0,train
2016335N07088,2016-12-01T21:00:00,E:\Cyclone-x-prototype\datas\HURSAT_NI\2016\2016335N07088\2016335N07088.NADA.2016.12.01.2100.70.HIM-8.022.hursat-b1.v06.nc,2016-12-01T18:00:00,3.0,0,Depression / Weak System,HURSAT-B1 IRWIN/rad10,1.0,0,train
2016335N07088,2016-12-02T00:00:00,E:\Cyclone-x-prototype\datas\HURSAT_NI\2016\2016335N07088\2016335N07088.NADA.2016.12.02.0000.29.MET-7.021.hursat-b1.v06.nc,2016-12-02T00:00:00,0.0,0,Depression / Weak System,HURSAT-B1 IRWIN/rad10,1.0,0,train
2016335N07088,2016-12-02T00:00:00,E:\Cyclone-x-prototype\datas\HURSAT_NI\2016\2016335N07088\2016335N07088.NADA.2016.12.02.0000.70.HIM-8.021.hursat-b1.v06.nc,2016-12-02T00:00:00,0.0,0,Depression / Weak System,HURSAT-B1 IRWIN/rad10,1.0,0,train
2016335N07088,2016-12-02T03:00:00,E:\Cyclone-x-prototype\datas\HURSAT_NI\2016\2016335N07088\2016335N07088.NADA.2016.12.02.0300.29.MET-7.018.hursat-b1.v06.nc,2016-12-02T00:00:00,3.0,0,Depression / Weak System,HURSAT-B1 IRWIN/rad10,1.0,0,train
2016335N07088,2016-12-02T03:00:00,E:\Cyclone-x-prototype\datas\HURSAT_NI\2016\2016335N07088\2016335N07088.NADA.2016.12.02.0300.71.HIM-8.018.hursat-b1.v06.nc,2016-12-02T00:00:00,3.0,0,Depression / Weak System,HURSAT-B1 IRWIN/rad10,1.0,0,train
2016341N08092,2016-12-06T09:00:00,E:\Cyclone-x-prototype\datas\HURSAT_NI\2016\2016341N08092\2016341N08092.VARDAH.2016.12.06.0900.41.MET-7.026.hursat-b1.v06.nc,2016-12-06T09:00:00,0.0,0,Depression / Weak System,HURSAT-B1 IRWIN/rad10,1.0,0,train
2016341N08092,2016-12-06T09:00:00,E:\Cyclone-x-prototype\datas\HURSAT_NI\2016\2016341N08092\2016341N08092.VARDAH.2016.12.06.0900.57.HIM-8.026.hursat-b1.v06.nc,2016-12-06T09:00:00,0.0,0,Depression / Weak System,HURSAT-B1 IRWIN/rad10,1.0,0,train
2016341N08092,2016-12-06T12:00:00,E:\Cyclone-x-prototype\datas\HURSAT_NI\2016\2016341N08092\2016341N08092.VARDAH.2016.12.06.1200.41.MET-7.026.hursat-b1.v06.nc,2016-12-06T12:00:00,0.0,0,Depression / Weak System,HURSAT-B1 IRWIN/rad10,1.0,0,train
2016341N08092,2016-12-06T12:00:00,E:\Cyclone-x-prototype\datas\HURSAT_NI\2016\2016341N08092\2016341N08092.VARDAH.2016.12.06.1200.58.HIM-8.026.hursat-b1.v06.nc,2016-12-06T12:00:00,0.0,0,Depression / Weak System,HURSAT-B1 IRWIN/rad10,1.0,0,train
2016341N08092,2016-12-06T15:00:00,E:\Cyclone-x-prototype\datas\HURSAT_NI\2016\2016341N08092\2016341N08092.VARDAH.2016.12.06.1500.41.MET-7.026.hursat-b1.v06.nc,2016-12-06T12:00:00,3.0,0,Depression / Weak System,HURSAT-B1 IRWIN/rad10,1.0,0,train
2016341N08092,2016-12-06T15:00:00,E:\Cyclone-x-prototype\datas\HURSAT_NI\2016\2016341N08092\2016341N08092.VARDAH.2016.12.06.1500.58.HIM-8.026.hursat-b1.v06.nc,2016-12-06T12:00:00,3.0,0,Depression / Weak System,HURSAT-B1 IRWIN/rad10,1.0,0,train
2016341N08092,2016-12-06T18:00:00,E:\Cyclone-x-prototype\datas\HURSAT_NI\2016\2016341N08092\2016341N08092.VARDAH.2016.12.06.1800.41.MET-7.026.hursat-b1.v06.nc,2016-12-06T18:00:00,0.0,0,Depression / Weak System,HURSAT-B1 IRWIN/rad10,1.0,0,train
2016341N08092,2016-12-06T18:00:00,E:\Cyclone-x-prototype\datas\HURSAT_NI\2016\2016341N08092\2016341N08092.VARDAH.2016.12.06.1800.58.HIM-8.026.hursat-b1.v06.nc,2016-12-06T18:00:00,0.0,0,Depression / Weak System,HURSAT-B1 IRWIN/rad10,1.0,0,train
2016341N08092,2016-12-06T21:00:00,E:\Cyclone-x-prototype\datas\HURSAT_NI\2016\2016341N08092\2016341N08092.VARDAH.2016.12.06.2100.41.MET-7.026.hursat-b1.v06.nc,2016-12-06T18:00:00,3.0,0,Depression / Weak System,HURSAT-B1 IRWIN/rad10,1.0,0,train
2016341N08092,2016-12-06T21:00:00,E:\Cyclone-x-prototype\datas\HURSAT_NI\2016\2016341N08092\2016341N08092.VARDAH.2016.12.06.2100.58.HIM-8.026.hursat-b1.v06.nc,2016-12-06T18:00:00,3.0,0,Depression / Weak System,HURSAT-B1 IRWIN/rad10,1.0,0,train
2016341N08092,2016-12-07T00:00:00,E:\Cyclone-x-prototype\datas\HURSAT_NI\2016\2016341N08092\2016341N08092.VARDAH.2016.12.07.0000.41.MET-7.026.hursat-b1.v06.nc,2016-12-07T00:00:00,0.0,0,Depression / Weak System,HURSAT-B1 IRWIN/rad10,1.0,0,train
2016341N08092,2016-12-07T00:00:00,E:\Cyclone-x-prototype\datas\HURSAT_NI\2016\2016341N08092\2016341N08092.VARDAH.2016.12.07.0000.58.HIM-8.026.hursat-b1.v06.nc,2016-12-07T00:00:00,0.0,0,Depression / Weak System,HURSAT-B1 IRWIN/rad10,1.0,0,train
2016341N08092,2016-12-07T03:00:00,E:\Cyclone-x-prototype\datas\HURSAT_NI\2016\2016341N08092\2016341N08092.VARDAH.2016.12.07.0300.41.MET-7.026.hursat-b1.v06.nc,2016-12-07T03:00:00,0.0,0,Depression / Weak System,HURSAT-B1 IRWIN/rad10,1.0,0,train
2016341N08092,2016-12-07T03:00:00,E:\Cyclone-x-prototype\datas\HURSAT_NI\2016\2016341N08092\2016341N08092.VARDAH.2016.12.07.0300.58.HIM-8.026.hursat-b1.v06.nc,2016-12-07T03:00:00,0.0,0,Depression / Weak System,HURSAT-B1 IRWIN/rad10,1.0,0,train
2016341N08092,2016-12-07T06:00:00,E:\Cyclone-x-prototype\datas\HURSAT_NI\2016\2016341N08092\2016341N08092.VARDAH.2016.12.07.0600.41.MET-7.026.hursat-b1.v06.nc,2016-12-07T06:00:00,0.0,0,Depression / Weak System,HURSAT-B1 IRWIN/rad10,1.0,0,train
2016341N08092,2016-12-07T06:00:00,E:\Cyclone-x-prototype\datas\HURSAT_NI\2016\2016341N08092\2016341N08092.VARDAH.2016.12.07.0600.58.HIM-8.026.hursat-b1.v06.nc,2016-12-07T06:00:00,0.0,0,Depression / Weak System,HURSAT-B1 IRWIN/rad10,1.0,0,train
2016341N08092,2016-12-07T09:00:00,E:\Cyclone-x-prototype\datas\HURSAT_NI\2016\2016341N08092\2016341N08092.VARDAH.2016.12.07.0900.41.MET-7.026.hursat-b1.v06.nc,2016-12-07T06:00:00,3.0,0,Depression / Weak System,HURSAT-B1 IRWIN/rad10,1.0,0,train
2016341N08092,2016-12-07T09:00:00,E:\Cyclone-x-prototype\datas\HURSAT_NI\2016\2016341N08092\2016341N08092.VARDAH.2016.12.07.0900.58.HIM-8.026.hursat-b1.v06.nc,2016-12-07T06:00:00,3.0,0,Depression / Weak System,HURSAT-B1 IRWIN/rad10,1.0,0,train
2016341N08092,2016-12-07T12:00:00,E:\Cyclone-x-prototype\datas\HURSAT_NI\2016\2016341N08092\2016341N08092.VARDAH.2016.12.07.1200.42.MET-7.030.hursat-b1.v06.nc,2016-12-07T12:00:00,0.0,0,Depression / Weak System,HURSAT-B1 IRWIN/rad10,1.0,0,train
2016341N08092,2016-12-07T12:00:00,E:\Cyclone-x-prototype\datas\HURSAT_NI\2016\2016341N08092\2016341N08092.VARDAH.2016.12.07.1200.58.HIM-8.030.hursat-b1.v06.nc,2016-12-07T12:00:00,0.0,0,Depression / Weak System,HURSAT-B1 IRWIN/rad10,1.0,0,train
2016341N08092,2016-12-07T15:00:00,E:\Cyclone-x-prototype\datas\HURSAT_NI\2016\2016341N08092\2016341N08092.VARDAH.2016.12.07.1500.42.MET-7.032.hursat-b1.v06.nc,2016-12-07T12:00:00,3.0,0,Depression / Weak System,HURSAT-B1 IRWIN/rad10,1.0,0,train
2016341N08092,2016-12-07T15:00:00,E:\Cyclone-x-prototype\datas\HURSAT_NI\2016\2016341N08092\2016341N08092.VARDAH.2016.12.07.1500.58.HIM-8.032.hursat-b1.v06.nc,2016-12-07T12:00:00,3.0,0,Depression / Weak System,HURSAT-B1 IRWIN/rad10,1.0,0,train
2016341N08092,2016-12-07T18:00:00,E:\Cyclone-x-prototype\datas\HURSAT_NI\2016\2016341N08092\2016341N08092.VARDAH.2016.12.07.1800.42.MET-7.034.hursat-b1.v06.nc,2016-12-07T18:00:00,0.0,0,Depression / Weak System,HURSAT-B1 IRWIN/rad10,1.0,0,train
2016341N08092,2016-12-07T18:00:00,E:\Cyclone-x-prototype\datas\HURSAT_NI\2016\2016341N08092\2016341N08092.VARDAH.2016.12.07.1800.58.HIM-8.034.hursat-b1.v06.nc,2016-12-07T18:00:00,0.0,0,Depression / Weak System,HURSAT-B1 IRWIN/rad10,1.0,0,train
2016341N08092,2016-12-07T21:00:00,E:\Cyclone-x-prototype\datas\HURSAT_NI\2016\2016341N08092\2016341N08092.VARDAH.2016.12.07.2100.42.MET-7.037.hursat-b1.v06.nc,2016-12-07T18:00:00,3.0,0,Depression / Weak System,HURSAT-B1 IRWIN/rad10,1.0,0,train
2016341N08092,2016-12-07T21:00:00,E:\Cyclone-x-prototype\datas\HURSAT_NI\2016\2016341N08092\2016341N08092.VARDAH.2016.12.07.2100.58.HIM-8.037.hursat-b1.v06.nc,2016-12-07T18:00:00,3.0,0,Depression / Weak System,HURSAT-B1 IRWIN/rad10,1.0,0,train
2016341N08092,2016-12-08T00:00:00,E:\Cyclone-x-prototype\datas\HURSAT_NI\2016\2016341N08092\2016341N08092.VARDAH.2016.12.08.0000.42.MET-7.041.hursat-b1.v06.nc,2016-12-08T00:00:00,0.0,1,Cyclonic Storm,HURSAT-B1 IRWIN/rad10,1.0,0,train
2016341N08092,2016-12-08T00:00:00,E:\Cyclone-x-prototype\datas\HURSAT_NI\2016\2016341N08092\2016341N08092.VARDAH.2016.12.08.0000.58.HIM-8.041.hursat-b1.v06.nc,2016-12-08T00:00:00,0.0,1,Cyclonic Storm,HURSAT-B1 IRWIN/rad10,1.0,0,train
2016341N08092,2016-12-08T03:00:00,E:\Cyclone-x-prototype\datas\HURSAT_NI\2016\2016341N08092\2016341N08092.VARDAH.2016.12.08.0300.42.MET-7.041.hursat-b1.v06.nc,2016-12-08T03:00:00,0.0,1,Cyclonic Storm,HURSAT-B1 IRWIN/rad10,1.0,0,train
2016341N08092,2016-12-08T03:00:00,E:\Cyclone-x-prototype\datas\HURSAT_NI\2016\2016341N08092\2016341N08092.VARDAH.2016.12.08.0300.58.HIM-8.041.hursat-b1.v06.nc,2016-12-08T03:00:00,0.0,1,Cyclonic Storm,HURSAT-B1 IRWIN/rad10,1.0,0,train
2016341N08092,2016-12-08T06:00:00,E:\Cyclone-x-prototype\datas\HURSAT_NI\2016\2016341N08092\2016341N08092.VARDAH.2016.12.08.0600.42.MET-7.041.hursat-b1.v06.nc,2016-12-08T06:00:00,0.0,1,Cyclonic Storm,HURSAT-B1 IRWIN/rad10,1.0,0,train
2016341N08092,2016-12-08T06:00:00,E:\Cyclone-x-prototype\datas\HURSAT_NI\2016\2016341N08092\2016341N08092.VARDAH.2016.12.08.0600.58.HIM-8.041.hursat-b1.v06.nc,2016-12-08T06:00:00,0.0,1,Cyclonic Storm,HURSAT-B1 IRWIN/rad10,1.0,0,train
2016341N08092,2016-12-08T09:00:00,E:\Cyclone-x-prototype\datas\HURSAT_NI\2016\2016341N08092\2016341N08092.VARDAH.2016.12.08.0900.42.MET-7.041.hursat-b1.v06.nc,2016-12-08T09:00:00,0.0,1,Cyclonic Storm,HURSAT-B1 IRWIN/rad10,1.0,0,train
2016341N08092,2016-12-08T09:00:00,E:\Cyclone-x-prototype\datas\HURSAT_NI\2016\2016341N08092\2016341N08092.VARDAH.2016.12.08.0900.58.HIM-8.041.hursat-b1.v06.nc,2016-12-08T09:00:00,0.0,1,Cyclonic Storm,HURSAT-B1 IRWIN/rad10,1.0,0,train
2016341N08092,2016-12-08T12:00:00,E:\Cyclone-x-prototype\datas\HURSAT_NI\2016\2016341N08092\2016341N08092.VARDAH.2016.12.08.1200.42.MET-7.042.hursat-b1.v06.nc,2016-12-08T12:00:00,0.0,1,Cyclonic Storm,HURSAT-B1 IRWIN/rad10,1.0,0,train
2016341N08092,2016-12-08T12:00:00,E:\Cyclone-x-prototype\datas\HURSAT_NI\2016\2016341N08092\2016341N08092.VARDAH.2016.12.08.1200.58.HIM-8.042.hursat-b1.v06.nc,2016-12-08T12:00:00,0.0,1,Cyclonic Storm,HURSAT-B1 IRWIN/rad10,1.0,0,train
2016341N08092,2016-12-08T15:00:00,E:\Cyclone-x-prototype\datas\HURSAT_NI\2016\2016341N08092\2016341N08092.VARDAH.2016.12.08.1500.42.MET-7.042.hursat-b1.v06.nc,2016-12-08T15:00:00,0.0,1,Cyclonic Storm,HURSAT-B1 IRWIN/rad10,1.0,0,train
2016341N08092,2016-12-08T15:00:00,E:\Cyclone-x-prototype\datas\HURSAT_NI\2016\2016341N08092\2016341N08092.VARDAH.2016.12.08.1500.58.HIM-8.042.hursat-b1.v06.nc,2016-12-08T15:00:00,0.0,1,Cyclonic Storm,HURSAT-B1 IRWIN/rad10,1.0,0,train
2016341N08092,2016-12-08T18:00:00,E:\Cyclone-x-prototype\datas\HURSAT_NI\2016\2016341N08092\2016341N08092.VARDAH.2016.12.08.1800.42.MET-7.042.hursat-b1.v06.nc,2016-12-08T18:00:00,0.0,1,Cyclonic Storm,HURSAT-B1 IRWIN/rad10,1.0,0,train
2016341N08092,2016-12-08T18:00:00,E:\Cyclone-x-prototype\datas\HURSAT_NI\2016\2016341N08092\2016341N08092.VARDAH.2016.12.08.1800.58.HIM-8.042.hursat-b1.v06.nc,2016-12-08T18:00:00,0.0,1,Cyclonic Storm,HURSAT-B1 IRWIN/rad10,1.0,0,train
2016341N08092,2016-12-08T21:00:00,E:\Cyclone-x-prototype\datas\HURSAT_NI\2016\2016341N08092\2016341N08092.VARDAH.2016.12.08.2100.42.MET-7.042.hursat-b1.v06.nc,2016-12-08T21:00:00,0.0,1,Cyclonic Storm,HURSAT-B1 IRWIN/rad10,1.0,0,train
2016341N08092,2016-12-08T21:00:00,E:\Cyclone-x-prototype\datas\HURSAT_NI\2016\2016341N08092\2016341N08092.VARDAH.2016.12.08.2100.58.HIM-8.042.hursat-b1.v06.nc,2016-12-08T21:00:00,0.0,1,Cyclonic Storm,HURSAT-B1 IRWIN/rad10,1.0,0,train
2016341N08092,2016-12-09T00:00:00,E:\Cyclone-x-prototype\datas\HURSAT_NI\2016\2016341N08092\2016341N08092.VARDAH.2016.12.09.0000.42.MET-7.044.hursat-b1.v06.nc,2016-12-09T00:00:00,0.0,1,Cyclonic Storm,HURSAT-B1 IRWIN/rad10,1.0,0,train
2016341N08092,2016-12-09T00:00:00,E:\Cyclone-x-prototype\datas\HURSAT_NI\2016\2016341N08092\2016341N08092.VARDAH.2016.12.09.0000.59.HIM-8.044.hursat-b1.v06.nc,2016-12-09T00:00:00,0.0,1,Cyclonic Storm,HURSAT-B1 IRWIN/rad10,1.0,0,train
2016341N08092,2016-12-09T03:00:00,E:\Cyclone-x-prototype\datas\HURSAT_NI\2016\2016341N08092\2016341N08092.VARDAH.2016.12.09.0300.41.MET-7.044.hursat-b1.v06.nc,2016-12-09T03:00:00,0.0,1,Cyclonic Storm,HURSAT-B1 IRWIN/rad10,1.0,0,train
2016341N08092,2016-12-09T03:00:00,E:\Cyclone-x-prototype\datas\HURSAT_NI\2016\2016341N08092\2016341N08092.VARDAH.2016.12.09.0300.59.HIM-8.044.hursat-b1.v06.nc,2016-12-09T03:00:00,0.0,1,Cyclonic Storm,HURSAT-B1 IRWIN/rad10,1.0,0,train
2016341N08092,2016-12-09T06:00:00,E:\Cyclone-x-prototype\datas\HURSAT_NI\2016\2016341N08092\2016341N08092.VARDAH.2016.12.09.0600.41.MET-7.044.hursat-b1.v06.nc,2016-12-09T06:00:00,0.0,1,Cyclonic Storm,HURSAT-B1 IRWIN/rad10,1.0,0,train
2016341N08092,2016-12-09T06:00:00,E:\Cyclone-x-prototype\datas\HURSAT_NI\2016\2016341N08092\2016341N08092.VARDAH.2016.12.09.0600.59.HIM-8.044.hursat-b1.v06.nc,2016-12-09T06:00:00,0.0,1,Cyclonic Storm,HURSAT-B1 IRWIN/rad10,1.0,0,train
2016341N08092,2016-12-09T09:00:00,E:\Cyclone-x-prototype\datas\HURSAT_NI\2016\2016341N08092\2016341N08092.VARDAH.2016.12.09.0900.41.MET-7.044.hursat-b1.v06.nc,2016-12-09T09:00:00,0.0,1,Cyclonic Storm,HURSAT-B1 IRWIN/rad10,1.0,0,train
2016341N08092,2016-12-09T09:00:00,E:\Cyclone-x-prototype\datas\HURSAT_NI\2016\2016341N08092\2016341N08092.VARDAH.2016.12.09.0900.59.HIM-8.044.hursat-b1.v06.nc,2016-12-09T09:00:00,0.0,1,Cyclonic Storm,HURSAT-B1 IRWIN/rad10,1.0,0,train
2016341N08092,2016-12-09T12:00:00,E:\Cyclone-x-prototype\datas\HURSAT_NI\2016\2016341N08092\2016341N08092.VARDAH.2016.12.09.1200.41.MET-7.045.hursat-b1.v06.nc,2016-12-09T12:00:00,0.0,1,Cyclonic Storm,HURSAT-B1 IRWIN/rad10,1.0,0,train
2016341N08092,2016-12-09T12:00:00,E:\Cyclone-x-prototype\datas\HURSAT_NI\2016\2016341N08092\2016341N08092.VARDAH.2016.12.09.1200.59.HIM-8.045.hursat-b1.v06.nc,2016-12-09T12:00:00,0.0,1,Cyclonic Storm,HURSAT-B1 IRWIN/rad10,1.0,0,train
2016341N08092,2016-12-09T15:00:00,E:\Cyclone-x-prototype\datas\HURSAT_NI\2016\2016341N08092\2016341N08092.VARDAH.2016.12.09.1500.40.MET-7.047.hursat-b1.v06.nc,2016-12-09T15:00:00,0.0,1,Cyclonic Storm,HURSAT-B1 IRWIN/rad10,1.0,0,train
2016341N08092,2016-12-09T15:00:00,E:\Cyclone-x-prototype\datas\HURSAT_NI\2016\2016341N08092\2016341N08092.VARDAH.2016.12.09.1500.60.HIM-8.047.hursat-b1.v06.nc,2016-12-09T15:00:00,0.0,1,Cyclonic Storm,HURSAT-B1 IRWIN/rad10,1.0,0,train
2016341N08092,2016-12-09T18:00:00,E:\Cyclone-x-prototype\datas\HURSAT_NI\2016\2016341N08092\2016341N08092.VARDAH.2016.12.09.1800.40.MET-7.050.hursat-b1.v06.nc,2016-12-09T18:00:00,0.0,1,Cyclonic Storm,HURSAT-B1 IRWIN/rad10,1.0,0,train
2016341N08092,2016-12-09T18:00:00,E:\Cyclone-x-prototype\datas\HURSAT_NI\2016\2016341N08092\2016341N08092.VARDAH.2016.12.09.1800.60.HIM-8.050.hursat-b1.v06.nc,2016-12-09T18:00:00,0.0,1,Cyclonic Storm,HURSAT-B1 IRWIN/rad10,1.0,0,train
2016341N08092,2016-12-09T21:00:00,E:\Cyclone-x-prototype\datas\HURSAT_NI\2016\2016341N08092\2016341N08092.VARDAH.2016.12.09.2100.40.MET-7.052.hursat-b1.v06.nc,2016-12-09T21:00:00,0.0,1,Cyclonic Storm,HURSAT-B1 IRWIN/rad10,1.0,0,train
2016341N08092,2016-12-09T21:00:00,E:\Cyclone-x-prototype\datas\HURSAT_NI\2016\2016341N08092\2016341N08092.VARDAH.2016.12.09.2100.61.HIM-8.052.hursat-b1.v06.nc,2016-12-09T21:00:00,0.0,1,Cyclonic Storm,HURSAT-B1 IRWIN/rad10,1.0,0,train
2016341N08092,2016-12-10T00:00:00,E:\Cyclone-x-prototype\datas\HURSAT_NI\2016\2016341N08092\2016341N08092.VARDAH.2016.12.10.0000.39.MET-7.053.hursat-b1.v06.nc,2016-12-10T00:00:00,0.0,1,Cyclonic Storm,HURSAT-B1 IRWIN/rad10,1.0,0,train
2016341N08092,2016-12-10T00:00:00,E:\Cyclone-x-prototype\datas\HURSAT_NI\2016\2016341N08092\2016341N08092.VARDAH.2016.12.10.0000.61.HIM-8.053.hursat-b1.v06.nc,2016-12-10T00:00:00,0.0,1,Cyclonic Storm,HURSAT-B1 IRWIN/rad10,1.0,0,train
2016341N08092,2016-12-10T03:00:00,E:\Cyclone-x-prototype\datas\HURSAT_NI\2016\2016341N08092\2016341N08092.VARDAH.2016.12.10.0300.39.MET-7.055.hursat-b1.v06.nc,2016-12-10T03:00:00,0.0,1,Cyclonic Storm,HURSAT-B1 IRWIN/rad10,1.0,0,train
2016341N08092,2016-12-10T03:00:00,E:\Cyclone-x-prototype\datas\HURSAT_NI\2016\2016341N08092\2016341N08092.VARDAH.2016.12.10.0300.62.HIM-8.055.hursat-b1.v06.nc,2016-12-10T03:00:00,0.0,1,Cyclonic Storm,HURSAT-B1 IRWIN/rad10,1.0,0,train
2016341N08092,2016-12-10T06:00:00,E:\Cyclone-x-prototype\datas\HURSAT_NI\2016\2016341N08092\2016341N08092.VARDAH.2016.12.10.0600.38.MET-7.057.hursat-b1.v06.nc,2016-12-10T06:00:00,0.0,1,Cyclonic Storm,HURSAT-B1 IRWIN/rad10,1.0,0,train
2016341N08092,2016-12-10T06:00:00,E:\Cyclone-x-prototype\datas\HURSAT_NI\2016\2016341N08092\2016341N08092.VARDAH.2016.12.10.0600.62.HIM-8.057.hursat-b1.v06.nc,2016-12-10T06:00:00,0.0,1,Cyclonic Storm,HURSAT-B1 IRWIN/rad10,1.0,0,train
2016341N08092,2016-12-10T09:00:00,E:\Cyclone-x-prototype\datas\HURSAT_NI\2016\2016341N08092\2016341N08092.VARDAH.2016.12.10.0900.38.MET-7.060.hursat-b1.v06.nc,2016-12-10T09:00:00,0.0,1,Cyclonic Storm,HURSAT-B1 IRWIN/rad10,1.0,0,train
2016341N08092,2016-12-10T09:00:00,E:\Cyclone-x-prototype\datas\HURSAT_NI\2016\2016341N08092\2016341N08092.VARDAH.2016.12.10.0900.63.HIM-8.060.hursat-b1.v06.nc,2016-12-10T09:00:00,0.0,1,Cyclonic Storm,HURSAT-B1 IRWIN/rad10,1.0,0,train
2016341N08092,2016-12-10T12:00:00,E:\Cyclone-x-prototype\datas\HURSAT_NI\2016\2016341N08092\2016341N08092.VARDAH.2016.12.10.1200.37.MET-7.063.hursat-b1.v06.nc,2016-12-10T12:00:00,0.0,2,Severe Cyclone,HURSAT-B1 IRWIN/rad10,1.0,0,train
2016341N08092,2016-12-10T12:00:00,E:\Cyclone-x-prototype\datas\HURSAT_NI\2016\2016341N08092\2016341N08092.VARDAH.2016.12.10.1200.64.HIM-8.063.hursat-b1.v06.nc,2016-12-10T12:00:00,0.0,2,Severe Cyclone,HURSAT-B1 IRWIN/rad10,1.0,0,train
2016341N08092,2016-12-10T15:00:00,E:\Cyclone-x-prototype\datas\HURSAT_NI\2016\2016341N08092\2016341N08092.VARDAH.2016.12.10.1500.37.MET-7.063.hursat-b1.v06.nc,2016-12-10T15:00:00,0.0,2,Severe Cyclone,HURSAT-B1 IRWIN/rad10,1.0,0,train
2016341N08092,2016-12-10T15:00:00,E:\Cyclone-x-prototype\datas\HURSAT_NI\2016\2016341N08092\2016341N08092.VARDAH.2016.12.10.1500.64.HIM-8.063.hursat-b1.v06.nc,2016-12-10T15:00:00,0.0,2,Severe Cyclone,HURSAT-B1 IRWIN/rad10,1.0,0,train
2016341N08092,2016-12-10T18:00:00,E:\Cyclone-x-prototype\datas\HURSAT_NI\2016\2016341N08092\2016341N08092.VARDAH.2016.12.10.1800.36.MET-7.064.hursat-b1.v06.nc,2016-12-10T18:00:00,0.0,2,Severe Cyclone,HURSAT-B1 IRWIN/rad10,1.0,0,train
2016341N08092,2016-12-10T18:00:00,E:\Cyclone-x-prototype\datas\HURSAT_NI\2016\2016341N08092\2016341N08092.VARDAH.2016.12.10.1800.65.HIM-8.064.hursat-b1.v06.nc,2016-12-10T18:00:00,0.0,2,Severe Cyclone,HURSAT-B1 IRWIN/rad10,1.0,0,train
2016341N08092,2016-12-10T21:00:00,E:\Cyclone-x-prototype\datas\HURSAT_NI\2016\2016341N08092\2016341N08092.VARDAH.2016.12.10.2100.36.MET-7.066.hursat-b1.v06.nc,2016-12-10T21:00:00,0.0,2,Severe Cyclone,HURSAT-B1 IRWIN/rad10,1.0,0,train
2016341N08092,2016-12-10T21:00:00,E:\Cyclone-x-prototype\datas\HURSAT_NI\2016\2016341N08092\2016341N08092.VARDAH.2016.12.10.2100.65.HIM-8.066.hursat-b1.v06.nc,2016-12-10T21:00:00,0.0,2,Severe Cyclone,HURSAT-B1 IRWIN/rad10,1.0,0,train
2016341N08092,2016-12-11T00:00:00,E:\Cyclone-x-prototype\datas\HURSAT_NI\2016\2016341N08092\2016341N08092.VARDAH.2016.12.11.0000.35.MET-7.069.hursat-b1.v06.nc,2016-12-11T00:00:00,0.0,2,Severe Cyclone,HURSAT-B1 IRWIN/rad10,1.0,0,train
2016341N08092,2016-12-11T00:00:00,E:\Cyclone-x-prototype\datas\HURSAT_NI\2016\2016341N08092\2016341N08092.VARDAH.2016.12.11.0000.65.HIM-8.069.hursat-b1.v06.nc,2016-12-11T00:00:00,0.0,2,Severe Cyclone,HURSAT-B1 IRWIN/rad10,1.0,0,train
2016341N08092,2016-12-11T03:00:00,E:\Cyclone-x-prototype\datas\HURSAT_NI\2016\2016341N08092\2016341N08092.VARDAH.2016.12.11.0300.35.MET-7.070.hursat-b1.v06.nc,2016-12-11T03:00:00,0.0,2,Severe Cyclone,HURSAT-B1 IRWIN/rad10,1.0,0,train
2016341N08092,2016-12-11T03:00:00,E:\Cyclone-x-prototype\datas\HURSAT_NI\2016\2016341N08092\2016341N08092.VARDAH.2016.12.11.0300.66.HIM-8.070.hursat-b1.v06.nc,2016-12-11T03:00:00,0.0,2,Severe Cyclone,HURSAT-B1 IRWIN/rad10,1.0,0,train
2016341N08092,2016-12-11T06:00:00,E:\Cyclone-x-prototype\datas\HURSAT_NI\2016\2016341N08092\2016341N08092.VARDAH.2016.12.11.0600.35.MET-7.071.hursat-b1.v06.nc,2016-12-11T06:00:00,0.0,2,Severe Cyclone,HURSAT-B1 IRWIN/rad10,1.0,0,train
2016341N08092,2016-12-11T06:00:00,E:\Cyclone-x-prototype\datas\HURSAT_NI\2016\2016341N08092\2016341N08092.VARDAH.2016.12.11.0600.66.HIM-8.071.hursat-b1.v06.nc,2016-12-11T06:00:00,0.0,2,Severe Cyclone,HURSAT-B1 IRWIN/rad10,1.0,0,train
2016341N08092,2016-12-11T09:00:00,E:\Cyclone-x-prototype\datas\HURSAT_NI\2016\2016341N08092\2016341N08092.VARDAH.2016.12.11.0900.34.MET-7.071.hursat-b1.v06.nc,2016-12-11T09:00:00,0.0,2,Severe Cyclone,HURSAT-B1 IRWIN/rad10,1.0,0,train
2016341N08092,2016-12-11T09:00:00,E:\Cyclone-x-prototype\datas\HURSAT_NI\2016\2016341N08092\2016341N08092.VARDAH.2016.12.11.0900.67.HIM-8.071.hursat-b1.v06.nc,2016-12-11T09:00:00,0.0,2,Severe Cyclone,HURSAT-B1 IRWIN/rad10,1.0,0,train
2016341N08092,2016-12-11T12:00:00,E:\Cyclone-x-prototype\datas\HURSAT_NI\2016\2016341N08092\2016341N08092.VARDAH.2016.12.11.1200.34.MET-7.071.hursat-b1.v06.nc,2016-12-11T12:00:00,0.0,2,Severe Cyclone,HURSAT-B1 IRWIN/rad10,1.0,0,train
2016341N08092,2016-12-11T12:00:00,E:\Cyclone-x-prototype\datas\HURSAT_NI\2016\2016341N08092\2016341N08092.VARDAH.2016.12.11.1200.67.HIM-8.071.hursat-b1.v06.nc,2016-12-11T12:00:00,0.0,2,Severe Cyclone,HURSAT-B1 IRWIN/rad10,1.0,0,train
2016341N08092,2016-12-11T15:00:00,E:\Cyclone-x-prototype\datas\HURSAT_NI\2016\2016341N08092\2016341N08092.VARDAH.2016.12.11.1500.34.MET-7.071.hursat-b1.v06.nc,2016-12-11T15:00:00,0.0,2,Severe Cyclone,HURSAT-B1 IRWIN/rad10,1.0,0,train
2016341N08092,2016-12-11T15:00:00,E:\Cyclone-x-prototype\datas\HURSAT_NI\2016\2016341N08092\2016341N08092.VARDAH.2016.12.11.1500.67.HIM-8.071.hursat-b1.v06.nc,2016-12-11T15:00:00,0.0,2,Severe Cyclone,HURSAT-B1 IRWIN/rad10,1.0,0,train
2016341N08092,2016-12-11T18:00:00,E:\Cyclone-x-prototype\datas\HURSAT_NI\2016\2016341N08092\2016341N08092.VARDAH.2016.12.11.1800.33.MET-7.070.hursat-b1.v06.nc,2016-12-11T18:00:00,0.0,2,Severe Cyclone,HURSAT-B1 IRWIN/rad10,1.0,0,train
2016341N08092,2016-12-11T18:00:00,E:\Cyclone-x-prototype\datas\HURSAT_NI\2016\2016341N08092\2016341N08092.VARDAH.2016.12.11.1800.68.HIM-8.070.hursat-b1.v06.nc,2016-12-11T18:00:00,0.0,2,Severe Cyclone,HURSAT-B1 IRWIN/rad10,1.0,0,train
2016341N08092,2016-12-11T21:00:00,E:\Cyclone-x-prototype\datas\HURSAT_NI\2016\2016341N08092\2016341N08092.VARDAH.2016.12.11.2100.33.MET-7.072.hursat-b1.v06.nc,2016-12-11T21:00:00,0.0,2,Severe Cyclone,HURSAT-B1 IRWIN/rad10,1.0,0,train
2016341N08092,2016-12-11T21:00:00,E:\Cyclone-x-prototype\datas\HURSAT_NI\2016\2016341N08092\2016341N08092.VARDAH.2016.12.11.2100.68.HIM-8.072.hursat-b1.v06.nc,2016-12-11T21:00:00,0.0,2,Severe Cyclone,HURSAT-B1 IRWIN/rad10,1.0,0,train
2016341N08092,2016-12-12T00:00:00,E:\Cyclone-x-prototype\datas\HURSAT_NI\2016\2016341N08092\2016341N08092.VARDAH.2016.12.12.0000.33.MET-7.072.hursat-b1.v06.nc,2016-12-12T00:00:00,0.0,2,Severe Cyclone,HURSAT-B1 IRWIN/rad10,1.0,0,train
2016341N08092,2016-12-12T00:00:00,E:\Cyclone-x-prototype\datas\HURSAT_NI\2016\2016341N08092\2016341N08092.VARDAH.2016.12.12.0000.69.HIM-8.072.hursat-b1.v06.nc,2016-12-12T00:00:00,0.0,2,Severe Cyclone,HURSAT-B1 IRWIN/rad10,1.0,0,train
2016341N08092,2016-12-12T03:00:00,E:\Cyclone-x-prototype\datas\HURSAT_NI\2016\2016341N08092\2016341N08092.VARDAH.2016.12.12.0300.32.MET-7.072.hursat-b1.v06.nc,2016-12-12T03:00:00,0.0,2,Severe Cyclone,HURSAT-B1 IRWIN/rad10,1.0,0,train
2016341N08092,2016-12-12T03:00:00,E:\Cyclone-x-prototype\datas\HURSAT_NI\2016\2016341N08092\2016341N08092.VARDAH.2016.12.12.0300.69.HIM-8.072.hursat-b1.v06.nc,2016-12-12T03:00:00,0.0,2,Severe Cyclone,HURSAT-B1 IRWIN/rad10,1.0,0,train
2016341N08092,2016-12-12T06:00:00,E:\Cyclone-x-prototype\datas\HURSAT_NI\2016\2016341N08092\2016341N08092.VARDAH.2016.12.12.0600.32.MET-7.072.hursat-b1.v06.nc,2016-12-12T06:00:00,0.0,2,Severe Cyclone,HURSAT-B1 IRWIN/rad10,1.0,0,train
2016341N08092,2016-12-12T06:00:00,E:\Cyclone-x-prototype\datas\HURSAT_NI\2016\2016341N08092\2016341N08092.VARDAH.2016.12.12.0600.69.HIM-8.072.hursat-b1.v06.nc,2016-12-12T06:00:00,0.0,2,Severe Cyclone,HURSAT-B1 IRWIN/rad10,1.0,0,train
2016341N08092,2016-12-12T09:00:00,E:\Cyclone-x-prototype\datas\HURSAT_NI\2016\2016341N08092\2016341N08092.VARDAH.2016.12.12.0900.31.MET-7.062.hursat-b1.v06.nc,2016-12-12T09:00:00,0.0,1,Cyclonic Storm,HURSAT-B1 IRWIN/rad10,1.0,0,train
2016341N08092,2016-12-12T09:00:00,E:\Cyclone-x-prototype\datas\HURSAT_NI\2016\2016341N08092\2016341N08092.VARDAH.2016.12.12.0900.70.HIM-8.062.hursat-b1.v06.nc,2016-12-12T09:00:00,0.0,1,Cyclonic Storm,HURSAT-B1 IRWIN/rad10,1.0,0,train
2016341N08092,2016-12-12T12:00:00,E:\Cyclone-x-prototype\datas\HURSAT_NI\2016\2016341N08092\2016341N08092.VARDAH.2016.12.12.1200.31.MET-7.054.hursat-b1.v06.nc,2016-12-12T12:00:00,0.0,1,Cyclonic Storm,HURSAT-B1 IRWIN/rad10,1.0,0,train
2016341N08092,2016-12-12T12:00:00,E:\Cyclone-x-prototype\datas\HURSAT_NI\2016\2016341N08092\2016341N08092.VARDAH.2016.12.12.1200.70.HIM-8.054.hursat-b1.v06.nc,2016-12-12T12:00:00,0.0,1,Cyclonic Storm,HURSAT-B1 IRWIN/rad10,1.0,0,train
2016341N08092,2016-12-12T15:00:00,E:\Cyclone-x-prototype\datas\HURSAT_NI\2016\2016341N08092\2016341N08092.VARDAH.2016.12.12.1500.30.MET-7.045.hursat-b1.v06.nc,2016-12-12T15:00:00,0.0,1,Cyclonic Storm,HURSAT-B1 IRWIN/rad10,1.0,0,train
2016341N08092,2016-12-12T15:00:00,E:\Cyclone-x-prototype\datas\HURSAT_NI\2016\2016341N08092\2016341N08092.VARDAH.2016.12.12.1500.71.HIM-8.045.hursat-b1.v06.nc,2016-12-12T15:00:00,0.0,1,Cyclonic Storm,HURSAT-B1 IRWIN/rad10,1.0,0,train
2016341N08092,2016-12-12T18:00:00,E:\Cyclone-x-prototype\datas\HURSAT_NI\2016\2016341N08092\2016341N08092.VARDAH.2016.12.12.1800.30.MET-7.037.hursat-b1.v06.nc,2016-12-12T18:00:00,0.0,0,Depression / Weak System,HURSAT-B1 IRWIN/rad10,1.0,0,train
2016341N08092,2016-12-12T18:00:00,E:\Cyclone-x-prototype\datas\HURSAT_NI\2016\2016341N08092\2016341N08092.VARDAH.2016.12.12.1800.71.HIM-8.037.hursat-b1.v06.nc,2016-12-12T18:00:00,0.0,0,Depression / Weak System,HURSAT-B1 IRWIN/rad10,1.0,0,train
2016341N08092,2016-12-12T21:00:00,E:\Cyclone-x-prototype\datas\HURSAT_NI\2016\2016341N08092\2016341N08092.VARDAH.2016.12.12.2100.29.MET-7.035.hursat-b1.v06.nc,2016-12-12T18:00:00,3.0,0,Depression / Weak System,HURSAT-B1 IRWIN/rad10,1.0,0,train
2016341N08092,2016-12-12T21:00:00,E:\Cyclone-x-prototype\datas\HURSAT_NI\2016\2016341N08092\2016341N08092.VARDAH.2016.12.12.2100.72.HIM-8.035.hursat-b1.v06.nc,2016-12-12T18:00:00,3.0,0,Depression / Weak System,HURSAT-B1 IRWIN/rad10,1.0,0,train
2016341N08092,2016-12-13T00:00:00,E:\Cyclone-x-prototype\datas\HURSAT_NI\2016\2016341N08092\2016341N08092.VARDAH.2016.12.13.0000.29.MET-7.026.hursat-b1.v06.nc,2016-12-13T00:00:00,0.0,0,Depression / Weak System,HURSAT-B1 IRWIN/rad10,1.0,0,train
2016341N08092,2016-12-13T00:00:00,E:\Cyclone-x-prototype\datas\HURSAT_NI\2016\2016341N08092\2016341N08092.VARDAH.2016.12.13.0000.72.HIM-8.026.hursat-b1.v06.nc,2016-12-13T00:00:00,0.0,0,Depression / Weak System,HURSAT-B1 IRWIN/rad10,1.0,0,train
2016341N08092,2016-12-13T03:00:00,E:\Cyclone-x-prototype\datas\HURSAT_NI\2016\2016341N08092\2016341N08092.VARDAH.2016.12.13.0300.28.MET-7.024.hursat-b1.v06.nc,2016-12-13T00:00:00,3.0,0,Depression / Weak System,HURSAT-B1 IRWIN/rad10,1.0,0,train
2016341N08092,2016-12-13T03:00:00,E:\Cyclone-x-prototype\datas\HURSAT_NI\2016\2016341N08092\2016341N08092.VARDAH.2016.12.13.0300.73.HIM-8.024.hursat-b1.v06.nc,2016-12-13T00:00:00,3.0,0,Depression / Weak System,HURSAT-B1 IRWIN/rad10,1.0,0,train
2016341N08092,2016-12-16T18:00:00,E:\Cyclone-x-prototype\datas\HURSAT_NI\2016\2016341N08092\2016341N08092.VARDAH.2016.12.16.1800.16.MET-7.026.hursat-b1.v06.nc,2016-12-16T21:00:00,3.0,0,Depression / Weak System,HURSAT-B1 IRWIN/rad10,1.0,0,train
2016341N08092,2016-12-16T18:00:00,E:\Cyclone-x-prototype\datas\HURSAT_NI\2016\2016341N08092\2016341N08092.VARDAH.2016.12.16.1800.74.MSG-3.026.hursat-b1.v06.nc,2016-12-16T21:00:00,3.0,0,Depression / Weak System,HURSAT-B1 IRWIN/rad10,1.0,0,train
2016341N08092,2016-12-16T21:00:00,E:\Cyclone-x-prototype\datas\HURSAT_NI\2016\2016341N08092\2016341N08092.VARDAH.2016.12.16.2100.15.MET-7.026.hursat-b1.v06.nc,2016-12-16T21:00:00,0.0,0,Depression / Weak System,HURSAT-B1 IRWIN/rad10,1.0,0,train
2016341N08092,2016-12-16T21:00:00,E:\Cyclone-x-prototype\datas\HURSAT_NI\2016\2016341N08092\2016341N08092.VARDAH.2016.12.16.2100.72.MSG-3.026.hursat-b1.v06.nc,2016-12-16T21:00:00,0.0,0,Depression / Weak System,HURSAT-B1 IRWIN/rad10,1.0,0,train
2016341N08092,2016-12-17T00:00:00,E:\Cyclone-x-prototype\datas\HURSAT_NI\2016\2016341N08092\2016341N08092.VARDAH.2016.12.17.0000.14.MET-7.026.hursat-b1.v06.nc,2016-12-17T00:00:00,0.0,0,Depression / Weak System,HURSAT-B1 IRWIN/rad10,1.0,0,train
2016341N08092,2016-12-17T00:00:00,E:\Cyclone-x-prototype\datas\HURSAT_NI\2016\2016341N08092\2016341N08092.VARDAH.2016.12.17.0000.71.MSG-3.026.hursat-b1.v06.nc,2016-12-17T00:00:00,0.0,0,Depression / Weak System,HURSAT-B1 IRWIN/rad10,1.0,0,train
2016341N08092,2016-12-17T03:00:00,E:\Cyclone-x-prototype\datas\HURSAT_NI\2016\2016341N08092\2016341N08092.VARDAH.2016.12.17.0300.14.MET-7.026.hursat-b1.v06.nc,2016-12-17T00:00:00,3.0,0,Depression / Weak System,HURSAT-B1 IRWIN/rad10,1.0,0,train
2016341N08092,2016-12-17T03:00:00,E:\Cyclone-x-prototype\datas\HURSAT_NI\2016\2016341N08092\2016341N08092.VARDAH.2016.12.17.0300.71.MSG-3.026.hursat-b1.v06.nc,2016-12-17T00:00:00,3.0,0,Depression / Weak System,HURSAT-B1 IRWIN/rad10,1.0,0,train
2016341N08092,2016-12-17T06:00:00,E:\Cyclone-x-prototype\datas\HURSAT_NI\2016\2016341N08092\2016341N08092.VARDAH.2016.12.17.0600.14.MET-7.026.hursat-b1.v06.nc,2016-12-17T06:00:00,0.0,0,Depression / Weak System,HURSAT-B1 IRWIN/rad10,1.0,0,train
2016341N08092,2016-12-17T06:00:00,E:\Cyclone-x-prototype\datas\HURSAT_NI\2016\2016341N08092\2016341N08092.VARDAH.2016.12.17.0600.70.MSG-3.026.hursat-b1.v06.nc,2016-12-17T06:00:00,0.0,0,Depression / Weak System,HURSAT-B1 IRWIN/rad10,1.0,0,train
